file	script	offset	opcode	time	size	mask	payload
ascii.anm	0	4032	3	0	12	0	85000000
ascii.anm	0	4044	30	0	12	0	01000000
ascii.anm	0	4056	23	0	8	0	
ascii.anm	0	4064	21	0	12	0	01000000
ascii.anm	0	4076	8	0	12	0	00000000
ascii.anm	0	4088	34	0	20	0	1e00000000000000ff000000
ascii.anm	0	4108	6	0	20	0	00009c4300009c4300000000
ascii.anm	0	4128	32	100	28	0	1e0000000400000000009c430000204200000000
ascii.anm	0	4156	20	130	8	0	
ascii.anm	0	4164	21	130	12	0	02000000
ascii.anm	0	4176	32	130	28	0	1e00000004000000000008440000204200000000
ascii.anm	0	4204	23	160	8	0	
ascii.anm	0	4212	1	160	8	0	
ascii.anm	0	4220	-1	0	0	0	
ascii.anm	1	4228	3	0	12	0	86000000
ascii.anm	1	4240	30	0	12	0	01000000
ascii.anm	1	4252	23	0	8	0	
ascii.anm	1	4260	21	0	12	0	01000000
ascii.anm	1	4272	8	0	12	0	00000000
ascii.anm	1	4284	34	0	20	0	1e00000000000000ff000000
ascii.anm	1	4304	6	0	20	0	0000b0420000ac4300000000
ascii.anm	1	4324	32	100	28	0	1e000000040000000000b0420000dc4300000000
ascii.anm	1	4352	20	130	8	0	
ascii.anm	1	4360	21	130	12	0	02000000
ascii.anm	1	4372	32	130	28	0	1e00000004000000000060c30000dc4300000000
ascii.anm	1	4400	23	160	8	0	
ascii.anm	1	4408	1	160	8	0	
ascii.anm	1	4416	-1	0	0	0	
ascii.anm	2	4424	3	0	12	0	87000000
ascii.anm	2	4436	30	0	12	0	01000000
ascii.anm	2	4448	23	0	8	0	
ascii.anm	2	4456	21	0	12	0	01000000
ascii.anm	2	4468	8	0	12	0	00000000
ascii.anm	2	4480	34	0	20	0	1e00000000000000ff000000
ascii.anm	2	4500	6	0	20	0	00009a430000ac4300000000
ascii.anm	2	4520	32	30	28	0	1e0000000000000000009a430000a24300000000
ascii.anm	2	4548	32	100	28	0	1e0000000400000000009a430000504200000000
ascii.anm	2	4576	20	130	8	0	
ascii.anm	2	4584	21	130	12	0	02000000
ascii.anm	2	4596	34	130	20	0	1e0000000000000000000000
ascii.anm	2	4616	23	160	8	0	
ascii.anm	2	4624	1	160	8	0	
ascii.anm	2	4632	-1	0	0	0	
ascii.anm	3	4640	3	0	12	0	82000000
ascii.anm	3	4652	30	0	12	0	01000000
ascii.anm	3	4664	23	0	8	0	
ascii.anm	3	4672	21	0	12	0	01000000
ascii.anm	3	4684	8	0	12	0	00000000
ascii.anm	3	4696	7	30	16	0	0000004100000041
ascii.anm	3	4712	36	30	24	0	1e000000000000000000803f0000803f
ascii.anm	3	4736	34	30	20	0	1e00000000000000ff000000
ascii.anm	3	4756	6	30	20	0	000024430000b84300000000
ascii.anm	3	4776	32	30	28	0	28000000010000000000a6430000b84300000000
ascii.anm	3	4804	4	1030	16	0	a40000001e000000
ascii.anm	3	4820	-1	0	0	0	
ascii.anm	4	4828	3	0	12	0	88000000
ascii.anm	4	4840	30	0	12	0	01000000
ascii.anm	4	4852	2	0	8	0	
ascii.anm	4	4860	-1	0	0	0	
ascii.anm	5	4868	3	0	12	0	9b000000
ascii.anm	5	4880	30	0	12	0	01000000
ascii.anm	5	4892	22	0	8	0	
ascii.anm	5	4900	21	0	12	0	ffffffff
ascii.anm	5	4912	23	0	8	0	
ascii.anm	5	4920	21	0	12	0	01000000
ascii.anm	5	4932	34	0	20	0	0f00000000000000ff000000
ascii.anm	5	4952	6	0	20	0	000000420080e84300000000
ascii.anm	5	4972	32	0	28	0	2800000000000000000000420080e04300000000
ascii.anm	5	5000	20	40	8	0	
ascii.anm	5	5008	21	40	12	0	02000000
ascii.anm	5	5020	34	40	20	0	0f0000000000000040000000
ascii.anm	5	5040	20	55	8	0	
ascii.anm	5	5048	21	55	12	0	03000000
ascii.anm	5	5060	34	55	20	0	0f00000000000000ff000000
ascii.anm	5	5080	20	70	8	0	
ascii.anm	5	5088	-1	0	0	0	
ascii.anm	6	5096	3	0	12	0	99000000
ascii.anm	6	5108	30	0	12	0	01000000
ascii.anm	6	5120	22	0	8	0	
ascii.anm	6	5128	21	0	12	0	ffffffff
ascii.anm	6	5140	6	0	20	0	0000b0420080e04300000000
ascii.anm	6	5160	8	0	12	0	00000000
ascii.anm	6	5172	23	0	8	0	
ascii.anm	6	5180	21	0	12	0	01000000
ascii.anm	6	5192	8	0	12	0	00000000
ascii.anm	6	5204	34	60	20	0	2800000000000000ff000000
ascii.anm	6	5224	20	100	8	0	
ascii.anm	6	5232	21	100	12	0	02000000
ascii.anm	6	5244	34	100	20	0	0f0000000000000040000000
ascii.anm	6	5264	20	115	8	0	
ascii.anm	6	5272	21	115	12	0	03000000
ascii.anm	6	5284	34	115	20	0	0f00000000000000ff000000
ascii.anm	6	5304	20	130	8	0	
ascii.anm	6	5312	-1	0	0	0	
ascii.anm	7	5320	3	0	12	0	9a000000
ascii.anm	7	5332	30	0	12	0	01000000
ascii.anm	7	5344	22	0	8	0	
ascii.anm	7	5352	21	0	12	0	ffffffff
ascii.anm	7	5364	6	0	20	0	0000b0420080e04300000000
ascii.anm	7	5384	23	0	8	0	
ascii.anm	7	5392	21	0	12	0	01000000
ascii.anm	7	5404	8	0	12	0	00000000
ascii.anm	7	5416	34	60	20	0	2800000000000000ff000000
ascii.anm	7	5436	20	100	8	0	
ascii.anm	7	5444	21	100	12	0	02000000
ascii.anm	7	5456	34	100	20	0	0f0000000000000040000000
ascii.anm	7	5476	20	115	8	0	
ascii.anm	7	5484	21	115	12	0	03000000
ascii.anm	7	5496	34	115	20	0	0f00000000000000ff000000
ascii.anm	7	5516	20	130	8	0	
ascii.anm	7	5524	-1	0	0	0	
ascii.anm	8	5532	3	0	12	0	98000000
ascii.anm	8	5544	30	0	12	0	01000000
ascii.anm	8	5556	21	0	12	0	ffffffff
ascii.anm	8	5568	23	0	8	0	
ascii.anm	8	5576	21	0	12	0	01000000
ascii.anm	8	5588	8	0	12	0	00000000
ascii.anm	8	5600	6	0	20	0	000010430080e24300000000
ascii.anm	8	5620	34	60	20	0	2800000000000000ff000000
ascii.anm	8	5640	20	100	8	0	
ascii.anm	8	5648	21	100	12	0	02000000
ascii.anm	8	5660	34	100	20	0	0f0000000000000040000000
ascii.anm	8	5680	20	115	8	0	
ascii.anm	8	5688	21	115	12	0	03000000
ascii.anm	8	5700	34	115	20	0	0f00000000000000ff000000
ascii.anm	8	5720	20	130	8	0	
ascii.anm	8	5728	-1	0	0	0	
ascii.anm	9	5736	3	0	12	0	9c000000
ascii.anm	9	5748	30	0	12	0	01000000
ascii.anm	9	5760	36	0	24	0	1e000000040000009a99993f9a99993f
ascii.anm	9	5784	36	30	24	0	1e00000001000000cdcc4c3fcdcc4c3f
ascii.anm	9	5808	4	60	16	0	1800000000000000
ascii.anm	9	5824	-1	0	0	0	
ascii.anm	10	5832	3	0	12	0	9d000000
ascii.anm	10	5844	30	0	12	0	01000000
ascii.anm	10	5856	8	0	12	0	00000000
ascii.anm	10	5868	21	0	12	0	ffffffff
ascii.anm	10	5880	23	0	8	0	
ascii.anm	10	5888	21	0	12	0	01000000
ascii.anm	10	5900	34	0	20	0	1e00000000000000ff000000
ascii.anm	10	5920	20	30	8	0	
ascii.anm	10	5928	21	30	12	0	ffffffff
ascii.anm	10	5940	23	30	8	0	
ascii.anm	10	5948	21	30	12	0	02000000
ascii.anm	10	5960	34	30	20	0	1e0000000000000000000000
ascii.anm	10	5980	23	60	8	0	
ascii.anm	10	5988	-1	0	0	0	
ascii.anm	11	5996	3	0	12	0	9f000000
ascii.anm	11	6008	30	0	12	0	01000000
ascii.anm	11	6020	8	0	12	0	00000000
ascii.anm	11	6032	6	0	20	0	000060430000704300000000
ascii.anm	11	6052	34	0	20	0	7800000000000000ff000000
ascii.anm	11	6072	34	120	20	0	3c0000000000000040000000
ascii.anm	11	6092	4	180	16	0	3800000000000000
ascii.anm	11	6108	-1	0	0	0	
ascii.anm	12	271748	3	0	12	0	0c010000
ascii.anm	12	271760	6	0	20	0	000060430000404300000000
ascii.anm	12	271780	8	0	12	0	00000000
ascii.anm	12	271792	23	0	8	0	
ascii.anm	12	271800	21	0	12	0	01000000
ascii.anm	12	271812	34	0	20	0	1400000000000000ff000000
ascii.anm	12	271832	32	0	28	0	1400000000000000000060430000404300000000
ascii.anm	12	271860	20	20	8	0	
ascii.anm	12	271868	21	20	12	0	02000000
ascii.anm	12	271880	34	20	20	0	140000000000000000000000
ascii.anm	12	271900	32	20	28	0	1400000000000000000060430000404300000000
ascii.anm	12	271928	23	40	8	0	
ascii.anm	12	271936	-1	0	0	0	
ascii.anm	13	271944	3	0	12	0	0d010000
ascii.anm	13	271956	6	0	20	0	000080430000804300000000
ascii.anm	13	271976	8	0	12	0	00000000
ascii.anm	13	271988	23	0	8	0	
ascii.anm	13	271996	21	0	12	0	01000000
ascii.anm	13	272008	34	0	20	0	1400000000000000ff000000
ascii.anm	13	272028	32	0	28	0	1400000000000000000060430000804300000000
ascii.anm	13	272056	20	20	8	0	
ascii.anm	13	272064	21	20	12	0	02000000
ascii.anm	13	272076	34	20	20	0	140000000000000000000000
ascii.anm	13	272096	32	20	28	0	1400000000000000000080430000804300000000
ascii.anm	13	272124	23	40	8	0	
ascii.anm	13	272132	-1	0	0	0	
ascii.anm	14	272140	3	0	12	0	0e010000
ascii.anm	14	272152	6	0	20	0	000040430000924300000000
ascii.anm	14	272172	8	0	12	0	00000000
ascii.anm	14	272184	23	0	8	0	
ascii.anm	14	272192	21	0	12	0	01000000
ascii.anm	14	272204	34	0	20	0	1400000000000000ff000000
ascii.anm	14	272224	32	0	28	0	1400000000000000000060430000924300000000
ascii.anm	14	272252	20	20	8	0	
ascii.anm	14	272260	21	20	12	0	02000000
ascii.anm	14	272272	34	20	20	0	140000000000000000000000
ascii.anm	14	272292	32	20	28	0	1400000000000000000040430000924300000000
ascii.anm	14	272320	23	40	8	0	
ascii.anm	14	272328	-1	0	0	0	
ascii.anm	15	272336	3	0	12	0	0f010000
ascii.anm	15	272348	6	0	20	0	000070430000a44300000000
ascii.anm	15	272368	8	0	12	0	00000000
ascii.anm	15	272380	23	0	8	0	
ascii.anm	15	272388	21	0	12	0	01000000
ascii.anm	15	272400	34	0	20	0	1400000000000000ff000000
ascii.anm	15	272420	32	0	28	0	1400000000000000000060430000a44300000000
ascii.anm	15	272448	20	20	8	0	
ascii.anm	15	272456	21	20	12	0	02000000
ascii.anm	15	272468	34	20	20	0	140000000000000000000000
ascii.anm	15	272488	32	20	28	0	1400000000000000000070430000a44300000000
ascii.anm	15	272516	23	40	8	0	
ascii.anm	15	272524	-1	0	0	0	
ascii.anm	16	272532	3	0	12	0	10010000
ascii.anm	16	272544	6	0	20	0	000060430000404300000000
ascii.anm	16	272564	8	0	12	0	00000000
ascii.anm	16	272576	23	0	8	0	
ascii.anm	16	272584	21	0	12	0	01000000
ascii.anm	16	272596	34	0	20	0	1400000000000000ff000000
ascii.anm	16	272616	32	0	28	0	1400000000000000000060430000404300000000
ascii.anm	16	272644	20	20	8	0	
ascii.anm	16	272652	21	20	12	0	02000000
ascii.anm	16	272664	34	20	20	0	140000000000000000000000
ascii.anm	16	272684	32	20	28	0	1400000000000000000060430000404300000000
ascii.anm	16	272712	23	40	8	0	
ascii.anm	16	272720	-1	0	0	0	
ascii.anm	17	272728	3	0	12	0	13010000
ascii.anm	17	272740	6	0	20	0	000060430000804300000000
ascii.anm	17	272760	8	0	12	0	00000000
ascii.anm	17	272772	23	0	8	0	
ascii.anm	17	272780	21	0	12	0	01000000
ascii.anm	17	272792	34	0	20	0	1400000000000000ff000000
ascii.anm	17	272812	32	0	28	0	1400000000000000000060430000804300000000
ascii.anm	17	272840	20	20	8	0	
ascii.anm	17	272848	21	20	12	0	02000000
ascii.anm	17	272860	34	20	20	0	140000000000000000000000
ascii.anm	17	272880	32	20	28	0	1400000000000000000060430000804300000000
ascii.anm	17	272908	23	40	8	0	
ascii.anm	17	272916	-1	0	0	0	
ascii.anm	18	272924	3	0	12	0	14010000
ascii.anm	18	272936	6	0	20	0	000060430000924300000000
ascii.anm	18	272956	8	0	12	0	00000000
ascii.anm	18	272968	23	0	8	0	
ascii.anm	18	272976	21	0	12	0	01000000
ascii.anm	18	272988	34	0	20	0	1400000000000000ff000000
ascii.anm	18	273008	32	0	28	0	1400000000000000000060430000924300000000
ascii.anm	18	273036	20	20	8	0	
ascii.anm	18	273044	21	20	12	0	02000000
ascii.anm	18	273056	34	20	20	0	140000000000000000000000
ascii.anm	18	273076	32	20	28	0	1400000000000000000060430000924300000000
ascii.anm	18	273104	23	40	8	0	
ascii.anm	18	273112	-1	0	0	0	
ascii.anm	19	273120	3	0	12	0	1b010000
ascii.anm	19	273132	22	0	8	0	
ascii.anm	19	273140	6	0	20	0	0000ac430000de4300000000
ascii.anm	19	273160	8	0	12	0	00000000
ascii.anm	19	273172	21	0	12	0	01000000
ascii.anm	19	273184	34	0	20	0	1400000000000000ff000000
ascii.anm	19	273204	20	20	8	0	
ascii.anm	19	273212	21	20	12	0	02000000
ascii.anm	19	273224	34	20	20	0	140000000000000000000000
ascii.anm	19	273244	23	40	8	0	
ascii.anm	19	273252	-1	0	0	0	
ascii.anm	20	273260	3	0	12	0	22010000
ascii.anm	20	273272	22	0	8	0	
ascii.anm	20	273280	6	0	20	0	0000ac430000d64300000000
ascii.anm	20	273300	8	0	12	0	00000000
ascii.anm	20	273312	21	0	12	0	01000000
ascii.anm	20	273324	34	0	20	0	1400000000000000ff000000
ascii.anm	20	273344	20	20	8	0	
ascii.anm	20	273352	21	20	12	0	02000000
ascii.anm	20	273364	34	20	20	0	140000000000000000000000
ascii.anm	20	273384	23	40	8	0	
ascii.anm	20	273392	-1	0	0	0	
ascii.anm	21	273400	3	0	12	0	21010000
ascii.anm	21	273412	22	0	8	0	
ascii.anm	21	273420	6	0	20	0	0000ac430000ce4300000000
ascii.anm	21	273440	8	0	12	0	00000000
ascii.anm	21	273452	21	0	12	0	01000000
ascii.anm	21	273464	34	0	20	0	1400000000000000ff000000
ascii.anm	21	273484	20	20	8	0	
ascii.anm	21	273492	21	20	12	0	02000000
ascii.anm	21	273504	34	20	20	0	140000000000000000000000
ascii.anm	21	273524	23	40	8	0	
ascii.anm	21	273532	-1	0	0	0	
ascii.anm	22	273540	3	0	12	0	11010000
ascii.anm	22	273552	6	0	20	0	000060430000404300000000
ascii.anm	22	273572	8	0	12	0	00000000
ascii.anm	22	273584	23	0	8	0	
ascii.anm	22	273592	21	0	12	0	01000000
ascii.anm	22	273604	34	0	20	0	1400000000000000ff000000
ascii.anm	22	273624	32	0	28	0	1400000000000000000060430000404300000000
ascii.anm	22	273652	20	20	8	0	
ascii.anm	22	273660	21	20	12	0	02000000
ascii.anm	22	273672	34	20	20	0	140000000000000000000000
ascii.anm	22	273692	32	20	28	0	1400000000000000000060430000404300000000
ascii.anm	22	273720	23	40	8	0	
ascii.anm	22	273728	-1	0	0	0	
ascii.anm	23	273736	3	0	12	0	13010000
ascii.anm	23	273748	6	0	20	0	000060430000904300000000
ascii.anm	23	273768	8	0	12	0	00000000
ascii.anm	23	273780	23	0	8	0	
ascii.anm	23	273788	21	0	12	0	01000000
ascii.anm	23	273800	34	0	20	0	1400000000000000ff000000
ascii.anm	23	273820	32	0	28	0	1400000000000000000060430000904300000000
ascii.anm	23	273848	20	20	8	0	
ascii.anm	23	273856	21	20	12	0	02000000
ascii.anm	23	273868	34	20	20	0	140000000000000000000000
ascii.anm	23	273888	32	20	28	0	1400000000000000000060430000904300000000
ascii.anm	23	273916	23	40	8	0	
ascii.anm	23	273924	-1	0	0	0	
ascii.anm	24	273932	3	0	12	0	14010000
ascii.anm	24	273944	6	0	20	0	000060430000a24300000000
ascii.anm	24	273964	8	0	12	0	00000000
ascii.anm	24	273976	23	0	8	0	
ascii.anm	24	273984	21	0	12	0	01000000
ascii.anm	24	273996	34	0	20	0	1400000000000000ff000000
ascii.anm	24	274016	32	0	28	0	1400000000000000000060430000a24300000000
ascii.anm	24	274044	20	20	8	0	
ascii.anm	24	274052	21	20	12	0	02000000
ascii.anm	24	274064	34	20	20	0	140000000000000000000000
ascii.anm	24	274084	32	20	28	0	1400000000000000000060430000a24300000000
ascii.anm	24	274112	23	40	8	0	
ascii.anm	24	274120	-1	0	0	0	
ascii.anm	25	274128	3	0	12	0	1b010000
ascii.anm	25	274140	22	0	8	0	
ascii.anm	25	274148	6	0	20	0	00000a440000484300000000
ascii.anm	25	274168	8	0	12	0	00000000
ascii.anm	25	274180	21	0	12	0	01000000
ascii.anm	25	274192	34	60	20	0	1400000000000000ff000000
ascii.anm	25	274212	20	80	8	0	
ascii.anm	25	274220	21	80	12	0	02000000
ascii.anm	25	274232	34	80	20	0	140000000000000000000000
ascii.anm	25	274252	23	100	8	0	
ascii.anm	25	274260	-1	0	0	0	
ascii.anm	26	274268	3	0	12	0	1a010000
ascii.anm	26	274280	22	0	8	0	
ascii.anm	26	274288	6	0	20	0	0000f4430000b04200000000
ascii.anm	26	274308	4	10000	16	0	2800000000000000
ascii.anm	26	274324	-1	0	0	0	
capture.anm	0	192	3	0	12	0	00000000
capture.anm	0	204	7	0	16	0	0000404000006040
capture.anm	0	220	22	0	8	0	
capture.anm	0	228	9	0	20	0	800000003000000010000000
capture.anm	0	248	8	0	12	0	00000000
capture.anm	0	260	15	0	16	0	ff0000001e000000
capture.anm	0	276	20	30	8	0	
capture.anm	0	284	21	30	12	0	01000000
capture.anm	0	296	15	30	16	0	000000001e000000
capture.anm	0	312	23	60	8	0	
capture.anm	0	320	-1	0	0	0	
capture.anm	1	328	3	0	12	0	01000000
capture.anm	1	340	30	0	12	0	01000000
capture.anm	1	352	13	0	20	0	5077d63d000000005077d63d
capture.anm	1	372	8	0	12	0	ff000000
capture.anm	1	384	34	0	20	0	2800000000000000a0000000
capture.anm	1	404	9	0	20	0	ff000000ff000000ff000000
capture.anm	1	424	33	0	28	0	280000000000000060000000c0000000ff000000
capture.anm	1	452	7	0	16	0	0000803f0000803f
capture.anm	1	468	36	0	24	0	2800000000000000cdcccc3ecdcccc3e
capture.anm	1	492	6	0	20	0	000060430000704300000000
capture.anm	1	512	32	0	28	0	28000000000000000000c0420000804300000000
capture.anm	1	540	13	40	20	0	000000000000000000000000
capture.anm	1	560	12	40	20	0	000000000000000000000000
capture.anm	1	580	20	40	8	0	
capture.anm	1	588	21	40	12	0	01000000
capture.anm	1	600	1	40	8	0	
capture.anm	1	608	-1	0	0	0	
capture.anm	2	616	3	0	12	0	01000000
capture.anm	2	628	30	0	12	0	01000000
capture.anm	2	640	7	0	16	0	0000000000000000
capture.anm	2	656	6	0	20	0	000060430000704300000000
capture.anm	2	676	79	1	12	1	18270000
capture.anm	2	688	13	1	20	0	5077d63d000000005077d63d
capture.anm	2	708	34	1	20	0	280000000000000000000000
capture.anm	2	728	9	1	20	0	ff000000ff000000ff000000
capture.anm	2	748	33	1	28	0	280000000000000080000000c0000000f4000000
capture.anm	2	776	7	1	16	0	0000803f0000803f
capture.anm	2	792	36	1	24	0	2800000000000000cdcccc3ecdcccc3e
capture.anm	2	816	32	1	28	0	28000000000000000000c0420000804300000000
capture.anm	2	844	13	41	20	0	000000000000000000000000
capture.anm	2	864	12	41	20	0	000000000000000000000000
capture.anm	2	884	23	41	8	0	
capture.anm	2	892	21	41	12	0	01000000
capture.anm	2	904	1	41	8	0	
capture.anm	2	912	-1	0	0	0	
capture.anm	3	920	3	0	12	0	02000000
capture.anm	3	932	79	1	12	1	18270000
capture.anm	3	944	36	1	24	0	3c000000010000000000000000000000
capture.anm	3	968	34	1	20	0	3c0000000100000000000000
capture.anm	3	988	13	1	20	0	5077d63c5077d63cfdad803d
capture.anm	3	1008	1	61	8	0	
capture.anm	3	1016	-1	0	0	0	
capture.anm	4	1024	3	0	12	0	02000000
capture.anm	4	1036	79	1	12	1	18270000
capture.anm	4	1048	36	1	24	0	3c000000010000000000000000000000
capture.anm	4	1072	34	1	20	0	3c0000000100000000000000
capture.anm	4	1092	13	1	20	0	5077d63c5077d63cfdad803d
capture.anm	4	1112	1	61	8	0	
capture.anm	4	1120	-1	0	0	0	
eff01.anm	0	128	3	0	12	0	00000000
eff01.anm	0	140	22	0	8	0	
eff01.anm	0	148	6	0	20	0	00000042000080410000003f
eff01.anm	0	168	8	0	12	0	00000000
eff01.anm	0	180	15	0	16	0	ff0000003c000000
eff01.anm	0	196	27	0	12	0	8988083c
eff01.anm	0	208	4	1	16	0	4400000000000000
eff01.anm	0	224	-1	0	0	0	
eff01.anm	1	131448	3	0	12	0	01000000
eff01.anm	1	131460	22	0	8	0	
eff01.anm	1	131468	6	0	20	0	00000042000080410000003f
eff01.anm	1	131488	8	0	12	0	00000000
eff01.anm	1	131500	15	0	16	0	ff0000003c000000
eff01.anm	1	131516	27	0	12	0	898808bb
eff01.anm	1	131528	4	1	16	0	4400000000000000
eff01.anm	1	131544	-1	0	0	0	
eff02.anm	0	128	3	0	12	0	00000000
eff02.anm	0	140	22	0	8	0	
eff02.anm	0	148	6	0	20	0	00000042000080410000003f
eff02.anm	0	168	8	0	12	0	00000000
eff02.anm	0	180	15	0	16	0	ff0000003c000000
eff02.anm	0	196	27	0	12	0	8988083c
eff02.anm	0	208	26	0	12	0	8988883b
eff02.anm	0	220	4	1	16	0	4400000000000000
eff02.anm	0	236	-1	0	0	0	
eff02.anm	1	131460	3	0	12	0	01000000
eff02.anm	1	131472	22	0	8	0	
eff02.anm	1	131480	6	0	20	0	00000042000080410000003f
eff02.anm	1	131500	8	0	12	0	00000000
eff02.anm	1	131512	15	0	16	0	ff0000003c000000
eff02.anm	1	131528	27	0	12	0	cdcc4c3b
eff02.anm	1	131540	26	0	12	0	cdcc4cbb
eff02.anm	1	131552	4	1	16	0	4400000000000000
eff02.anm	1	131568	-1	0	0	0	
eff03.anm	0	128	3	0	12	0	00000000
eff03.anm	0	140	22	0	8	0	
eff03.anm	0	148	6	0	20	0	00000042000080410000003f
eff03.anm	0	168	8	0	12	0	00000000
eff03.anm	0	180	15	0	16	0	ff0000003c000000
eff03.anm	0	196	7	0	16	0	0000c03f0000e03f
eff03.anm	0	212	4	10000	16	0	5400000000000000
eff03.anm	0	228	-1	0	0	0	
eff03.anm	1	131452	3	0	12	0	01000000
eff03.anm	1	131464	22	0	8	0	
eff03.anm	1	131472	6	0	20	0	00000042000080410000003f
eff03.anm	1	131492	8	0	12	0	00000000
eff03.anm	1	131504	15	0	16	0	ff0000003c000000
eff03.anm	1	131520	27	0	12	0	8988083c
eff03.anm	1	131532	26	0	12	0	8988883b
eff03.anm	1	131544	4	1	16	0	4400000000000000
eff03.anm	1	131560	-1	0	0	0	
eff04a.anm	0	128	3	0	12	0	00000000
eff04a.anm	0	140	22	0	8	0	
eff04a.anm	0	148	6	0	20	0	00000042000080410000003f
eff04a.anm	0	168	8	0	12	0	00000000
eff04a.anm	0	180	15	0	16	0	ff0000003c000000
eff04a.anm	0	196	7	0	16	0	0000c03f0000e03f
eff04a.anm	0	212	4	10000	16	0	5400000000000000
eff04a.anm	0	228	-1	0	0	0	
eff04a.anm	1	131452	3	0	12	0	01000000
eff04a.anm	1	131464	7	0	16	0	4183134041831340
eff04a.anm	1	131480	6	0	20	0	00006043000070430000003f
eff04a.anm	1	131500	8	0	12	0	00000000
eff04a.anm	1	131512	15	0	16	0	ff0000003c000000
eff04a.anm	1	131528	13	0	20	0	0000000000000000fdad00bc
eff04a.anm	1	131548	4	10000	16	0	6000000000000000
eff04a.anm	1	131564	-1	0	0	0	
eff04b.anm	0	128	3	0	12	0	00000000
eff04b.anm	0	140	22	0	8	0	
eff04b.anm	0	148	6	0	20	0	00000042000080410000003f
eff04b.anm	0	168	8	0	12	0	00000000
eff04b.anm	0	180	15	0	16	0	ff0000003c000000
eff04b.anm	0	196	7	0	16	0	0000c03f0000e03f
eff04b.anm	0	212	4	10000	16	0	5400000000000000
eff04b.anm	0	228	-1	0	0	0	
eff04b.anm	1	131452	3	0	12	0	01000000
eff04b.anm	1	131464	22	0	8	0	
eff04b.anm	1	131472	6	0	20	0	00000042000080410000003f
eff04b.anm	1	131492	8	0	12	0	00000000
eff04b.anm	1	131504	15	0	16	0	ff0000003c000000
eff04b.anm	1	131520	27	0	12	0	610b363c
eff04b.anm	1	131532	4	1	16	0	4400000000000000
eff04b.anm	1	131548	-1	0	0	0	
eff05.anm	0	128	3	0	12	0	00000000
eff05.anm	0	140	7	0	16	0	4183134041831340
eff05.anm	0	156	6	0	20	0	00006043000070430000003f
eff05.anm	0	176	8	0	12	0	00000000
eff05.anm	0	188	15	0	16	0	ff0000003c000000
eff05.anm	0	204	21	0	12	0	01000000
eff05.anm	0	216	13	0	20	0	0000000000000000fdad80bc
eff05.anm	0	236	4	10000	16	0	6c00000000000000
eff05.anm	0	252	21	10000	12	0	02000000
eff05.anm	0	264	13	10000	20	0	0000000000000000fdad00bc
eff05.anm	0	284	4	20000	16	0	6c00000000000000
eff05.anm	0	300	-1	0	0	0	
eff05.anm	1	524740	3	0	12	0	01000000
eff05.anm	1	524752	7	0	16	0	4183134041831340
eff05.anm	1	524768	6	0	20	0	00006043000070430000003f
eff05.anm	1	524788	8	0	12	0	00000000
eff05.anm	1	524800	15	0	16	0	ff0000003c000000
eff05.anm	1	524816	21	0	12	0	01000000
eff05.anm	1	524828	13	0	20	0	0000000000000000fdad003c
eff05.anm	1	524848	4	10000	16	0	6c00000000000000
eff05.anm	1	524864	21	10000	12	0	02000000
eff05.anm	1	524876	13	10000	20	0	0000000000000000fdad003d
eff05.anm	1	524896	4	20000	16	0	6c00000000000000
eff05.anm	1	524912	-1	0	0	0	
eff06.anm	0	128	3	0	12	0	00000000
eff06.anm	0	140	7	0	16	0	4183134041831340
eff06.anm	0	156	6	0	20	0	00006043000070430000003f
eff06.anm	0	176	8	0	12	0	00000000
eff06.anm	0	188	15	0	16	0	ff0000003c000000
eff06.anm	0	204	21	0	12	0	01000000
eff06.anm	0	216	13	0	20	0	0000000000000000fdad80bc
eff06.anm	0	236	4	10000	16	0	6c00000000000000
eff06.anm	0	252	21	10000	12	0	02000000
eff06.anm	0	264	13	10000	20	0	0000000000000000fdad00bc
eff06.anm	0	284	4	20000	16	0	6c00000000000000
eff06.anm	0	300	-1	0	0	0	
eff06.anm	1	524740	3	0	12	0	01000000
eff06.anm	1	524752	7	0	16	0	4183134041831340
eff06.anm	1	524768	6	0	20	0	00006043000070430000003f
eff06.anm	1	524788	8	0	12	0	00000000
eff06.anm	1	524800	15	0	16	0	ff0000003c000000
eff06.anm	1	524816	21	0	12	0	01000000
eff06.anm	1	524828	13	0	20	0	0000000000000000fdad003c
eff06.anm	1	524848	4	10000	16	0	6c00000000000000
eff06.anm	1	524864	21	10000	12	0	02000000
eff06.anm	1	524876	13	10000	20	0	0000000000000000fdad003d
eff06.anm	1	524896	4	20000	16	0	6c00000000000000
eff06.anm	1	524912	-1	0	0	0	
eff06.anm	2	656136	3	0	12	0	02000000
eff06.anm	2	656148	22	0	8	0	
eff06.anm	2	656156	6	0	20	0	00000042000080410000003f
eff06.anm	2	656176	8	0	12	0	00000000
eff06.anm	2	656188	15	0	16	0	ff0000003c000000
eff06.anm	2	656204	27	0	12	0	8988883c
eff06.anm	2	656216	4	1	16	0	4400000000000000
eff06.anm	2	656232	-1	0	0	0	
eff06.anm	3	787456	3	0	12	0	03000000
eff06.anm	3	787468	22	0	8	0	
eff06.anm	3	787476	6	0	20	0	00000042000080410000003f
eff06.anm	3	787496	8	0	12	0	00000000
eff06.anm	3	787508	15	0	16	0	ff0000003c000000
eff06.anm	3	787524	7	0	16	0	0000c03f0000e03f
eff06.anm	3	787540	4	10000	16	0	5400000000000000
eff06.anm	3	787556	-1	0	0	0	
eff07.anm	0	128	3	0	12	0	00000000
eff07.anm	0	140	7	0	16	0	4183134041831340
eff07.anm	0	156	6	0	20	0	00006043000070430000003f
eff07.anm	0	176	8	0	12	0	00000000
eff07.anm	0	188	15	0	16	0	ff0000003c000000
eff07.anm	0	204	21	0	12	0	01000000
eff07.anm	0	216	13	0	20	0	0000000000000000fdad80bc
eff07.anm	0	236	4	10000	16	0	6c00000000000000
eff07.anm	0	252	21	10000	12	0	02000000
eff07.anm	0	264	13	10000	20	0	0000000000000000fdad00bc
eff07.anm	0	284	4	20000	16	0	6c00000000000000
eff07.anm	0	300	-1	0	0	0	
eff07.anm	1	524740	3	0	12	0	01000000
eff07.anm	1	524752	7	0	16	0	4183134041831340
eff07.anm	1	524768	6	0	20	0	00006043000070430000003f
eff07.anm	1	524788	8	0	12	0	00000000
eff07.anm	1	524800	15	0	16	0	ff0000003c000000
eff07.anm	1	524816	21	0	12	0	01000000
eff07.anm	1	524828	13	0	20	0	0000000000000000fdad003c
eff07.anm	1	524848	4	10000	16	0	6c00000000000000
eff07.anm	1	524864	21	10000	12	0	02000000
eff07.anm	1	524876	13	10000	20	0	0000000000000000fdad003d
eff07.anm	1	524896	4	20000	16	0	6c00000000000000
eff07.anm	1	524912	-1	0	0	0	
eff07.anm	2	656136	3	0	12	0	02000000
eff07.anm	2	656148	22	0	8	0	
eff07.anm	2	656156	6	0	20	0	00000042000080410000003f
eff07.anm	2	656176	8	0	12	0	00000000
eff07.anm	2	656188	15	0	16	0	ff0000003c000000
eff07.anm	2	656204	27	0	12	0	8988883b
eff07.anm	2	656216	4	1	16	0	4400000000000000
eff07.anm	2	656232	-1	0	0	0	
eff07.anm	3	787456	3	0	12	0	03000000
eff07.anm	3	787468	22	0	8	0	
eff07.anm	3	787476	6	0	20	0	00000042000080410000003f
eff07.anm	3	787496	8	0	12	0	00000000
eff07.anm	3	787508	15	0	16	0	ff0000003c000000
eff07.anm	3	787524	4	10000	16	0	4400000000000000
eff07.anm	3	787540	-1	0	0	0	
eff08.anm	0	128	3	0	12	0	00000000
eff08.anm	0	140	22	0	8	0	
eff08.anm	0	148	6	0	20	0	00000042000080410000003f
eff08.anm	0	168	8	0	12	0	00000000
eff08.anm	0	180	15	0	16	0	ff0000003c000000
eff08.anm	0	196	7	0	16	0	0000c03f0000e03f
eff08.anm	0	212	4	10000	16	0	5400000000000000
eff08.anm	0	228	-1	0	0	0	
eff08.anm	1	131452	3	0	12	0	01000000
eff08.anm	1	131464	22	0	8	0	
eff08.anm	1	131472	6	0	20	0	00000042000080410000003f
eff08.anm	1	131492	8	0	12	0	00000000
eff08.anm	1	131504	15	0	16	0	ff0000003c000000
eff08.anm	1	131520	27	0	12	0	8988083c
eff08.anm	1	131532	26	0	12	0	8988883b
eff08.anm	1	131544	4	1	16	0	4400000000000000
eff08.anm	1	131560	-1	0	0	0	
eff08.anm	2	262784	3	0	12	0	02000000
eff08.anm	2	262796	22	0	8	0	
eff08.anm	2	262804	6	0	20	0	00000042000080410000003f
eff08.anm	2	262824	8	0	12	0	00000000
eff08.anm	2	262836	15	0	16	0	ff0000003c000000
eff08.anm	2	262852	4	30000	16	0	4400000000000000
eff08.anm	2	262868	-1	0	0	0	
eff08.anm	3	787308	3	0	12	0	03000000
eff08.anm	3	787320	7	0	16	0	4183134041831340
eff08.anm	3	787336	6	0	20	0	00006043000070430000003f
eff08.anm	3	787356	8	0	12	0	00000000
eff08.anm	3	787368	15	0	16	0	ff0000003c000000
eff08.anm	3	787384	21	0	12	0	01000000
eff08.anm	3	787396	13	0	20	0	0000000000000000fdad00bc
eff08.anm	3	787416	4	10000	16	0	6c00000000000000
eff08.anm	3	787432	21	10000	12	0	02000000
eff08.anm	3	787444	13	10000	20	0	0000000000000000fdad003d
eff08.anm	3	787464	4	20000	16	0	6c00000000000000
eff08.anm	3	787480	-1	0	0	0	
eff09al.anm	0	128	3	0	12	0	00000000
eff09al.anm	0	140	22	0	8	0	
eff09al.anm	0	148	6	0	20	0	00000042000080410000003f
eff09al.anm	0	168	8	0	12	0	00000000
eff09al.anm	0	180	15	0	16	0	ff0000003c000000
eff09al.anm	0	196	27	0	12	0	8988083c
eff09al.anm	0	208	4	1	16	0	4400000000000000
eff09al.anm	0	224	-1	0	0	0	
eff09al.anm	1	131448	3	0	12	0	01000000
eff09al.anm	1	131460	7	0	16	0	4183134041831340
eff09al.anm	1	131476	6	0	20	0	00006043000070430000003f
eff09al.anm	1	131496	8	0	12	0	00000000
eff09al.anm	1	131508	15	0	16	0	ff0000003c000000
eff09al.anm	1	131524	21	0	12	0	01000000
eff09al.anm	1	131536	13	0	20	0	0000000000000000fdad80bc
eff09al.anm	1	131556	4	10000	16	0	6c00000000000000
eff09al.anm	1	131572	21	10000	12	0	02000000
eff09al.anm	1	131584	13	10000	20	0	0000000000000000fdad00bc
eff09al.anm	1	131604	4	20000	16	0	6c00000000000000
eff09al.anm	1	131620	-1	0	0	0	
eff09rm.anm	0	128	3	0	12	0	00000000
eff09rm.anm	0	140	7	0	16	0	4183134041831340
eff09rm.anm	0	156	6	0	20	0	00006043000070430000003f
eff09rm.anm	0	176	8	0	12	0	00000000
eff09rm.anm	0	188	15	0	16	0	ff0000003c000000
eff09rm.anm	0	204	13	0	20	0	0000000000000000fdad80bc
eff09rm.anm	0	224	0	60	8	0	
eff09rm.anm	0	232	21	60	12	0	01000000
eff09rm.anm	0	244	8	60	12	0	ff000000
eff09rm.anm	0	256	9	60	20	0	ff000000ff000000ff000000
eff09rm.anm	0	276	13	60	20	0	0000000000000000fdad80bc
eff09rm.anm	0	296	4	10060	16	0	a80000003c000000
eff09rm.anm	0	312	21	10060	12	0	02000000
eff09rm.anm	0	324	9	10060	20	0	8000000080000000ff000000
eff09rm.anm	0	344	8	10060	12	0	c0000000
eff09rm.anm	0	356	13	10060	20	0	000000000000000000000000
eff09rm.anm	0	376	4	20060	16	0	a80000003c000000
eff09rm.anm	0	392	-1	0	0	0	
eff09rm.anm	1	131616	3	0	12	0	01000000
eff09rm.anm	1	131628	22	0	8	0	
eff09rm.anm	1	131636	6	0	20	0	00000042000080410000003f
eff09rm.anm	1	131656	82	0	12	0	02000000
eff09rm.anm	1	131668	8	0	12	0	00000000
eff09rm.anm	1	131680	15	0	16	0	800000003c000000
eff09rm.anm	1	131696	27	0	12	0	610b36bc
eff09rm.anm	1	131708	4	1	16	0	5000000000000000
eff09rm.anm	1	131724	-1	0	0	0	
eff09sk.anm	0	128	3	0	12	0	00000000
eff09sk.anm	0	140	7	0	16	0	4183134041831340
eff09sk.anm	0	156	6	0	20	0	00006043000070430000003f
eff09sk.anm	0	176	8	0	12	0	00000000
eff09sk.anm	0	188	15	0	16	0	ff0000003c000000
eff09sk.anm	0	204	13	0	20	0	0000000000000000fdad80bc
eff09sk.anm	0	224	0	60	8	0	
eff09sk.anm	0	232	21	60	12	0	01000000
eff09sk.anm	0	244	8	60	12	0	ff000000
eff09sk.anm	0	256	9	60	20	0	ff000000ff000000ff000000
eff09sk.anm	0	276	13	60	20	0	0000000000000000fdad80bc
eff09sk.anm	0	296	4	10060	16	0	a80000003c000000
eff09sk.anm	0	312	21	10060	12	0	02000000
eff09sk.anm	0	324	9	10060	20	0	8000000080000000ff000000
eff09sk.anm	0	344	8	10060	12	0	c0000000
eff09sk.anm	0	356	13	10060	20	0	000000000000000000000000
eff09sk.anm	0	376	4	20060	16	0	a80000003c000000
eff09sk.anm	0	392	-1	0	0	0	
eff09sk.anm	1	131616	3	0	12	0	01000000
eff09sk.anm	1	131628	7	0	16	0	4183134041831340
eff09sk.anm	1	131644	6	0	20	0	000060430000704348e1fa3e
eff09sk.anm	1	131664	8	0	12	0	00000000
eff09sk.anm	1	131676	15	0	16	0	ff0000003c000000
eff09sk.anm	1	131692	0	60	8	0	
eff09sk.anm	1	131700	21	60	12	0	01000000
eff09sk.anm	1	131712	8	60	12	0	ff000000
eff09sk.anm	1	131724	9	60	20	0	ff000000ff000000ff000000
eff09sk.anm	1	131744	13	60	20	0	0000000000000000fdad003c
eff09sk.anm	1	131764	4	10060	16	0	940000003c000000
eff09sk.anm	1	131780	21	10060	12	0	02000000
eff09sk.anm	1	131792	9	10060	20	0	8000000080000000ff000000
eff09sk.anm	1	131812	8	10060	12	0	c0000000
eff09sk.anm	1	131824	13	10060	20	0	000000000000000000000000
eff09sk.anm	1	131844	4	20060	16	0	940000003c000000
eff09sk.anm	1	131860	-1	0	0	0	
eff09yk.anm	0	128	3	0	12	0	00000000
eff09yk.anm	0	140	22	0	8	0	
eff09yk.anm	0	148	6	0	20	0	00000042000080410000003f
eff09yk.anm	0	168	8	0	12	0	00000000
eff09yk.anm	0	180	15	0	16	0	ff0000003c000000
eff09yk.anm	0	196	15	0	16	0	ff0000003c000000
eff09yk.anm	0	212	7	0	16	0	0000c03f0000e03f
eff09yk.anm	0	228	0	60	8	0	
eff09yk.anm	0	236	21	60	12	0	01000000
eff09yk.anm	0	248	8	60	12	0	ff000000
eff09yk.anm	0	260	9	60	20	0	ff000000ff000000ff000000
eff09yk.anm	0	280	22	60	8	0	
eff09yk.anm	0	288	4	10060	16	0	980000003c000000
eff09yk.anm	0	304	21	10060	12	0	02000000
eff09yk.anm	0	316	8	10060	12	0	40000000
eff09yk.anm	0	328	9	10060	20	0	4000000040000000ff000000
eff09yk.anm	0	348	4	20060	16	0	980000003c000000
eff09yk.anm	0	364	-1	0	0	0	
eff09yk.anm	1	131588	3	0	12	0	01000000
eff09yk.anm	1	131600	7	0	16	0	0000004000000040
eff09yk.anm	1	131616	6	0	20	0	00006043000070430000003f
eff09yk.anm	1	131636	8	0	12	0	00000000
eff09yk.anm	1	131648	15	0	16	0	ff0000003c000000
eff09yk.anm	1	131664	13	0	20	0	0000000000000000fdad00bc
eff09yk.anm	1	131684	4	10000	16	0	6000000000000000
eff09yk.anm	1	131700	36	10000	24	0	96000000000000000000204000002040
eff09yk.anm	1	131724	36	10150	24	0	96000000000000000000004000000040
eff09yk.anm	1	131748	4	10300	16	0	6000000000000000
eff09yk.anm	1	131764	-1	0	0	0	
eff09ym.anm	0	128	3	0	12	0	00000000
eff09ym.anm	0	140	22	0	8	0	
eff09ym.anm	0	148	6	0	20	0	00000042000080410000003f
eff09ym.anm	0	168	8	0	12	0	00000000
eff09ym.anm	0	180	15	0	16	0	ff0000003c000000
eff09ym.anm	0	196	7	0	16	0	0000c03f0000e03f
eff09ym.anm	0	212	0	60	8	0	
eff09ym.anm	0	220	21	60	12	0	01000000
eff09ym.anm	0	232	8	60	12	0	ff000000
eff09ym.anm	0	244	9	60	20	0	ff000000ff000000ff000000
eff09ym.anm	0	264	22	60	8	0	
eff09ym.anm	0	272	4	10060	16	0	880000003c000000
eff09ym.anm	0	288	21	10060	12	0	02000000
eff09ym.anm	0	300	8	10060	12	0	40000000
eff09ym.anm	0	312	9	10060	20	0	4000000040000000ff000000
eff09ym.anm	0	332	4	20060	16	0	880000003c000000
eff09ym.anm	0	348	-1	0	0	0	
eff09ym.anm	1	131572	3	0	12	0	01000000
eff09ym.anm	1	131584	7	0	16	0	4183134041831340
eff09ym.anm	1	131600	6	0	20	0	00006043000070430000003f
eff09ym.anm	1	131620	8	0	12	0	00000000
eff09ym.anm	1	131632	15	0	16	0	ff0000003c000000
eff09ym.anm	1	131648	13	0	20	0	0000000000000000fdad00bc
eff09ym.anm	1	131668	13	60	20	0	0000000000000000fdad00bc
eff09ym.anm	1	131688	21	60	12	0	01000000
eff09ym.anm	1	131700	16	60	12	0	00000000
eff09ym.anm	1	131712	13	60	20	0	0000000000000000fdad00bc
eff09ym.anm	1	131732	8	60	12	0	ff000000
eff09ym.anm	1	131744	9	60	20	0	ff000000ff000000ff000000
eff09ym.anm	1	131764	36	60	24	0	9600000000000000a7e93940a7e93940
eff09ym.anm	1	131788	36	210	24	0	96000000000000004183134041831340
eff09ym.anm	1	131812	4	360	16	0	c00000003c000000
eff09ym.anm	1	131828	21	360	12	0	02000000
eff09ym.anm	1	131840	16	360	12	0	01000000
eff09ym.anm	1	131852	8	360	12	0	ff000000
eff09ym.anm	1	131864	9	360	20	0	ff00000060000000ff000000
eff09ym.anm	1	131884	38	360	16	1	00501c46fdad803d
eff09ym.anm	1	131900	13	360	20	4	000000000000000000501c46
eff09ym.anm	1	131920	42	360	16	1	00501c464512a83a
eff09ym.anm	1	131936	13	360	20	4	000000000000000000501c46
eff09ym.anm	1	131956	4	361	16	0	5c01000068010000
eff09ym.anm	1	131972	-1	0	0	0	
eff09yy.anm	0	128	3	0	12	0	00000000
eff09yy.anm	0	140	22	0	8	0	
eff09yy.anm	0	148	6	0	20	0	00000042000080410000003f
eff09yy.anm	0	168	8	0	12	0	00000000
eff09yy.anm	0	180	15	0	16	0	ff0000003c000000
eff09yy.anm	0	196	27	0	12	0	8988083c
eff09yy.anm	0	208	4	1	16	0	4400000000000000
eff09yy.anm	0	224	-1	0	0	0	
eff09yy.anm	1	131448	3	0	12	0	01000000
eff09yy.anm	1	131460	22	0	8	0	
eff09yy.anm	1	131468	6	0	20	0	00000042000080410000003f
eff09yy.anm	1	131488	8	0	12	0	00000000
eff09yy.anm	1	131500	15	0	16	0	e00000003c000000
eff09yy.anm	1	131516	7	0	16	0	0000c03f0000e03f
eff09yy.anm	1	131532	4	10000	16	0	5400000000000000
eff09yy.anm	1	131548	-1	0	0	0	
enemy.anm	0	4672	3	0	12	0	00000000
enemy.anm	0	4684	3	4	12	0	01000000
enemy.anm	0	4696	3	8	12	0	02000000
enemy.anm	0	4708	3	12	12	0	03000000
enemy.anm	0	4720	4	16	16	0	0000000000000000
enemy.anm	0	4736	-1	0	0	0	
enemy.anm	1	4744	3	0	12	0	07000000
enemy.anm	1	4756	3	8	12	0	06000000
enemy.anm	1	4768	3	16	12	0	05000000
enemy.anm	1	4780	3	24	12	0	04000000
enemy.anm	1	4792	2	24	8	0	
enemy.anm	1	4800	-1	0	0	0	
enemy.anm	2	4808	10	0	8	0	
enemy.anm	2	4816	3	0	12	0	07000000
enemy.anm	2	4828	3	8	12	0	06000000
enemy.anm	2	4840	3	16	12	0	05000000
enemy.anm	2	4852	3	24	12	0	04000000
enemy.anm	2	4864	2	24	8	0	
enemy.anm	2	4872	-1	0	0	0	
enemy.anm	3	4880	3	0	12	0	04000000
enemy.anm	3	4892	3	8	12	0	05000000
enemy.anm	3	4904	3	16	12	0	06000000
enemy.anm	3	4916	3	24	12	0	07000000
enemy.anm	3	4928	3	24	12	0	00000000
enemy.anm	3	4940	3	28	12	0	01000000
enemy.anm	3	4952	3	32	12	0	02000000
enemy.anm	3	4964	3	36	12	0	03000000
enemy.anm	3	4976	4	40	16	0	3000000018000000
enemy.anm	3	4992	-1	0	0	0	
enemy.anm	4	5000	10	0	8	0	
enemy.anm	4	5008	3	0	12	0	04000000
enemy.anm	4	5020	3	8	12	0	05000000
enemy.anm	4	5032	3	16	12	0	06000000
enemy.anm	4	5044	3	24	12	0	07000000
enemy.anm	4	5056	3	24	12	0	00000000
enemy.anm	4	5068	3	28	12	0	01000000
enemy.anm	4	5080	3	32	12	0	02000000
enemy.anm	4	5092	3	36	12	0	03000000
enemy.anm	4	5104	4	40	16	0	3800000018000000
enemy.anm	4	5120	-1	0	0	0	
enemy.anm	5	5128	3	0	12	0	00000000
enemy.anm	5	5140	8	0	12	0	00000000
enemy.anm	5	5152	7	0	16	0	0000404100000000
enemy.anm	5	5168	34	0	20	0	1400000000000000ff000000
enemy.anm	5	5188	36	0	24	0	14000000040000000000803f0000803f
enemy.anm	5	5212	0	20	8	0	
enemy.anm	5	5220	3	20	12	0	00000000
enemy.anm	5	5232	3	24	12	0	01000000
enemy.anm	5	5244	3	28	12	0	02000000
enemy.anm	5	5256	3	32	12	0	03000000
enemy.anm	5	5268	4	36	16	0	5c00000014000000
enemy.anm	5	5284	-1	0	0	0	
enemy.anm	6	5292	3	0	12	0	08000000
enemy.anm	6	5304	3	4	12	0	09000000
enemy.anm	6	5316	3	8	12	0	0a000000
enemy.anm	6	5328	3	12	12	0	0b000000
enemy.anm	6	5340	4	16	16	0	0000000000000000
enemy.anm	6	5356	-1	0	0	0	
enemy.anm	7	5364	3	0	12	0	0f000000
enemy.anm	7	5376	3	8	12	0	0e000000
enemy.anm	7	5388	3	16	12	0	0d000000
enemy.anm	7	5400	3	24	12	0	0c000000
enemy.anm	7	5412	2	24	8	0	
enemy.anm	7	5420	-1	0	0	0	
enemy.anm	8	5428	10	0	8	0	
enemy.anm	8	5436	3	0	12	0	0f000000
enemy.anm	8	5448	3	8	12	0	0e000000
enemy.anm	8	5460	3	16	12	0	0d000000
enemy.anm	8	5472	3	24	12	0	0c000000
enemy.anm	8	5484	2	24	8	0	
enemy.anm	8	5492	-1	0	0	0	
enemy.anm	9	5500	3	0	12	0	0c000000
enemy.anm	9	5512	3	8	12	0	0d000000
enemy.anm	9	5524	3	16	12	0	0e000000
enemy.anm	9	5536	3	24	12	0	0f000000
enemy.anm	9	5548	3	24	12	0	08000000
enemy.anm	9	5560	3	28	12	0	09000000
enemy.anm	9	5572	3	32	12	0	0a000000
enemy.anm	9	5584	3	36	12	0	0b000000
enemy.anm	9	5596	4	40	16	0	3000000018000000
enemy.anm	9	5612	-1	0	0	0	
enemy.anm	10	5620	10	0	8	0	
enemy.anm	10	5628	3	0	12	0	0c000000
enemy.anm	10	5640	3	8	12	0	0d000000
enemy.anm	10	5652	3	16	12	0	0e000000
enemy.anm	10	5664	3	24	12	0	0f000000
enemy.anm	10	5676	3	24	12	0	08000000
enemy.anm	10	5688	3	28	12	0	09000000
enemy.anm	10	5700	3	32	12	0	0a000000
enemy.anm	10	5712	3	36	12	0	0b000000
enemy.anm	10	5724	4	40	16	0	3800000018000000
enemy.anm	10	5740	-1	0	0	0	
enemy.anm	11	5748	3	0	12	0	08000000
enemy.anm	11	5760	8	0	12	0	00000000
enemy.anm	11	5772	7	0	16	0	0000404100000000
enemy.anm	11	5788	34	0	20	0	1400000000000000ff000000
enemy.anm	11	5808	36	0	24	0	14000000040000000000803f0000803f
enemy.anm	11	5832	0	20	8	0	
enemy.anm	11	5840	3	20	12	0	08000000
enemy.anm	11	5852	3	24	12	0	09000000
enemy.anm	11	5864	3	28	12	0	0a000000
enemy.anm	11	5876	3	32	12	0	0b000000
enemy.anm	11	5888	4	36	16	0	5c00000014000000
enemy.anm	11	5904	-1	0	0	0	
enemy.anm	12	5912	3	0	12	0	10000000
enemy.anm	12	5924	3	4	12	0	11000000
enemy.anm	12	5936	3	8	12	0	12000000
enemy.anm	12	5948	3	12	12	0	13000000
enemy.anm	12	5960	4	16	16	0	0000000000000000
enemy.anm	12	5976	-1	0	0	0	
enemy.anm	13	5984	3	0	12	0	17000000
enemy.anm	13	5996	3	8	12	0	16000000
enemy.anm	13	6008	3	16	12	0	15000000
enemy.anm	13	6020	3	24	12	0	14000000
enemy.anm	13	6032	2	24	8	0	
enemy.anm	13	6040	-1	0	0	0	
enemy.anm	14	6048	10	0	8	0	
enemy.anm	14	6056	3	0	12	0	17000000
enemy.anm	14	6068	3	8	12	0	16000000
enemy.anm	14	6080	3	16	12	0	15000000
enemy.anm	14	6092	3	24	12	0	14000000
enemy.anm	14	6104	2	24	8	0	
enemy.anm	14	6112	-1	0	0	0	
enemy.anm	15	6120	3	0	12	0	14000000
enemy.anm	15	6132	3	8	12	0	15000000
enemy.anm	15	6144	3	16	12	0	16000000
enemy.anm	15	6156	3	24	12	0	17000000
enemy.anm	15	6168	3	24	12	0	10000000
enemy.anm	15	6180	3	28	12	0	11000000
enemy.anm	15	6192	3	32	12	0	12000000
enemy.anm	15	6204	3	36	12	0	13000000
enemy.anm	15	6216	4	40	16	0	3000000018000000
enemy.anm	15	6232	-1	0	0	0	
enemy.anm	16	6240	10	0	8	0	
enemy.anm	16	6248	3	0	12	0	14000000
enemy.anm	16	6260	3	8	12	0	15000000
enemy.anm	16	6272	3	16	12	0	16000000
enemy.anm	16	6284	3	24	12	0	17000000
enemy.anm	16	6296	3	24	12	0	10000000
enemy.anm	16	6308	3	28	12	0	11000000
enemy.anm	16	6320	3	32	12	0	12000000
enemy.anm	16	6332	3	36	12	0	13000000
enemy.anm	16	6344	4	40	16	0	3800000018000000
enemy.anm	16	6360	-1	0	0	0	
enemy.anm	17	6368	3	0	12	0	10000000
enemy.anm	17	6380	8	0	12	0	00000000
enemy.anm	17	6392	7	0	16	0	0000404100000000
enemy.anm	17	6408	34	0	20	0	1400000000000000ff000000
enemy.anm	17	6428	36	0	24	0	14000000040000000000803f0000803f
enemy.anm	17	6452	0	20	8	0	
enemy.anm	17	6460	3	20	12	0	10000000
enemy.anm	17	6472	3	24	12	0	11000000
enemy.anm	17	6484	3	28	12	0	12000000
enemy.anm	17	6496	3	32	12	0	13000000
enemy.anm	17	6508	4	36	16	0	5c00000014000000
enemy.anm	17	6524	-1	0	0	0	
enemy.anm	18	6532	3	0	12	0	18000000
enemy.anm	18	6544	3	4	12	0	19000000
enemy.anm	18	6556	3	8	12	0	1a000000
enemy.anm	18	6568	3	12	12	0	1b000000
enemy.anm	18	6580	4	16	16	0	0000000000000000
enemy.anm	18	6596	-1	0	0	0	
enemy.anm	19	6604	3	0	12	0	1f000000
enemy.anm	19	6616	3	8	12	0	1e000000
enemy.anm	19	6628	3	16	12	0	1d000000
enemy.anm	19	6640	3	24	12	0	1c000000
enemy.anm	19	6652	2	24	8	0	
enemy.anm	19	6660	-1	0	0	0	
enemy.anm	20	6668	10	0	8	0	
enemy.anm	20	6676	3	0	12	0	1f000000
enemy.anm	20	6688	3	8	12	0	1e000000
enemy.anm	20	6700	3	16	12	0	1d000000
enemy.anm	20	6712	3	24	12	0	1c000000
enemy.anm	20	6724	2	24	8	0	
enemy.anm	20	6732	-1	0	0	0	
enemy.anm	21	6740	3	0	12	0	1c000000
enemy.anm	21	6752	3	8	12	0	1d000000
enemy.anm	21	6764	3	16	12	0	1e000000
enemy.anm	21	6776	3	24	12	0	1f000000
enemy.anm	21	6788	3	24	12	0	18000000
enemy.anm	21	6800	3	28	12	0	19000000
enemy.anm	21	6812	3	32	12	0	1a000000
enemy.anm	21	6824	3	36	12	0	1b000000
enemy.anm	21	6836	4	40	16	0	3000000018000000
enemy.anm	21	6852	-1	0	0	0	
enemy.anm	22	6860	10	0	8	0	
enemy.anm	22	6868	3	0	12	0	1c000000
enemy.anm	22	6880	3	8	12	0	1d000000
enemy.anm	22	6892	3	16	12	0	1e000000
enemy.anm	22	6904	3	24	12	0	1f000000
enemy.anm	22	6916	3	24	12	0	18000000
enemy.anm	22	6928	3	28	12	0	19000000
enemy.anm	22	6940	3	32	12	0	1a000000
enemy.anm	22	6952	3	36	12	0	1b000000
enemy.anm	22	6964	4	40	16	0	3800000018000000
enemy.anm	22	6980	-1	0	0	0	
enemy.anm	23	6988	3	0	12	0	18000000
enemy.anm	23	7000	8	0	12	0	00000000
enemy.anm	23	7012	7	0	16	0	0000404100000000
enemy.anm	23	7028	34	0	20	0	1400000000000000ff000000
enemy.anm	23	7048	36	0	24	0	14000000040000000000803f0000803f
enemy.anm	23	7072	0	20	8	0	
enemy.anm	23	7080	3	20	12	0	18000000
enemy.anm	23	7092	3	24	12	0	19000000
enemy.anm	23	7104	3	28	12	0	1a000000
enemy.anm	23	7116	3	32	12	0	1b000000
enemy.anm	23	7128	4	36	16	0	5c00000014000000
enemy.anm	23	7144	-1	0	0	0	
enemy.anm	24	7152	3	0	12	0	20000000
enemy.anm	24	7164	3	4	12	0	21000000
enemy.anm	24	7176	3	8	12	0	22000000
enemy.anm	24	7188	3	12	12	0	23000000
enemy.anm	24	7200	4	16	16	0	0000000000000000
enemy.anm	24	7216	-1	0	0	0	
enemy.anm	25	7224	3	0	12	0	27000000
enemy.anm	25	7236	3	8	12	0	26000000
enemy.anm	25	7248	3	16	12	0	25000000
enemy.anm	25	7260	3	24	12	0	24000000
enemy.anm	25	7272	2	24	8	0	
enemy.anm	25	7280	-1	0	0	0	
enemy.anm	26	7288	10	0	8	0	
enemy.anm	26	7296	3	0	12	0	27000000
enemy.anm	26	7308	3	8	12	0	26000000
enemy.anm	26	7320	3	16	12	0	25000000
enemy.anm	26	7332	3	24	12	0	24000000
enemy.anm	26	7344	2	24	8	0	
enemy.anm	26	7352	-1	0	0	0	
enemy.anm	27	7360	3	0	12	0	24000000
enemy.anm	27	7372	3	8	12	0	25000000
enemy.anm	27	7384	3	16	12	0	26000000
enemy.anm	27	7396	3	24	12	0	27000000
enemy.anm	27	7408	3	24	12	0	20000000
enemy.anm	27	7420	3	28	12	0	21000000
enemy.anm	27	7432	3	32	12	0	22000000
enemy.anm	27	7444	3	36	12	0	23000000
enemy.anm	27	7456	4	40	16	0	3000000018000000
enemy.anm	27	7472	-1	0	0	0	
enemy.anm	28	7480	10	0	8	0	
enemy.anm	28	7488	3	0	12	0	24000000
enemy.anm	28	7500	3	8	12	0	25000000
enemy.anm	28	7512	3	16	12	0	26000000
enemy.anm	28	7524	3	24	12	0	27000000
enemy.anm	28	7536	3	24	12	0	20000000
enemy.anm	28	7548	3	28	12	0	21000000
enemy.anm	28	7560	3	32	12	0	22000000
enemy.anm	28	7572	3	36	12	0	23000000
enemy.anm	28	7584	4	40	16	0	3800000018000000
enemy.anm	28	7600	-1	0	0	0	
enemy.anm	29	7608	3	0	12	0	20000000
enemy.anm	29	7620	8	0	12	0	00000000
enemy.anm	29	7632	7	0	16	0	0000404100000000
enemy.anm	29	7648	34	0	20	0	1400000000000000ff000000
enemy.anm	29	7668	36	0	24	0	14000000040000000000803f0000803f
enemy.anm	29	7692	0	20	8	0	
enemy.anm	29	7700	3	20	12	0	20000000
enemy.anm	29	7712	3	24	12	0	21000000
enemy.anm	29	7724	3	28	12	0	22000000
enemy.anm	29	7736	3	32	12	0	23000000
enemy.anm	29	7748	4	36	16	0	5c00000014000000
enemy.anm	29	7764	-1	0	0	0	
enemy.anm	30	7772	3	0	12	0	28000000
enemy.anm	30	7784	3	4	12	0	29000000
enemy.anm	30	7796	3	8	12	0	2a000000
enemy.anm	30	7808	3	12	12	0	2b000000
enemy.anm	30	7820	4	16	16	0	0000000000000000
enemy.anm	30	7836	-1	0	0	0	
enemy.anm	31	7844	3	0	12	0	2f000000
enemy.anm	31	7856	3	8	12	0	2e000000
enemy.anm	31	7868	3	16	12	0	2d000000
enemy.anm	31	7880	3	24	12	0	2c000000
enemy.anm	31	7892	2	24	8	0	
enemy.anm	31	7900	-1	0	0	0	
enemy.anm	32	7908	10	0	8	0	
enemy.anm	32	7916	3	0	12	0	2f000000
enemy.anm	32	7928	3	8	12	0	2e000000
enemy.anm	32	7940	3	16	12	0	2d000000
enemy.anm	32	7952	3	24	12	0	2c000000
enemy.anm	32	7964	2	24	8	0	
enemy.anm	32	7972	-1	0	0	0	
enemy.anm	33	7980	3	0	12	0	2c000000
enemy.anm	33	7992	3	8	12	0	2d000000
enemy.anm	33	8004	3	16	12	0	2e000000
enemy.anm	33	8016	3	24	12	0	2f000000
enemy.anm	33	8028	3	24	12	0	28000000
enemy.anm	33	8040	3	28	12	0	29000000
enemy.anm	33	8052	3	32	12	0	2a000000
enemy.anm	33	8064	3	36	12	0	2b000000
enemy.anm	33	8076	4	40	16	0	3000000018000000
enemy.anm	33	8092	-1	0	0	0	
enemy.anm	34	8100	10	0	8	0	
enemy.anm	34	8108	3	0	12	0	2c000000
enemy.anm	34	8120	3	8	12	0	2d000000
enemy.anm	34	8132	3	16	12	0	2e000000
enemy.anm	34	8144	3	24	12	0	2f000000
enemy.anm	34	8156	3	24	12	0	28000000
enemy.anm	34	8168	3	28	12	0	29000000
enemy.anm	34	8180	3	32	12	0	2a000000
enemy.anm	34	8192	3	36	12	0	2b000000
enemy.anm	34	8204	4	40	16	0	3800000018000000
enemy.anm	34	8220	-1	0	0	0	
enemy.anm	35	8228	3	0	12	0	28000000
enemy.anm	35	8240	8	0	12	0	00000000
enemy.anm	35	8252	7	0	16	0	0000404100000000
enemy.anm	35	8268	34	0	20	0	1400000000000000ff000000
enemy.anm	35	8288	36	0	24	0	14000000040000000000803f0000803f
enemy.anm	35	8312	0	20	8	0	
enemy.anm	35	8320	3	20	12	0	28000000
enemy.anm	35	8332	3	24	12	0	29000000
enemy.anm	35	8344	3	28	12	0	2a000000
enemy.anm	35	8356	3	32	12	0	2b000000
enemy.anm	35	8368	4	36	16	0	5c00000014000000
enemy.anm	35	8384	-1	0	0	0	
enemy.anm	36	8392	3	0	12	0	30000000
enemy.anm	36	8404	3	4	12	0	31000000
enemy.anm	36	8416	3	8	12	0	32000000
enemy.anm	36	8428	3	12	12	0	33000000
enemy.anm	36	8440	4	16	16	0	0000000000000000
enemy.anm	36	8456	-1	0	0	0	
enemy.anm	37	8464	3	0	12	0	37000000
enemy.anm	37	8476	3	8	12	0	36000000
enemy.anm	37	8488	3	16	12	0	35000000
enemy.anm	37	8500	3	24	12	0	34000000
enemy.anm	37	8512	2	24	8	0	
enemy.anm	37	8520	-1	0	0	0	
enemy.anm	38	8528	10	0	8	0	
enemy.anm	38	8536	3	0	12	0	37000000
enemy.anm	38	8548	3	8	12	0	36000000
enemy.anm	38	8560	3	16	12	0	35000000
enemy.anm	38	8572	3	24	12	0	34000000
enemy.anm	38	8584	2	24	8	0	
enemy.anm	38	8592	-1	0	0	0	
enemy.anm	39	8600	3	0	12	0	34000000
enemy.anm	39	8612	3	8	12	0	35000000
enemy.anm	39	8624	3	16	12	0	36000000
enemy.anm	39	8636	3	24	12	0	37000000
enemy.anm	39	8648	3	24	12	0	30000000
enemy.anm	39	8660	3	28	12	0	31000000
enemy.anm	39	8672	3	32	12	0	32000000
enemy.anm	39	8684	3	36	12	0	33000000
enemy.anm	39	8696	4	40	16	0	3000000018000000
enemy.anm	39	8712	-1	0	0	0	
enemy.anm	40	8720	10	0	8	0	
enemy.anm	40	8728	3	0	12	0	34000000
enemy.anm	40	8740	3	8	12	0	35000000
enemy.anm	40	8752	3	16	12	0	36000000
enemy.anm	40	8764	3	24	12	0	37000000
enemy.anm	40	8776	3	24	12	0	30000000
enemy.anm	40	8788	3	28	12	0	31000000
enemy.anm	40	8800	3	32	12	0	32000000
enemy.anm	40	8812	3	36	12	0	33000000
enemy.anm	40	8824	4	40	16	0	3800000018000000
enemy.anm	40	8840	-1	0	0	0	
enemy.anm	41	8848	3	0	12	0	30000000
enemy.anm	41	8860	8	0	12	0	00000000
enemy.anm	41	8872	7	0	16	0	0000404100000000
enemy.anm	41	8888	34	0	20	0	1400000000000000ff000000
enemy.anm	41	8908	36	0	24	0	14000000040000000000803f0000803f
enemy.anm	41	8932	0	20	8	0	
enemy.anm	41	8940	3	20	12	0	30000000
enemy.anm	41	8952	3	24	12	0	31000000
enemy.anm	41	8964	3	28	12	0	32000000
enemy.anm	41	8976	3	32	12	0	33000000
enemy.anm	41	8988	4	36	16	0	5c00000014000000
enemy.anm	41	9004	-1	0	0	0	
enemy.anm	42	9012	3	0	12	0	38000000
enemy.anm	42	9024	3	4	12	0	39000000
enemy.anm	42	9036	3	8	12	0	3a000000
enemy.anm	42	9048	3	12	12	0	3b000000
enemy.anm	42	9060	4	16	16	0	0000000000000000
enemy.anm	42	9076	-1	0	0	0	
enemy.anm	43	9084	3	0	12	0	3f000000
enemy.anm	43	9096	3	8	12	0	3e000000
enemy.anm	43	9108	3	16	12	0	3d000000
enemy.anm	43	9120	3	24	12	0	3c000000
enemy.anm	43	9132	2	24	8	0	
enemy.anm	43	9140	-1	0	0	0	
enemy.anm	44	9148	10	0	8	0	
enemy.anm	44	9156	3	0	12	0	3f000000
enemy.anm	44	9168	3	8	12	0	3e000000
enemy.anm	44	9180	3	16	12	0	3d000000
enemy.anm	44	9192	3	24	12	0	3c000000
enemy.anm	44	9204	2	24	8	0	
enemy.anm	44	9212	-1	0	0	0	
enemy.anm	45	9220	3	0	12	0	3c000000
enemy.anm	45	9232	3	8	12	0	3d000000
enemy.anm	45	9244	3	16	12	0	3e000000
enemy.anm	45	9256	3	24	12	0	3f000000
enemy.anm	45	9268	3	24	12	0	38000000
enemy.anm	45	9280	3	28	12	0	39000000
enemy.anm	45	9292	3	32	12	0	3a000000
enemy.anm	45	9304	3	36	12	0	3b000000
enemy.anm	45	9316	4	40	16	0	3000000018000000
enemy.anm	45	9332	-1	0	0	0	
enemy.anm	46	9340	10	0	8	0	
enemy.anm	46	9348	3	0	12	0	3c000000
enemy.anm	46	9360	3	8	12	0	3d000000
enemy.anm	46	9372	3	16	12	0	3e000000
enemy.anm	46	9384	3	24	12	0	3f000000
enemy.anm	46	9396	3	24	12	0	38000000
enemy.anm	46	9408	3	28	12	0	39000000
enemy.anm	46	9420	3	32	12	0	3a000000
enemy.anm	46	9432	3	36	12	0	3b000000
enemy.anm	46	9444	4	40	16	0	3800000018000000
enemy.anm	46	9460	-1	0	0	0	
enemy.anm	47	9468	3	0	12	0	38000000
enemy.anm	47	9480	8	0	12	0	00000000
enemy.anm	47	9492	7	0	16	0	0000404100000000
enemy.anm	47	9508	34	0	20	0	1400000000000000ff000000
enemy.anm	47	9528	36	0	24	0	14000000040000000000803f0000803f
enemy.anm	47	9552	0	20	8	0	
enemy.anm	47	9560	3	20	12	0	38000000
enemy.anm	47	9572	3	24	12	0	39000000
enemy.anm	47	9584	3	28	12	0	3a000000
enemy.anm	47	9596	3	32	12	0	3b000000
enemy.anm	47	9608	4	36	16	0	5c00000014000000
enemy.anm	47	9624	-1	0	0	0	
enemy.anm	48	9632	3	0	12	0	44000000
enemy.anm	48	9644	82	0	12	0	01000000
enemy.anm	48	9656	36	0	24	0	1e000000040000003333333f3333333f
enemy.anm	48	9680	36	30	24	0	1e000000040000000000803f0000803f
enemy.anm	48	9704	4	60	16	0	1800000000000000
enemy.anm	48	9720	-1	0	0	0	
enemy.anm	49	9728	13	0	20	0	0000000000000000db0f493e
enemy.anm	49	9748	3	0	12	0	40000000
enemy.anm	49	9760	2	30000	8	0	
enemy.anm	49	9768	-1	0	0	0	
enemy.anm	50	9776	13	0	20	0	0000000000000000fac865be
enemy.anm	50	9796	3	0	12	0	41000000
enemy.anm	50	9808	2	30000	8	0	
enemy.anm	50	9816	-1	0	0	0	
enemy.anm	51	9824	13	0	20	0	0000000000000000920a063e
enemy.anm	51	9844	3	0	12	0	42000000
enemy.anm	51	9856	2	30000	8	0	
enemy.anm	51	9864	-1	0	0	0	
enemy.anm	52	9872	13	0	20	0	0000000000000000920a86be
enemy.anm	52	9892	3	0	12	0	43000000
enemy.anm	52	9904	2	30000	8	0	
enemy.anm	52	9912	-1	0	0	0	
enemy.anm	53	9920	3	0	12	0	45000000
enemy.anm	53	9932	3	2	12	0	46000000
enemy.anm	53	9944	3	4	12	0	47000000
enemy.anm	53	9956	3	6	12	0	48000000
enemy.anm	53	9968	3	8	12	0	49000000
enemy.anm	53	9980	3	10	12	0	4a000000
enemy.anm	53	9992	3	12	12	0	4b000000
enemy.anm	53	10004	3	14	12	0	4c000000
enemy.anm	53	10016	4	16	16	0	0000000000000000
enemy.anm	53	10032	-1	0	0	0	
enemy.anm	54	10040	3	0	12	0	4d000000
enemy.anm	54	10052	3	2	12	0	4e000000
enemy.anm	54	10064	3	4	12	0	4f000000
enemy.anm	54	10076	3	6	12	0	50000000
enemy.anm	54	10088	3	8	12	0	51000000
enemy.anm	54	10100	3	10	12	0	52000000
enemy.anm	54	10112	3	12	12	0	53000000
enemy.anm	54	10124	3	14	12	0	54000000
enemy.anm	54	10136	4	16	16	0	0000000000000000
enemy.anm	54	10152	-1	0	0	0	
enemy.anm	55	10160	3	0	12	0	55000000
enemy.anm	55	10172	3	2	12	0	56000000
enemy.anm	55	10184	3	4	12	0	57000000
enemy.anm	55	10196	3	6	12	0	58000000
enemy.anm	55	10208	3	8	12	0	59000000
enemy.anm	55	10220	3	10	12	0	5a000000
enemy.anm	55	10232	3	12	12	0	5b000000
enemy.anm	55	10244	3	14	12	0	5c000000
enemy.anm	55	10256	4	16	16	0	0000000000000000
enemy.anm	55	10272	-1	0	0	0	
enemy.anm	56	10280	3	0	12	0	5d000000
enemy.anm	56	10292	3	2	12	0	5e000000
enemy.anm	56	10304	3	4	12	0	5f000000
enemy.anm	56	10316	3	6	12	0	60000000
enemy.anm	56	10328	3	8	12	0	61000000
enemy.anm	56	10340	3	10	12	0	62000000
enemy.anm	56	10352	3	12	12	0	63000000
enemy.anm	56	10364	3	14	12	0	64000000
enemy.anm	56	10376	4	16	16	0	0000000000000000
enemy.anm	56	10392	-1	0	0	0	
enemy.anm	57	10400	25	0	12	0	01000000
enemy.anm	57	10412	3	0	12	0	65000000
enemy.anm	57	10424	3	4	12	0	66000000
enemy.anm	57	10436	3	8	12	0	67000000
enemy.anm	57	10448	3	12	12	0	68000000
enemy.anm	57	10460	4	16	16	0	0c00000000000000
enemy.anm	57	10476	-1	0	0	0	
enemy.anm	58	10484	25	0	12	0	01000000
enemy.anm	58	10496	3	0	12	0	69000000
enemy.anm	58	10508	3	4	12	0	6a000000
enemy.anm	58	10520	3	8	12	0	6b000000
enemy.anm	58	10532	3	12	12	0	6c000000
enemy.anm	58	10544	4	16	16	0	0c00000000000000
enemy.anm	58	10560	-1	0	0	0	
enemy.anm	59	10568	25	0	12	0	01000000
enemy.anm	59	10580	3	0	12	0	6d000000
enemy.anm	59	10592	3	4	12	0	6e000000
enemy.anm	59	10604	3	8	12	0	6f000000
enemy.anm	59	10616	3	12	12	0	70000000
enemy.anm	59	10628	4	16	16	0	0c00000000000000
enemy.anm	59	10644	-1	0	0	0	
enemy.anm	60	10652	25	0	12	0	01000000
enemy.anm	60	10664	3	0	12	0	71000000
enemy.anm	60	10676	3	4	12	0	72000000
enemy.anm	60	10688	3	8	12	0	73000000
enemy.anm	60	10700	3	12	12	0	74000000
enemy.anm	60	10712	4	16	16	0	0c00000000000000
enemy.anm	60	10728	-1	0	0	0	
enemy.anm	61	10736	13	0	20	0	0000000000000000920a86be
enemy.anm	61	10756	3	0	12	0	75000000
enemy.anm	61	10768	2	30000	8	0	
enemy.anm	61	10776	-1	0	0	0	
enemy.anm	62	10784	13	0	20	0	0000000000000000920a86be
enemy.anm	62	10804	3	0	12	0	76000000
enemy.anm	62	10816	2	30000	8	0	
enemy.anm	62	10824	-1	0	0	0	
enemy.anm	63	10832	13	0	20	0	0000000000000000920a86be
enemy.anm	63	10852	3	0	12	0	77000000
enemy.anm	63	10864	2	30000	8	0	
enemy.anm	63	10872	-1	0	0	0	
enemy.anm	64	10880	13	0	20	0	0000000000000000920a86be
enemy.anm	64	10900	3	0	12	0	78000000
enemy.anm	64	10912	2	30000	8	0	
enemy.anm	64	10920	-1	0	0	0	
enemy.anm	65	10928	13	0	20	0	0000000000000000920a863e
enemy.anm	65	10948	3	0	12	0	75000000
enemy.anm	65	10960	2	30000	8	0	
enemy.anm	65	10968	-1	0	0	0	
enemy.anm	66	10976	13	0	20	0	0000000000000000920a863e
enemy.anm	66	10996	3	0	12	0	76000000
enemy.anm	66	11008	2	30000	8	0	
enemy.anm	66	11016	-1	0	0	0	
enemy.anm	67	11024	13	0	20	0	0000000000000000920a863e
enemy.anm	67	11044	3	0	12	0	77000000
enemy.anm	67	11056	2	30000	8	0	
enemy.anm	67	11064	-1	0	0	0	
enemy.anm	68	11072	13	0	20	0	0000000000000000920a863e
enemy.anm	68	11092	3	0	12	0	78000000
enemy.anm	68	11104	2	30000	8	0	
enemy.anm	68	11112	-1	0	0	0	
enemy.anm	69	11120	13	0	20	0	0000000000000000920a86be
enemy.anm	69	11140	3	0	12	0	79000000
enemy.anm	69	11152	2	30000	8	0	
enemy.anm	69	11160	-1	0	0	0	
enemy.anm	70	11168	13	0	20	0	0000000000000000920a86be
enemy.anm	70	11188	3	0	12	0	7a000000
enemy.anm	70	11200	2	30000	8	0	
enemy.anm	70	11208	-1	0	0	0	
enemy.anm	71	11216	13	0	20	0	0000000000000000920a86be
enemy.anm	71	11236	3	0	12	0	7b000000
enemy.anm	71	11248	2	30000	8	0	
enemy.anm	71	11256	-1	0	0	0	
enemy.anm	72	11264	13	0	20	0	0000000000000000920a86be
enemy.anm	72	11284	3	0	12	0	7c000000
enemy.anm	72	11296	2	30000	8	0	
enemy.anm	72	11304	-1	0	0	0	
enemy.anm	73	11312	13	0	20	0	0000000000000000920a863e
enemy.anm	73	11332	3	0	12	0	79000000
enemy.anm	73	11344	2	30000	8	0	
enemy.anm	73	11352	-1	0	0	0	
enemy.anm	74	11360	13	0	20	0	0000000000000000920a863e
enemy.anm	74	11380	3	0	12	0	7a000000
enemy.anm	74	11392	2	30000	8	0	
enemy.anm	74	11400	-1	0	0	0	
enemy.anm	75	11408	13	0	20	0	0000000000000000920a863e
enemy.anm	75	11428	3	0	12	0	7b000000
enemy.anm	75	11440	2	30000	8	0	
enemy.anm	75	11448	-1	0	0	0	
enemy.anm	76	11456	13	0	20	0	0000000000000000920a863e
enemy.anm	76	11476	3	0	12	0	7c000000
enemy.anm	76	11488	2	30000	8	0	
enemy.anm	76	11496	-1	0	0	0	
enemy.anm	77	11504	3	0	12	0	7d000000
enemy.anm	77	11516	3	4	12	0	7e000000
enemy.anm	77	11528	3	8	12	0	7f000000
enemy.anm	77	11540	3	12	12	0	80000000
enemy.anm	77	11552	4	16	16	0	0000000000000000
enemy.anm	77	11568	-1	0	0	0	
enemy.anm	78	11576	3	0	12	0	84000000
enemy.anm	78	11588	3	8	12	0	83000000
enemy.anm	78	11600	3	16	12	0	82000000
enemy.anm	78	11612	3	24	12	0	81000000
enemy.anm	78	11624	2	24	8	0	
enemy.anm	78	11632	-1	0	0	0	
enemy.anm	79	11640	10	0	8	0	
enemy.anm	79	11648	3	0	12	0	84000000
enemy.anm	79	11660	3	8	12	0	83000000
enemy.anm	79	11672	3	16	12	0	82000000
enemy.anm	79	11684	3	24	12	0	81000000
enemy.anm	79	11696	2	24	8	0	
enemy.anm	79	11704	-1	0	0	0	
enemy.anm	80	11712	3	0	12	0	81000000
enemy.anm	80	11724	3	8	12	0	82000000
enemy.anm	80	11736	3	16	12	0	83000000
enemy.anm	80	11748	3	24	12	0	84000000
enemy.anm	80	11760	3	24	12	0	7d000000
enemy.anm	80	11772	3	28	12	0	7e000000
enemy.anm	80	11784	3	32	12	0	7f000000
enemy.anm	80	11796	3	36	12	0	80000000
enemy.anm	80	11808	4	40	16	0	3000000018000000
enemy.anm	80	11824	-1	0	0	0	
enemy.anm	81	11832	10	0	8	0	
enemy.anm	81	11840	3	0	12	0	81000000
enemy.anm	81	11852	3	8	12	0	82000000
enemy.anm	81	11864	3	16	12	0	83000000
enemy.anm	81	11876	3	24	12	0	84000000
enemy.anm	81	11888	3	24	12	0	7d000000
enemy.anm	81	11900	3	28	12	0	7e000000
enemy.anm	81	11912	3	32	12	0	7f000000
enemy.anm	81	11924	3	36	12	0	80000000
enemy.anm	81	11936	4	40	16	0	3800000018000000
enemy.anm	81	11952	-1	0	0	0	
enemy.anm	82	11960	3	0	12	0	7d000000
enemy.anm	82	11972	8	0	12	0	00000000
enemy.anm	82	11984	7	0	16	0	0000404100000000
enemy.anm	82	12000	34	0	20	0	1400000000000000ff000000
enemy.anm	82	12020	36	0	24	0	14000000040000000000803f0000803f
enemy.anm	82	12044	0	20	8	0	
enemy.anm	82	12052	3	20	12	0	7d000000
enemy.anm	82	12064	3	24	12	0	7e000000
enemy.anm	82	12076	3	28	12	0	7f000000
enemy.anm	82	12088	3	32	12	0	80000000
enemy.anm	82	12100	4	36	16	0	5c00000014000000
enemy.anm	82	12116	-1	0	0	0	
enemy.anm	83	12124	3	0	12	0	85000000
enemy.anm	83	12136	3	4	12	0	86000000
enemy.anm	83	12148	3	8	12	0	87000000
enemy.anm	83	12160	3	12	12	0	88000000
enemy.anm	83	12172	4	16	16	0	0000000000000000
enemy.anm	83	12188	-1	0	0	0	
enemy.anm	84	12196	3	0	12	0	8c000000
enemy.anm	84	12208	3	8	12	0	8b000000
enemy.anm	84	12220	3	16	12	0	8a000000
enemy.anm	84	12232	3	24	12	0	89000000
enemy.anm	84	12244	2	24	8	0	
enemy.anm	84	12252	-1	0	0	0	
enemy.anm	85	12260	10	0	8	0	
enemy.anm	85	12268	3	0	12	0	8c000000
enemy.anm	85	12280	3	8	12	0	8b000000
enemy.anm	85	12292	3	16	12	0	8a000000
enemy.anm	85	12304	3	24	12	0	89000000
enemy.anm	85	12316	2	24	8	0	
enemy.anm	85	12324	-1	0	0	0	
enemy.anm	86	12332	3	0	12	0	89000000
enemy.anm	86	12344	3	8	12	0	8a000000
enemy.anm	86	12356	3	16	12	0	8b000000
enemy.anm	86	12368	3	24	12	0	8c000000
enemy.anm	86	12380	3	24	12	0	85000000
enemy.anm	86	12392	3	28	12	0	86000000
enemy.anm	86	12404	3	32	12	0	87000000
enemy.anm	86	12416	3	36	12	0	88000000
enemy.anm	86	12428	4	40	16	0	3000000018000000
enemy.anm	86	12444	-1	0	0	0	
enemy.anm	87	12452	10	0	8	0	
enemy.anm	87	12460	3	0	12	0	89000000
enemy.anm	87	12472	3	8	12	0	8a000000
enemy.anm	87	12484	3	16	12	0	8b000000
enemy.anm	87	12496	3	24	12	0	8c000000
enemy.anm	87	12508	3	24	12	0	85000000
enemy.anm	87	12520	3	28	12	0	86000000
enemy.anm	87	12532	3	32	12	0	87000000
enemy.anm	87	12544	3	36	12	0	88000000
enemy.anm	87	12556	4	40	16	0	3800000018000000
enemy.anm	87	12572	-1	0	0	0	
enemy.anm	88	12580	3	0	12	0	85000000
enemy.anm	88	12592	8	0	12	0	00000000
enemy.anm	88	12604	7	0	16	0	0000404100000000
enemy.anm	88	12620	34	0	20	0	1400000000000000ff000000
enemy.anm	88	12640	36	0	24	0	14000000040000000000803f0000803f
enemy.anm	88	12664	0	20	8	0	
enemy.anm	88	12672	3	20	12	0	85000000
enemy.anm	88	12684	3	24	12	0	86000000
enemy.anm	88	12696	3	28	12	0	87000000
enemy.anm	88	12708	3	32	12	0	88000000
enemy.anm	88	12720	4	36	16	0	5c00000014000000
enemy.anm	88	12736	-1	0	0	0	
enemy.anm	89	12744	3	0	12	0	8d000000
enemy.anm	89	12756	3	4	12	0	8e000000
enemy.anm	89	12768	3	8	12	0	8f000000
enemy.anm	89	12780	3	12	12	0	90000000
enemy.anm	89	12792	4	16	16	0	0000000000000000
enemy.anm	89	12808	-1	0	0	0	
enemy.anm	90	12816	3	0	12	0	94000000
enemy.anm	90	12828	3	8	12	0	93000000
enemy.anm	90	12840	3	16	12	0	92000000
enemy.anm	90	12852	3	24	12	0	91000000
enemy.anm	90	12864	2	24	8	0	
enemy.anm	90	12872	-1	0	0	0	
enemy.anm	91	12880	10	0	8	0	
enemy.anm	91	12888	3	0	12	0	94000000
enemy.anm	91	12900	3	8	12	0	93000000
enemy.anm	91	12912	3	16	12	0	92000000
enemy.anm	91	12924	3	24	12	0	91000000
enemy.anm	91	12936	2	24	8	0	
enemy.anm	91	12944	-1	0	0	0	
enemy.anm	92	12952	3	0	12	0	91000000
enemy.anm	92	12964	3	8	12	0	92000000
enemy.anm	92	12976	3	16	12	0	93000000
enemy.anm	92	12988	3	24	12	0	94000000
enemy.anm	92	13000	3	24	12	0	8d000000
enemy.anm	92	13012	3	28	12	0	8e000000
enemy.anm	92	13024	3	32	12	0	8f000000
enemy.anm	92	13036	3	36	12	0	90000000
enemy.anm	92	13048	4	40	16	0	3000000018000000
enemy.anm	92	13064	-1	0	0	0	
enemy.anm	93	13072	10	0	8	0	
enemy.anm	93	13080	3	0	12	0	91000000
enemy.anm	93	13092	3	8	12	0	92000000
enemy.anm	93	13104	3	16	12	0	93000000
enemy.anm	93	13116	3	24	12	0	94000000
enemy.anm	93	13128	3	24	12	0	8d000000
enemy.anm	93	13140	3	28	12	0	8e000000
enemy.anm	93	13152	3	32	12	0	8f000000
enemy.anm	93	13164	3	36	12	0	90000000
enemy.anm	93	13176	4	40	16	0	3800000018000000
enemy.anm	93	13192	-1	0	0	0	
enemy.anm	94	13200	3	0	12	0	8d000000
enemy.anm	94	13212	8	0	12	0	00000000
enemy.anm	94	13224	7	0	16	0	0000404100000000
enemy.anm	94	13240	34	0	20	0	1400000000000000ff000000
enemy.anm	94	13260	36	0	24	0	14000000040000000000803f0000803f
enemy.anm	94	13284	0	20	8	0	
enemy.anm	94	13292	3	20	12	0	8d000000
enemy.anm	94	13304	3	24	12	0	8e000000
enemy.anm	94	13316	3	28	12	0	8f000000
enemy.anm	94	13328	3	32	12	0	90000000
enemy.anm	94	13340	4	36	16	0	5c00000014000000
enemy.anm	94	13356	-1	0	0	0	
enemy.anm	95	13364	3	0	12	0	95000000
enemy.anm	95	13376	3	4	12	0	96000000
enemy.anm	95	13388	3	8	12	0	97000000
enemy.anm	95	13400	3	12	12	0	98000000
enemy.anm	95	13412	4	16	16	0	0000000000000000
enemy.anm	95	13428	-1	0	0	0	
enemy.anm	96	13436	3	0	12	0	9c000000
enemy.anm	96	13448	3	8	12	0	9b000000
enemy.anm	96	13460	3	16	12	0	9a000000
enemy.anm	96	13472	3	24	12	0	99000000
enemy.anm	96	13484	2	24	8	0	
enemy.anm	96	13492	-1	0	0	0	
enemy.anm	97	13500	10	0	8	0	
enemy.anm	97	13508	3	0	12	0	9c000000
enemy.anm	97	13520	3	8	12	0	9b000000
enemy.anm	97	13532	3	16	12	0	9a000000
enemy.anm	97	13544	3	24	12	0	99000000
enemy.anm	97	13556	2	24	8	0	
enemy.anm	97	13564	-1	0	0	0	
enemy.anm	98	13572	3	0	12	0	99000000
enemy.anm	98	13584	3	8	12	0	9a000000
enemy.anm	98	13596	3	16	12	0	9b000000
enemy.anm	98	13608	3	24	12	0	9c000000
enemy.anm	98	13620	3	24	12	0	95000000
enemy.anm	98	13632	3	28	12	0	96000000
enemy.anm	98	13644	3	32	12	0	97000000
enemy.anm	98	13656	3	36	12	0	98000000
enemy.anm	98	13668	4	40	16	0	3000000018000000
enemy.anm	98	13684	-1	0	0	0	
enemy.anm	99	13692	10	0	8	0	
enemy.anm	99	13700	3	0	12	0	99000000
enemy.anm	99	13712	3	8	12	0	9a000000
enemy.anm	99	13724	3	16	12	0	9b000000
enemy.anm	99	13736	3	24	12	0	9c000000
enemy.anm	99	13748	3	24	12	0	95000000
enemy.anm	99	13760	3	28	12	0	96000000
enemy.anm	99	13772	3	32	12	0	97000000
enemy.anm	99	13784	3	36	12	0	98000000
enemy.anm	99	13796	4	40	16	0	3800000018000000
enemy.anm	99	13812	-1	0	0	0	
enemy.anm	100	13820	3	0	12	0	95000000
enemy.anm	100	13832	8	0	12	0	00000000
enemy.anm	100	13844	7	0	16	0	0000404100000000
enemy.anm	100	13860	34	0	20	0	1400000000000000ff000000
enemy.anm	100	13880	36	0	24	0	14000000040000000000803f0000803f
enemy.anm	100	13904	0	20	8	0	
enemy.anm	100	13912	3	20	12	0	95000000
enemy.anm	100	13924	3	24	12	0	96000000
enemy.anm	100	13936	3	28	12	0	97000000
enemy.anm	100	13948	3	32	12	0	98000000
enemy.anm	100	13960	4	36	16	0	5c00000014000000
enemy.anm	100	13976	-1	0	0	0	
etama.anm	0	4328	3	0	12	0	00000000
etama.anm	0	4340	2	0	8	0	
etama.anm	0	4348	-1	0	0	0	
etama.anm	1	4356	3	0	12	0	10000000
etama.anm	1	4368	2	0	8	0	
etama.anm	1	4376	-1	0	0	0	
etama.anm	2	4384	3	0	12	0	20000000
etama.anm	2	4396	25	0	12	0	01000000
etama.anm	2	4408	2	0	8	0	
etama.anm	2	4416	-1	0	0	0	
etama.anm	3	4424	3	0	12	0	30000000
etama.anm	3	4436	2	0	8	0	
etama.anm	3	4444	-1	0	0	0	
etama.anm	4	4452	3	0	12	0	40000000
etama.anm	4	4464	25	0	12	0	01000000
etama.anm	4	4476	2	0	8	0	
etama.anm	4	4484	-1	0	0	0	
etama.anm	5	4492	3	0	12	0	50000000
etama.anm	5	4504	25	0	12	0	01000000
etama.anm	5	4516	2	0	8	0	
etama.anm	5	4524	-1	0	0	0	
etama.anm	6	4532	3	0	12	0	60000000
etama.anm	6	4544	25	0	12	0	01000000
etama.anm	6	4556	2	0	8	0	
etama.anm	6	4564	-1	0	0	0	
etama.anm	7	4572	3	0	12	0	70000000
etama.anm	7	4584	2	0	8	0	
etama.anm	7	4592	-1	0	0	0	
etama.anm	8	4600	25	0	12	0	01000000
etama.anm	8	4612	3	0	12	0	78000000
etama.anm	8	4624	2	0	8	0	
etama.anm	8	4632	-1	0	0	0	
etama.anm	9	4640	3	0	12	0	80000000
etama.anm	9	4652	25	0	12	0	01000000
etama.anm	9	4664	2	0	8	0	
etama.anm	9	4672	-1	0	0	0	
etama.anm	10	4680	3	0	12	0	98000000
etama.anm	10	4692	16	0	12	0	01000000
etama.anm	10	4704	2	0	8	0	
etama.anm	10	4712	-1	0	0	0	
etama.anm	11	4720	3	0	12	0	30000000
etama.anm	11	4732	16	0	12	0	01000000
etama.anm	11	4744	2	0	8	0	
etama.anm	11	4752	-1	0	0	0	
etama.anm	12	4760	3	0	12	0	98000000
etama.anm	12	4772	2	0	8	0	
etama.anm	12	4780	-1	0	0	0	
etama.anm	13	4788	3	0	12	0	30000000
etama.anm	13	4800	2	0	8	0	
etama.anm	13	4808	-1	0	0	0	
etama.anm	14	4816	3	0	12	0	60000000
etama.anm	14	4828	16	0	12	0	01000000
etama.anm	14	4840	2	0	8	0	
etama.anm	14	4848	-1	0	0	0	
etama.anm	15	4856	3	0	12	0	88000000
etama.anm	15	4868	15	0	16	0	000000000c000000
etama.anm	15	4884	14	0	16	0	abaaaa3dabaaaa3d
etama.anm	15	4900	1	12	8	0	
etama.anm	15	4908	-1	0	0	0	
etama.anm	16	4916	3	0	12	0	88000000
etama.anm	16	4928	15	0	16	0	000000000c000000
etama.anm	16	4944	7	0	16	0	0000c03f0000c03f
etama.anm	16	4960	14	0	16	0	abaaaa3dabaaaa3d
etama.anm	16	4976	1	12	8	0	
etama.anm	16	4984	-1	0	0	0	
etama.anm	17	4992	3	0	12	0	88000000
etama.anm	17	5004	15	0	16	0	000000000c000000
etama.anm	17	5020	7	0	16	0	0000404000004040
etama.anm	17	5036	14	0	16	0	abaa2a3eabaa2a3e
etama.anm	17	5052	1	12	8	0	
etama.anm	17	5060	-1	0	0	0	
etama.anm	18	5068	3	0	12	0	92000000
etama.anm	18	5080	8	0	12	0	00000000
etama.anm	18	5092	15	0	16	0	9000000008000000
etama.anm	18	5108	7	0	16	0	0000803f0000803f
etama.anm	18	5124	36	0	24	0	0a000000000000009a99193f9a99193f
etama.anm	18	5148	1	10	8	0	
etama.anm	18	5156	-1	0	0	0	
etama.anm	19	5164	3	0	12	0	92000000
etama.anm	19	5176	8	0	12	0	00000000
etama.anm	19	5188	34	0	20	0	0f00000000000000ff000000
etama.anm	19	5208	7	0	16	0	0000804000008040
etama.anm	19	5224	36	0	24	0	0f000000040000000000803f0000803f
etama.anm	19	5248	1	15	8	0	
etama.anm	19	5256	-1	0	0	0	
etama.anm	20	5264	3	0	12	0	92000000
etama.anm	20	5276	8	0	12	0	00000000
etama.anm	20	5288	34	0	20	0	1e00000000000000ff000000
etama.anm	20	5308	7	0	16	0	0000804000008040
etama.anm	20	5324	36	0	24	0	1e000000040000000000803f0000803f
etama.anm	20	5348	1	30	8	0	
etama.anm	20	5356	-1	0	0	0	
etama.anm	21	5364	3	0	12	0	92000000
etama.anm	21	5376	8	0	12	0	00000000
etama.anm	21	5388	34	0	20	0	0a00000001000000a0000000
etama.anm	21	5408	7	0	16	0	0000004000000040
etama.anm	21	5424	36	0	24	0	0a000000040000000000803f0000803f
etama.anm	21	5448	1	10	8	0	
etama.anm	21	5456	-1	0	0	0	
etama.anm	22	5464	3	0	12	0	92000000
etama.anm	22	5476	8	0	12	0	00000000
etama.anm	22	5488	34	0	20	0	0f00000000000000a0000000
etama.anm	22	5508	7	0	16	0	0000404000004040
etama.anm	22	5524	36	0	24	0	0f000000040000000000803f0000803f
etama.anm	22	5548	1	15	8	0	
etama.anm	22	5556	-1	0	0	0	
etama.anm	23	5564	3	0	12	0	92000000
etama.anm	23	5576	8	0	12	0	00000000
etama.anm	23	5588	34	0	20	0	1900000000000000e0000000
etama.anm	23	5608	7	0	16	0	0000804000008040
etama.anm	23	5624	36	0	24	0	1e000000040000000000c03f0000c03f
etama.anm	23	5648	1	30	8	0	
etama.anm	23	5656	3	0	12	0	92000000
etama.anm	23	5668	8	0	12	0	00000000
etama.anm	23	5680	15	0	16	0	9000000020000000
etama.anm	23	5696	7	0	16	0	0000804000008040
etama.anm	23	5712	14	0	16	0	9a9999bd9a9999bd
etama.anm	23	5728	1	32	8	0	
etama.anm	23	5736	-1	0	0	0	
etama.anm	24	5744	3	0	12	0	92000000
etama.anm	24	5756	8	0	12	0	00000000
etama.anm	24	5768	34	0	20	0	1900000000000000ff000000
etama.anm	24	5788	7	0	16	0	0000a0400000a040
etama.anm	24	5804	36	0	24	0	1e000000040000000000004000000040
etama.anm	24	5828	1	30	8	0	
etama.anm	24	5836	-1	0	0	0	
etama.anm	25	138708	3	0	12	0	a8000000
etama.anm	25	138720	16	0	12	0	01000000
etama.anm	25	138732	2	0	8	0	
etama.anm	25	138740	-1	0	0	0	
etama.anm	26	138748	3	0	12	0	a8000000
etama.anm	26	138760	16	0	12	0	01000000
etama.anm	26	138772	15	0	16	0	0000000010000000
etama.anm	26	138788	14	0	16	0	000080bd000080bd
etama.anm	26	138804	1	16	8	0	
etama.anm	26	138812	-1	0	0	0	
etama.anm	27	138820	3	0	12	0	a8000000
etama.anm	27	138832	16	0	12	0	01000000
etama.anm	27	138844	8	0	12	0	00000000
etama.anm	27	138856	15	0	16	0	ff00000020000000
etama.anm	27	138872	7	0	16	0	0000004000000040
etama.anm	27	138888	14	0	16	0	abaa2abdabaa2abd
etama.anm	27	138904	1	24	8	0	
etama.anm	27	138912	-1	0	0	0	
etama.anm	28	138920	3	0	12	0	c0000000
etama.anm	28	138932	7	0	16	0	0000003f0000003f
etama.anm	28	138948	14	0	16	0	9a99993d9a99993d
etama.anm	28	138964	15	0	16	0	0000000014000000
etama.anm	28	138980	30	0	12	0	01000000
etama.anm	28	138992	1	20	8	0	
etama.anm	28	139000	-1	0	0	0	
etama.anm	29	139008	3	0	12	0	c2000000
etama.anm	29	139020	16	0	12	0	01000000
etama.anm	29	139032	15	0	16	0	0000000014000000
etama.anm	29	139048	7	0	16	0	0000003f0000003f
etama.anm	29	139064	14	0	16	0	9a99993d9a99993d
etama.anm	29	139080	13	0	20	0	00000000000000009a9919bf
etama.anm	29	139100	30	0	12	0	01000000
etama.anm	29	139112	1	20	8	0	
etama.anm	29	139120	-1	0	0	0	
etama.anm	30	139128	3	0	12	0	d6000000
etama.anm	30	139140	30	0	12	0	01000000
etama.anm	30	139152	16	0	12	0	01000000
etama.anm	30	139164	7	0	16	0	0000803f0000803f
etama.anm	30	139180	14	0	16	0	9a99193e9a99193e
etama.anm	30	139196	15	20	16	0	0000000014000000
etama.anm	30	139212	1	40	8	0	
etama.anm	30	139220	-1	0	0	0	
etama.anm	31	139228	3	0	12	0	c3000000
etama.anm	31	139240	30	0	12	0	01000000
etama.anm	31	139252	16	0	12	0	01000000
etama.anm	31	139264	15	0	16	0	0000000028000000
etama.anm	31	139280	7	0	16	0	0000404000004040
etama.anm	31	139296	14	0	16	0	9a9999bd9a9999bd
etama.anm	31	139312	1	40	8	0	
etama.anm	31	139320	-1	0	0	0	
etama.anm	32	139328	3	0	12	0	c3000000
etama.anm	32	139340	30	0	12	0	01000000
etama.anm	32	139352	16	0	12	0	01000000
etama.anm	32	139364	8	0	12	0	00000000
etama.anm	32	139376	15	0	16	0	8000000028000000
etama.anm	32	139392	60	0	16	1	00501c460000803f
etama.anm	32	139408	50	0	20	3	00501c4600501c460000c03f
etama.anm	32	139428	7	0	16	3	00501c4600501c46
etama.anm	32	139444	60	0	16	1	00501c46920a863e
etama.anm	32	139460	52	0	20	3	00501c4600501c46920a063e
etama.anm	32	139480	13	0	20	4	000000000000000000501c46
etama.anm	32	139500	14	0	16	0	cdccccbccdccccbc
etama.anm	32	139516	1	60	8	0	
etama.anm	32	139524	-1	0	0	0	
etama.anm	33	139532	3	0	12	0	c3000000
etama.anm	33	139544	30	0	12	0	01000000
etama.anm	33	139556	16	0	12	0	01000000
etama.anm	33	139568	8	0	12	0	00000000
etama.anm	33	139580	15	0	16	0	3000000078000000
etama.anm	33	139596	60	0	16	1	00501c460000803f
etama.anm	33	139612	50	0	20	3	00501c4600501c460000c03f
etama.anm	33	139632	7	0	16	3	00501c4600501c46
etama.anm	33	139648	60	0	16	1	00501c46920a863e
etama.anm	33	139664	52	0	20	3	00501c4600501c46920a063e
etama.anm	33	139684	13	0	20	4	000000000000000000501c46
etama.anm	33	139704	14	0	16	0	cdccccbbcdccccbb
etama.anm	33	139720	1	240	8	0	
etama.anm	33	139728	-1	0	0	0	
etama.anm	34	139736	3	0	12	0	d9000000
etama.anm	34	139748	30	0	12	0	01000000
etama.anm	34	139760	16	0	12	0	01000000
etama.anm	34	139772	8	0	12	0	00000000
etama.anm	34	139784	34	0	20	0	3c00000000000000ff000000
etama.anm	34	139804	60	0	16	1	00501c460000803f
etama.anm	34	139820	50	0	20	3	00501c4600501c4600006040
etama.anm	34	139840	7	0	16	3	00501c4600501c46
etama.anm	34	139856	60	0	16	1	00501c46920a863e
etama.anm	34	139872	52	0	20	3	00501c4600501c46920a063e
etama.anm	34	139892	13	0	20	4	000000000000000000501c46
etama.anm	34	139912	36	0	24	0	7800000004000000cdcccc3ecdcccc3e
etama.anm	34	139936	34	60	20	0	3c0000000000000000000000
etama.anm	34	139956	1	120	8	0	
etama.anm	34	139964	-1	0	0	0	
etama.anm	35	139972	3	0	12	0	c4000000
etama.anm	35	139984	30	0	12	0	01000000
etama.anm	35	139996	8	0	12	0	00000000
etama.anm	35	140008	34	0	20	0	0a0000000000000080000000
etama.anm	35	140028	82	0	12	0	01000000
etama.anm	35	140040	13	0	20	0	0000000000000000db0f49be
etama.anm	35	140060	4	5000	16	0	5800000000000000
etama.anm	35	140076	-1	0	0	0	
etama.anm	36	140084	3	0	12	0	c6000000
etama.anm	36	140096	30	0	12	0	01000000
etama.anm	36	140108	16	0	12	0	01000000
etama.anm	36	140120	8	0	12	0	c0000000
etama.anm	36	140132	15	0	16	0	000000001e000000
etama.anm	36	140148	7	0	16	0	0000803f0000803f
etama.anm	36	140164	36	0	24	0	1e000000000000000000000000000000
etama.anm	36	140188	1	30	8	0	
etama.anm	36	140196	-1	0	0	0	
etama.anm	37	140204	3	0	12	0	ca000000
etama.anm	37	140216	30	0	12	0	01000000
etama.anm	37	140228	16	0	12	0	01000000
etama.anm	37	140240	8	0	12	0	80000000
etama.anm	37	140252	15	0	16	0	000000001e000000
etama.anm	37	140268	7	0	16	0	0000803f0000803f
etama.anm	37	140284	36	0	24	0	1e000000000000000000000000000000
etama.anm	37	140308	1	30	8	0	
etama.anm	37	140316	-1	0	0	0	
etama.anm	38	140324	3	0	12	0	ce000000
etama.anm	38	140336	30	0	12	0	01000000
etama.anm	38	140348	16	0	12	0	01000000
etama.anm	38	140360	8	0	12	0	80000000
etama.anm	38	140372	15	0	16	0	000000001e000000
etama.anm	38	140388	7	0	16	0	0000803f0000803f
etama.anm	38	140404	36	0	24	0	1e000000000000000000000000000000
etama.anm	38	140428	1	30	8	0	
etama.anm	38	140436	-1	0	0	0	
etama.anm	39	140444	3	0	12	0	d2000000
etama.anm	39	140456	30	0	12	0	01000000
etama.anm	39	140468	16	0	12	0	01000000
etama.anm	39	140480	8	0	12	0	80000000
etama.anm	39	140492	15	0	16	0	000000001e000000
etama.anm	39	140508	7	0	16	0	0000803f0000803f
etama.anm	39	140524	36	0	24	0	1e000000000000000000000000000000
etama.anm	39	140548	1	30	8	0	
etama.anm	39	140556	-1	0	0	0	
etama.anm	40	140564	3	0	12	0	c6000000
etama.anm	40	140576	30	0	12	0	01000000
etama.anm	40	140588	16	0	12	0	01000000
etama.anm	40	140600	8	0	12	0	80000000
etama.anm	40	140612	15	0	16	0	000000001e000000
etama.anm	40	140628	7	0	16	0	3333333f3333333f
etama.anm	40	140644	14	0	16	0	8c25bfbc8c25bfbc
etama.anm	40	140660	13	0	20	0	00000000000000009a99193f
etama.anm	40	140680	1	30	8	0	
etama.anm	40	140688	-1	0	0	0	
etama.anm	41	140696	3	0	12	0	ca000000
etama.anm	41	140708	30	0	12	0	01000000
etama.anm	41	140720	16	0	12	0	01000000
etama.anm	41	140732	8	0	12	0	80000000
etama.anm	41	140744	15	0	16	0	000000001e000000
etama.anm	41	140760	7	0	16	0	3333333f3333333f
etama.anm	41	140776	14	0	16	0	8c25bfbc8c25bfbc
etama.anm	41	140792	13	0	20	0	00000000000000009a99193f
etama.anm	41	140812	1	30	8	0	
etama.anm	41	140820	-1	0	0	0	
etama.anm	42	140828	3	0	12	0	ce000000
etama.anm	42	140840	30	0	12	0	01000000
etama.anm	42	140852	16	0	12	0	01000000
etama.anm	42	140864	8	0	12	0	80000000
etama.anm	42	140876	15	0	16	0	000000001e000000
etama.anm	42	140892	7	0	16	0	3333333f3333333f
etama.anm	42	140908	14	0	16	0	8c25bfbc8c25bfbc
etama.anm	42	140924	13	0	20	0	00000000000000009a99193f
etama.anm	42	140944	1	30	8	0	
etama.anm	42	140952	-1	0	0	0	
etama.anm	43	140960	3	0	12	0	d2000000
etama.anm	43	140972	30	0	12	0	01000000
etama.anm	43	140984	16	0	12	0	01000000
etama.anm	43	140996	8	0	12	0	80000000
etama.anm	43	141008	15	0	16	0	000000001e000000
etama.anm	43	141024	7	0	16	0	3333333f3333333f
etama.anm	43	141040	14	0	16	0	8c25bfbc8c25bfbc
etama.anm	43	141056	13	0	20	0	00000000000000009a99193f
etama.anm	43	141076	1	30	8	0	
etama.anm	43	141084	-1	0	0	0	
etama.anm	44	141092	3	0	12	0	d6000000
etama.anm	44	141104	30	0	12	0	01000000
etama.anm	44	141116	16	0	12	0	01000000
etama.anm	44	141128	15	0	16	0	0000000028000000
etama.anm	44	141144	7	0	16	0	0000003f0000003f
etama.anm	44	141160	14	0	16	0	9a99993e9a99993e
etama.anm	44	141176	1	40	8	0	
etama.anm	44	141184	-1	0	0	0	
etama.anm	45	141192	3	0	12	0	d7000000
etama.anm	45	141204	30	0	12	0	01000000
etama.anm	45	141216	16	0	12	0	01000000
etama.anm	45	141228	7	0	16	0	0000c03f0000c03f
etama.anm	45	141244	13	0	20	0	0000000000000000db0f49be
etama.anm	45	141264	8	60	12	0	ff000000
etama.anm	45	141276	15	120	16	0	400000003c000000
etama.anm	45	141292	15	180	16	0	ff0000003c000000
etama.anm	45	141308	4	240	16	0	4800000000000000
etama.anm	45	141324	-1	0	0	0	
etama.anm	46	141332	3	0	12	0	c6000000
etama.anm	46	141344	30	0	12	0	01000000
etama.anm	46	141356	16	0	12	0	01000000
etama.anm	46	141368	8	0	12	0	30000000
etama.anm	46	141380	15	0	16	0	0000000078000000
etama.anm	46	141396	7	0	16	0	0000404000004040
etama.anm	46	141412	14	0	16	0	cdccccbccdccccbc
etama.anm	46	141428	1	120	8	0	
etama.anm	46	141436	-1	0	0	0	
etama.anm	47	141444	3	0	12	0	c1000000
etama.anm	47	141456	16	0	12	0	01000000
etama.anm	47	141468	7	0	16	0	0000c03f0000c03f
etama.anm	47	141484	8	0	12	0	00000000
etama.anm	47	141496	15	0	16	0	8000000014000000
etama.anm	47	141512	14	20	16	0	898888bb898888bb
etama.anm	47	141528	14	140	16	0	8988883b8988883b
etama.anm	47	141544	30	140	12	0	01000000
etama.anm	47	141556	1	20	8	0	
etama.anm	47	141564	-1	0	0	0	
etama.anm	48	141572	3	0	12	0	c5000000
etama.anm	48	141584	16	0	12	0	01000000
etama.anm	48	141596	7	0	16	0	0000000000000000
etama.anm	48	141612	8	0	12	0	00000000
etama.anm	48	141624	85	0	12	0	00000000
etama.anm	48	141636	13	0	20	0	0000000000000000507756bd
etama.anm	48	141656	30	0	12	0	01000000
etama.anm	48	141668	21	0	12	0	01000000
etama.anm	48	141680	33	0	28	0	0800000000000000c000000080000000ff000000
etama.anm	48	141708	34	0	20	0	0800000000000000ff000000
etama.anm	48	141728	86	0	28	0	0800000000000000ff0000005c0000005c000000
etama.anm	48	141756	87	0	20	0	0800000000000000ff000000
etama.anm	48	141776	36	0	24	0	08000000000000000000003f0000003f
etama.anm	48	141800	20	0	8	0	
etama.anm	48	141808	21	0	12	0	02000000
etama.anm	48	141820	33	0	28	0	08000000000000006000000060000000ff000000
etama.anm	48	141848	34	0	20	0	0800000000000000c8000000
etama.anm	48	141868	86	0	28	0	0800000000000000ff0000005c0000005c000000
etama.anm	48	141896	87	0	20	0	0800000000000000c8000000
etama.anm	48	141916	36	0	24	0	0800000000000000cdcc4c3fcdcc4c3f
etama.anm	48	141940	20	0	8	0	
etama.anm	48	141948	21	0	12	0	03000000
etama.anm	48	141960	34	0	20	0	0a0000000000000000000000
etama.anm	48	141980	87	0	20	0	0a0000000000000000000000
etama.anm	48	142000	36	0	24	0	0a000000000000000000000000000000
etama.anm	48	142024	1	10	8	0	
etama.anm	48	142032	-1	0	0	0	
etama.anm	49	142040	3	0	12	0	c5000000
etama.anm	49	142052	16	0	12	0	01000000
etama.anm	49	142064	7	0	16	0	0000000000000000
etama.anm	49	142080	8	0	12	0	00000000
etama.anm	49	142092	85	0	12	0	00000000
etama.anm	49	142104	13	0	20	0	0000000000000000507756bd
etama.anm	49	142124	30	0	12	0	01000000
etama.anm	49	142136	21	0	12	0	01000000
etama.anm	49	142148	33	0	28	0	080000000000000080000000ff00000080000000
etama.anm	49	142176	34	0	20	0	0800000000000000ff000000
etama.anm	49	142196	86	0	28	0	0800000000000000ff000000ff00000040000000
etama.anm	49	142224	87	0	20	0	0800000000000000ff000000
etama.anm	49	142244	36	0	24	0	08000000000000000000003f0000003f
etama.anm	49	142268	20	0	8	0	
etama.anm	49	142276	21	0	12	0	02000000
etama.anm	49	142288	33	0	28	0	080000000000000060000000ff00000060000000
etama.anm	49	142316	34	0	20	0	0800000000000000c8000000
etama.anm	49	142336	86	0	28	0	0800000000000000ff000000ff0000005c000000
etama.anm	49	142364	87	0	20	0	0800000000000000c8000000
etama.anm	49	142384	36	0	24	0	0800000000000000cdcc4c3fcdcc4c3f
etama.anm	49	142408	20	0	8	0	
etama.anm	49	142416	21	0	12	0	03000000
etama.anm	49	142428	34	0	20	0	0a0000000000000000000000
etama.anm	49	142448	87	0	20	0	0a0000000000000000000000
etama.anm	49	142468	36	0	24	0	0a000000000000000000000000000000
etama.anm	49	142492	1	10	8	0	
etama.anm	49	142500	-1	0	0	0	
etama.anm	50	142508	3	0	12	0	c5000000
etama.anm	50	142520	16	0	12	0	01000000
etama.anm	50	142532	7	0	16	0	0000000000000000
etama.anm	50	142548	8	0	12	0	00000000
etama.anm	50	142560	85	0	12	0	00000000
etama.anm	50	142572	13	0	20	0	0000000000000000507756bd
etama.anm	50	142592	30	0	12	0	01000000
etama.anm	50	142604	21	0	12	0	01000000
etama.anm	50	142616	33	0	28	0	080000000000000080000000ff00000080000000
etama.anm	50	142644	34	0	20	0	0800000000000000ff000000
etama.anm	50	142664	86	0	28	0	0800000000000000ff000000ff00000040000000
etama.anm	50	142692	87	0	20	0	0800000000000000ff000000
etama.anm	50	142712	36	0	24	0	08000000000000000000803f0000803f
etama.anm	50	142736	20	0	8	0	
etama.anm	50	142744	21	0	12	0	02000000
etama.anm	50	142756	33	0	28	0	080000000000000060000000ff00000060000000
etama.anm	50	142784	34	0	20	0	0800000000000000c8000000
etama.anm	50	142804	86	0	28	0	0800000000000000ff000000ff0000005c000000
etama.anm	50	142832	87	0	20	0	0800000000000000c8000000
etama.anm	50	142852	36	0	24	0	08000000000000009a99993f9a99993f
etama.anm	50	142876	20	0	8	0	
etama.anm	50	142884	21	0	12	0	03000000
etama.anm	50	142896	34	0	20	0	0a0000000000000000000000
etama.anm	50	142916	87	0	20	0	0a0000000000000000000000
etama.anm	50	142936	36	0	24	0	0a000000000000000000000000000000
etama.anm	50	142960	1	10	8	0	
etama.anm	50	142968	-1	0	0	0	
etama.anm	51	142976	3	0	12	0	d8000000
etama.anm	51	142988	30	0	12	0	01000000
etama.anm	51	143000	31	0	12	0	01000000
etama.anm	51	143012	8	0	12	0	00000000
etama.anm	51	143024	15	0	16	0	400000001e000000
etama.anm	51	143040	7	0	16	0	cdcc4c3ecdcc4c3e
etama.anm	51	143056	14	0	16	0	3ec32eba3ec32eba
etama.anm	51	143072	15	30	16	0	000000002c010000
etama.anm	51	143088	1	300	8	0	
etama.anm	51	143096	-1	0	0	0	
etama.anm	52	143104	3	0	12	0	d8000000
etama.anm	52	143116	16	0	12	0	01000000
etama.anm	52	143128	30	0	12	0	01000000
etama.anm	52	143140	8	0	12	0	ff000000
etama.anm	52	143152	60	0	16	1	00501c4600004040
etama.anm	52	143168	50	0	20	3	00501c4600501c46cdcc4c3f
etama.anm	52	143188	7	0	16	3	00501c4600501c46
etama.anm	52	143204	36	0	24	0	5a000000010000000000000000000000
etama.anm	52	143228	60	0	16	1	00501c465077563d
etama.anm	52	143244	52	0	20	3	00501c4600501c465077d63c
etama.anm	52	143264	13	0	20	4	000000000000000000501c46
etama.anm	52	143284	34	30	20	0	3c0000000100000000000000
etama.anm	52	143304	1	90	8	0	
etama.anm	52	143312	-1	0	0	0	
etama.anm	53	143320	3	0	12	0	d9000000
etama.anm	53	143332	16	0	12	0	01000000
etama.anm	53	143344	30	0	12	0	01000000
etama.anm	53	143356	8	0	12	0	ff000000
etama.anm	53	143368	60	0	16	1	00501c4600008040
etama.anm	53	143384	50	0	20	3	00501c4600501c46cdcc4c3f
etama.anm	53	143404	7	0	16	3	00501c4600501c46
etama.anm	53	143420	36	0	24	0	5a000000010000000000000000000000
etama.anm	53	143444	60	0	16	1	00501c46db0fc940
etama.anm	53	143460	52	0	20	3	00501c4600501c46db0f4940
etama.anm	53	143480	12	0	20	4	000000000000000000501c46
etama.anm	53	143500	60	0	16	1	00501c465077563d
etama.anm	53	143516	52	0	20	3	00501c4600501c465077d63c
etama.anm	53	143536	13	0	20	4	000000000000000000501c46
etama.anm	53	143556	34	30	20	0	3c0000000100000000000000
etama.anm	53	143576	1	90	8	0	
etama.anm	53	143584	-1	0	0	0	
etama.anm	54	143592	3	0	12	0	da000000
etama.anm	54	143604	30	0	12	0	01000000
etama.anm	54	143616	8	0	12	0	00000000
etama.anm	54	143628	60	0	16	1	00501c460000803f
etama.anm	54	143644	50	0	20	3	00501c4600501c460000003f
etama.anm	54	143664	38	0	16	1	00501c465077d63c
etama.anm	54	143680	13	0	20	4	000000000000000000501c46
etama.anm	54	143700	34	0	20	0	1400000001000000ff000000
etama.anm	54	143720	20	20	8	0	
etama.anm	54	143728	21	20	12	0	01000000
etama.anm	54	143740	34	20	20	0	1e0000000100000000000000
etama.anm	54	143760	1	50	8	0	
etama.anm	54	143768	-1	0	0	0	
etama.anm	55	143776	3	0	12	0	da000000
etama.anm	55	143788	16	0	12	0	01000000
etama.anm	55	143800	30	0	12	0	01000000
etama.anm	55	143812	8	0	12	0	ff000000
etama.anm	55	143824	7	0	16	0	0000803f0000803f
etama.anm	55	143840	36	0	24	0	0a0000000100000000008040cdcc4c3d
etama.anm	55	143864	34	0	20	0	0a0000000000000000000000
etama.anm	55	143884	1	10	8	0	
etama.anm	55	143892	-1	0	0	0	
etama.anm	56	143900	3	0	12	0	d6000000
etama.anm	56	143912	30	0	12	0	01000000
etama.anm	56	143924	16	0	12	0	01000000
etama.anm	56	143936	15	0	16	0	0000000028000000
etama.anm	56	143952	7	0	16	0	0000a0400000a040
etama.anm	56	143968	14	0	16	0	000000be000000be
etama.anm	56	143984	1	40	8	0	
etama.anm	56	143992	-1	0	0	0	
etama.anm	57	144000	3	0	12	0	c1000000
etama.anm	57	144012	30	0	12	0	01000000
etama.anm	57	144024	82	0	12	0	01000000
etama.anm	57	144036	34	0	20	0	0a0000000000000000000000
etama.anm	57	144056	7	0	16	0	0000003f0000003f
etama.anm	57	144072	36	0	24	0	0a000000000000000000a0400000a040
etama.anm	57	144096	1	10	8	0	
etama.anm	57	144104	-1	0	0	0	
etama.anm	58	144112	3	0	12	0	c1000000
etama.anm	58	144124	30	0	12	0	01000000
etama.anm	58	144136	82	0	12	0	01000000
etama.anm	58	144148	8	0	12	0	00000000
etama.anm	58	144160	34	0	20	0	0a00000000000000ff000000
etama.anm	58	144180	7	0	16	0	0000a0400000a040
etama.anm	58	144196	36	0	24	0	0a00000000000000cdcccc3ecdcccc3e
etama.anm	58	144220	1	10	8	0	
etama.anm	58	144228	-1	0	0	0	
etama.anm	59	144236	3	0	12	0	c1000000
etama.anm	59	144248	30	0	12	0	01000000
etama.anm	59	144260	82	0	12	0	01000000
etama.anm	59	144272	8	0	12	0	60000000
etama.anm	59	144284	34	0	20	0	0a0000000000000000000000
etama.anm	59	144304	7	0	16	0	0000003f0000003f
etama.anm	59	144320	36	0	24	0	0a000000000000000000a0400000a040
etama.anm	59	144344	1	10	8	0	
etama.anm	59	144352	-1	0	0	0	
etama.anm	60	144360	3	0	12	0	c1000000
etama.anm	60	144372	30	0	12	0	01000000
etama.anm	60	144384	82	0	12	0	01000000
etama.anm	60	144396	8	0	12	0	00000000
etama.anm	60	144408	34	0	20	0	0a0000000000000060000000
etama.anm	60	144428	7	0	16	0	0000a0400000a040
etama.anm	60	144444	36	0	24	0	0a00000000000000cdcccc3ecdcccc3e
etama.anm	60	144468	1	10	8	0	
etama.anm	60	144476	-1	0	0	0	
etama.anm	61	144484	3	0	12	0	ac000000
etama.anm	61	144496	2	0	8	0	
etama.anm	61	144504	-1	0	0	0	
etama.anm	62	144512	3	0	12	0	ad000000
etama.anm	62	144524	2	0	8	0	
etama.anm	62	144532	-1	0	0	0	
etama.anm	63	144540	3	0	12	0	ae000000
etama.anm	63	144552	2	0	8	0	
etama.anm	63	144560	-1	0	0	0	
etama.anm	64	144568	3	0	12	0	af000000
etama.anm	64	144580	2	0	8	0	
etama.anm	64	144588	-1	0	0	0	
etama.anm	65	144596	3	0	12	0	b0000000
etama.anm	65	144608	2	0	8	0	
etama.anm	65	144616	-1	0	0	0	
etama.anm	66	144624	3	0	12	0	b1000000
etama.anm	66	144636	2	0	8	0	
etama.anm	66	144644	-1	0	0	0	
etama.anm	67	144652	3	0	12	0	b2000000
etama.anm	67	144664	8	0	12	0	c0000000
etama.anm	67	144676	2	0	8	0	
etama.anm	67	144684	-1	0	0	0	
etama.anm	68	144692	3	0	12	0	b3000000
etama.anm	68	144704	33	30	28	0	1400000000000000800000008000000080000000
etama.anm	68	144732	34	30	20	0	1400000000000000c0000000
etama.anm	68	144752	2	50	8	0	
etama.anm	68	144760	-1	0	0	0	
etama.anm	69	144768	3	0	12	0	b4000000
etama.anm	69	144780	2	0	8	0	
etama.anm	69	144788	52	0	20	1	00501c4600008040db0f4940
etama.anm	69	144808	12	0	20	4	000000000000000000501c46
etama.anm	69	144828	37	0	16	1	1027000000000000
etama.anm	69	144844	69	0	24	1	10270000000000007800000000000000
etama.anm	69	144868	13	0	20	0	0000000000000000db0fc93e
etama.anm	69	144888	4	0	16	0	9c00000000000000
etama.anm	69	144904	13	0	20	0	0000000000000000db0fc9be
etama.anm	69	144924	0	0	8	0	
etama.anm	69	144932	4	30000	16	0	9c00000000000000
etama.anm	69	144948	-1	0	0	0	
etama.anm	70	144956	3	0	12	0	b3000000
etama.anm	70	144968	9	0	20	0	c0000000c0000000c0000000
etama.anm	70	144988	8	0	12	0	c0000000
etama.anm	70	145000	2	0	8	0	
etama.anm	70	145008	-1	0	0	0	
etama.anm	71	145016	3	0	12	0	db000000
etama.anm	71	145028	82	0	12	0	01000000
etama.anm	71	145040	60	0	16	1	00501c460000803f
etama.anm	71	145056	50	0	20	3	00501c4600501c46cdcc8c3f
etama.anm	71	145076	7	0	16	3	00501c4600501c46
etama.anm	71	145092	36	0	24	0	14000000000000000000000000000000
etama.anm	71	145116	59	0	16	1	1027000040000000
etama.anm	71	145132	49	0	20	3	102700001027000030000000
etama.anm	71	145152	8	0	12	1	10270000
etama.anm	71	145164	59	0	16	1	1027000040000000
etama.anm	71	145180	49	0	20	3	102700001027000080000000
etama.anm	71	145200	59	0	16	1	1127000040000000
etama.anm	71	145216	49	0	20	3	112700001127000080000000
etama.anm	71	145236	59	0	16	1	1227000040000000
etama.anm	71	145252	49	0	20	3	122700001227000080000000
etama.anm	71	145272	9	0	20	7	102700001127000012270000
etama.anm	71	145292	1	20	8	0	
etama.anm	71	145300	-1	0	0	0	
etama.anm	72	145308	3	0	12	0	db000000
etama.anm	72	145320	82	0	12	0	01000000
etama.anm	72	145332	60	0	16	1	00501c460000803f
etama.anm	72	145348	50	0	20	3	00501c4600501c46cdcc8c3f
etama.anm	72	145368	7	0	16	3	00501c4600501c46
etama.anm	72	145384	36	0	24	0	14000000000000000000000000000000
etama.anm	72	145408	59	0	16	1	1027000040000000
etama.anm	72	145424	49	0	20	3	102700001027000030000000
etama.anm	72	145444	8	0	12	1	10270000
etama.anm	72	145456	60	0	16	1	00501c4600008041
etama.anm	72	145472	52	0	20	3	00501c4600501c4600000041
etama.anm	72	145492	60	0	16	1	00541c4600000041
etama.anm	72	145508	50	0	20	3	00541c4600541c4600008041
etama.anm	72	145528	52	0	20	5	00541c460000000000541c46
etama.anm	72	145548	24	0	12	0	01000000
etama.anm	72	145560	6	0	20	0	000000000000000000000000
etama.anm	72	145580	32	0	28	12	140000000100000000501c4600541c4600000000
etama.anm	72	145608	1	20	8	0	
etama.anm	72	145616	-1	0	0	0	
etama.anm	73	145624	3	0	12	0	dc000000
etama.anm	73	145636	82	0	12	0	01000000
etama.anm	73	145648	60	0	16	1	00501c465077563d
etama.anm	73	145664	52	0	20	3	00501c4600501c465077d63c
etama.anm	73	145684	13	0	20	4	000000000000000000501c46
etama.anm	73	145704	60	0	16	1	00501c46cdcccc3d
etama.anm	73	145720	50	0	20	3	00501c4600501c46cdcccc3d
etama.anm	73	145740	7	0	16	3	00501c4600501c46
etama.anm	73	145756	44	0	16	1	00501c460000003f
etama.anm	73	145772	8	0	12	0	00000000
etama.anm	73	145784	59	0	16	1	1027000020000000
etama.anm	73	145800	49	0	20	3	102700001027000030000000
etama.anm	73	145820	34	0	20	4	1e0000000000000010270000
etama.anm	73	145840	59	0	16	1	102700007f000000
etama.anm	73	145856	49	0	20	3	102700001027000080000000
etama.anm	73	145876	59	0	16	1	112700007f000000
etama.anm	73	145892	49	0	20	3	112700001127000080000000
etama.anm	73	145912	9	1	20	3	1027000011270000ff000000
etama.anm	73	145932	36	31	24	12	780000000500000000501c4600501c46
etama.anm	73	145956	34	121	20	0	1e0000000000000000000000
etama.anm	73	145976	1	241	8	0	
etama.anm	73	145984	-1	0	0	0	
etama.anm	74	145992	3	0	12	0	dc000000
etama.anm	74	146004	82	0	12	0	01000000
etama.anm	74	146016	60	0	16	1	00501c465077563d
etama.anm	74	146032	52	0	20	3	00501c4600501c465077d63c
etama.anm	74	146052	13	0	20	4	000000000000000000501c46
etama.anm	74	146072	60	0	16	1	00501c46cdcccc3d
etama.anm	74	146088	50	0	20	3	00501c4600501c460000803f
etama.anm	74	146108	7	0	16	3	00501c4600501c46
etama.anm	74	146124	44	0	16	1	00501c460000003f
etama.anm	74	146140	8	0	12	0	00000000
etama.anm	74	146152	59	0	16	1	1027000020000000
etama.anm	74	146168	49	0	20	3	102700001027000060000000
etama.anm	74	146188	34	0	20	4	1e0000000000000010270000
etama.anm	74	146208	59	0	16	1	102700007f000000
etama.anm	74	146224	49	0	20	3	102700001027000001000000
etama.anm	74	146244	59	0	16	1	112700007f000000
etama.anm	74	146260	49	0	20	3	112700001127000001000000
etama.anm	74	146280	9	1	20	3	1027000011270000ff000000
etama.anm	74	146300	36	31	24	12	780000000500000000501c4600501c46
etama.anm	74	146324	34	121	20	0	1e0000000000000000000000
etama.anm	74	146344	1	241	8	0	
etama.anm	74	146352	-1	0	0	0	
etama.anm	75	146360	3	0	12	0	db000000
etama.anm	75	146372	82	0	12	0	01000000
etama.anm	75	146384	7	0	16	0	0000403f0000403f
etama.anm	75	146400	36	0	24	0	46000000000000000000000000000000
etama.anm	75	146424	8	0	12	0	40000000
etama.anm	75	146436	9	1	20	0	ff0000002000000020000000
etama.anm	75	146456	8	2	12	0	90000000
etama.anm	75	146468	34	3	20	0	460000000000000090000000
etama.anm	75	146488	1	72	8	0	
etama.anm	75	146496	-1	0	0	0	
etama.anm	76	278080	3	0	12	0	dd000000
etama.anm	76	278092	16	0	12	0	01000000
etama.anm	76	278104	8	0	12	0	00000000
etama.anm	76	278116	34	0	20	0	4600000000000000ff000000
etama.anm	76	278136	7	0	16	0	000040430000803f
etama.anm	76	278152	36	0	24	0	7800000000000000000070410000803f
etama.anm	76	278176	0	10	8	0	
etama.anm	76	278184	4	-15526	16	0	6000000000000000
etama.anm	76	278200	-1	0	0	0	
etama.anm	77	278208	3	0	12	0	df000000
etama.anm	77	278220	16	0	12	0	01000000
etama.anm	77	278232	8	0	12	0	00000000
etama.anm	77	278244	34	0	20	0	4600000000000000ff000000
etama.anm	77	278264	7	0	16	0	000040430000803f
etama.anm	77	278280	36	0	24	0	78000000000000000000a0410000803f
etama.anm	77	278304	0	10	8	0	
etama.anm	77	278312	4	-15526	16	0	6000000000000000
etama.anm	77	278328	-1	0	0	0	
etama.anm	78	278336	3	0	12	0	e2000000
etama.anm	78	278348	16	0	12	0	01000000
etama.anm	78	278360	8	0	12	0	00000000
etama.anm	78	278372	34	0	20	0	0400000000000000ff000000
etama.anm	78	278392	7	0	16	0	0000a0410000803f
etama.anm	78	278408	36	0	24	0	7800000000000000000000410000803f
etama.anm	78	278432	0	10	8	0	
etama.anm	78	278440	4	-15526	16	0	6000000000000000
etama.anm	78	278456	-1	0	0	0	
etama.anm	79	278464	3	0	12	0	de000000
etama.anm	79	278476	16	0	12	0	01000000
etama.anm	79	278488	0	10	8	0	
etama.anm	79	278496	4	-15526	16	0	1800000000000000
etama.anm	79	278512	-1	0	0	0	
etama.anm	80	278520	3	0	12	0	dd000000
etama.anm	80	278532	16	0	12	0	01000000
etama.anm	80	278544	8	0	12	0	00000000
etama.anm	80	278556	34	0	20	0	1e00000000000000ff000000
etama.anm	80	278576	7	0	16	0	000000430000803f
etama.anm	80	278592	36	0	24	0	1e00000000000000000070410000803f
etama.anm	80	278616	0	10	8	0	
etama.anm	80	278624	4	-15526	16	0	6000000000000000
etama.anm	80	278640	-1	0	0	0	
etama.anm	81	278648	3	0	12	0	e0000000
etama.anm	81	278660	37	0	16	1	1027000020000000
etama.anm	81	278676	37	0	16	1	1127000005000000
etama.anm	81	278692	7	0	16	0	0000804100000041
etama.anm	81	278708	36	0	24	0	1e000000010000000000404200000041
etama.anm	81	278732	60	0	16	1	00501c4600000042
etama.anm	81	278748	6	0	20	0	000040430000000000000000
etama.anm	81	278768	32	0	28	8	1e000000010000000000000000501c4600000000
etama.anm	81	278796	60	0	16	1	00541c46db0fc940
etama.anm	81	278812	52	0	20	3	00541c4600541c46db0f4940
etama.anm	81	278832	12	0	20	2	0000000000541c4600000000
etama.anm	81	278852	16	0	12	0	01000000
etama.anm	81	278864	8	0	12	0	00000000
etama.anm	81	278876	34	0	20	0	0f00000000000000ff000000
etama.anm	81	278896	1	30	8	0	
etama.anm	81	278904	-1	0	0	0	
etama.anm	82	278912	3	0	12	0	dd000000
etama.anm	82	278924	82	0	12	0	01000000
etama.anm	82	278936	8	0	12	0	00000000
etama.anm	82	278948	34	0	20	0	7800000000000000ff000000
etama.anm	82	278968	13	0	20	0	0000000000000000db0fc9be
etama.anm	82	278988	55	0	20	1	182700002c01000002000000
etama.anm	82	279008	9	0	20	0	8000000080000000ff000000
etama.anm	82	279028	9	1	20	0	ff000000ff000000ff000000
etama.anm	82	279048	5	2	20	1	182700006000000000000000
etama.anm	82	279068	34	2	20	0	320000000000000000000000
etama.anm	82	279088	55	2	20	1	182700003200000002000000
etama.anm	82	279108	9	2	20	0	8000000080000000ff000000
etama.anm	82	279128	9	3	20	0	ff000000ff000000ff000000
etama.anm	82	279148	5	4	20	1	18270000c400000002000000
etama.anm	82	279168	1	4	8	0	
etama.anm	82	279176	-1	0	0	0	
etama.anm	83	279184	3	0	12	0	e0000000
etama.anm	83	279196	82	0	12	0	01000000
etama.anm	83	279208	8	0	12	0	00000000
etama.anm	83	279220	34	0	20	0	0800000000000000ff000000
etama.anm	83	279240	34	50	20	0	1e0000000000000000000000
etama.anm	83	279260	1	80	8	0	
etama.anm	83	279268	-1	0	0	0	
etama.anm	84	279276	3	0	12	0	e1000000
etama.anm	84	279288	82	0	12	0	01000000
etama.anm	84	279300	8	0	12	0	ff000000
etama.anm	84	279312	34	8	20	0	070000000000000000000000
etama.anm	84	279332	1	23	8	0	
etama.anm	84	279340	-1	0	0	0	
etama.anm	85	279348	3	0	12	0	de000000
etama.anm	85	279360	8	0	12	0	ff000000
etama.anm	85	279372	34	45	20	0	0f0000000000000000000000
etama.anm	85	279392	1	60	8	0	
etama.anm	85	279400	-1	0	0	0	
etama.anm	86	279408	3	0	12	0	e0000000
etama.anm	86	279420	82	0	12	0	01000000
etama.anm	86	279432	7	0	16	0	0000804200008042
etama.anm	86	279448	36	0	24	0	1e000000020000000000000000000000
etama.anm	86	279472	6	0	20	0	000000000000000000000000
etama.anm	86	279492	32	0	28	0	1e00000003000000000080430000000000000000
etama.anm	86	279520	8	0	12	0	ff000000
etama.anm	86	279532	34	0	20	0	1e0000000200000000000000
etama.anm	86	279552	1	30	8	0	
etama.anm	86	279560	-1	0	0	0	
etama.anm	87	279568	3	0	12	0	e0000000
etama.anm	87	279580	16	0	12	0	01000000
etama.anm	87	279592	8	0	12	0	00000000
etama.anm	87	279604	37	0	16	1	1027000020000000
etama.anm	87	279620	37	0	16	1	1127000000000000
etama.anm	87	279636	7	0	16	0	0000004200008042
etama.anm	87	279652	36	0	24	0	1e000000020000000000804200000000
etama.anm	87	279676	6	0	20	0	000000000000000000000000
etama.anm	87	279696	32	0	28	0	1e00000003000000000040430000000000000000
etama.anm	87	279724	8	0	12	0	ff000000
etama.anm	87	279736	34	15	20	0	0f0000000100000000000000
etama.anm	87	279756	1	30	8	0	
etama.anm	87	279764	-1	0	0	0	
etama.anm	88	279772	3	0	12	0	e1000000
etama.anm	88	279784	16	0	12	0	01000000
etama.anm	88	279796	8	0	12	0	00000000
etama.anm	88	279808	9	0	20	0	8000000080000000ff000000
etama.anm	88	279828	81	0	12	0	cdcc4c3d
etama.anm	88	279840	34	0	20	0	1400000000000000ff000000
etama.anm	88	279860	34	80	20	0	3c0000000000000000000000
etama.anm	88	279880	1	140	8	0	
etama.anm	88	279888	-1	0	0	0	
etama.anm	89	279896	3	0	12	0	e1000000
etama.anm	89	279908	16	0	12	0	01000000
etama.anm	89	279920	8	0	12	0	00000000
etama.anm	89	279932	9	0	20	0	c000000080000000ff000000
etama.anm	89	279952	81	0	12	0	cdcc4cbd
etama.anm	89	279964	34	0	20	0	1400000000000000ff000000
etama.anm	89	279984	34	80	20	0	3c0000000000000000000000
etama.anm	89	280004	1	140	8	0	
etama.anm	89	280012	-1	0	0	0	
etama.anm	90	280020	3	0	12	0	e1000000
etama.anm	90	280032	16	0	12	0	01000000
etama.anm	90	280044	8	0	12	0	00000000
etama.anm	90	280056	9	0	20	0	ff00000080000000ff000000
etama.anm	90	280076	81	0	12	0	cdcc4c3d
etama.anm	90	280088	34	0	20	0	1400000000000000ff000000
etama.anm	90	280108	34	80	20	0	3c0000000000000000000000
etama.anm	90	280128	1	140	8	0	
etama.anm	90	280136	-1	0	0	0	
etama.anm	91	280144	3	0	12	0	e1000000
etama.anm	91	280156	16	0	12	0	01000000
etama.anm	91	280168	8	0	12	0	00000000
etama.anm	91	280180	9	0	20	0	ff0000008000000080000000
etama.anm	91	280200	81	0	12	0	cdcc4cbd
etama.anm	91	280212	34	0	20	0	1400000000000000ff000000
etama.anm	91	280232	34	80	20	0	3c0000000000000000000000
etama.anm	91	280252	1	140	8	0	
etama.anm	91	280260	-1	0	0	0	
etama.anm	92	280268	3	0	12	0	e1000000
etama.anm	92	280280	16	0	12	0	01000000
etama.anm	92	280292	8	0	12	0	00000000
etama.anm	92	280304	81	0	12	0	cdcc4cbd
etama.anm	92	280316	9	0	20	0	8000000080000000ff000000
etama.anm	92	280336	34	0	20	0	1400000000000000ff000000
etama.anm	92	280356	34	160	20	0	3c0000000000000000000000
etama.anm	92	280376	1	220	8	0	
etama.anm	92	280384	-1	0	0	0	
etama.anm	93	280392	3	0	12	0	e1000000
etama.anm	93	280404	16	0	12	0	01000000
etama.anm	93	280416	8	0	12	0	00000000
etama.anm	93	280428	81	0	12	0	cdcc4c3d
etama.anm	93	280440	9	0	20	0	c000000080000000ff000000
etama.anm	93	280460	34	0	20	0	1400000000000000ff000000
etama.anm	93	280480	34	160	20	0	3c0000000000000000000000
etama.anm	93	280500	1	220	8	0	
etama.anm	93	280508	-1	0	0	0	
etama.anm	94	280516	3	0	12	0	e1000000
etama.anm	94	280528	16	0	12	0	01000000
etama.anm	94	280540	8	0	12	0	00000000
etama.anm	94	280552	81	0	12	0	cdcc4cbd
etama.anm	94	280564	9	0	20	0	ff00000080000000ff000000
etama.anm	94	280584	34	0	20	0	1400000000000000ff000000
etama.anm	94	280604	34	160	20	0	3c0000000000000000000000
etama.anm	94	280624	1	220	8	0	
etama.anm	94	280632	-1	0	0	0	
etama.anm	95	280640	3	0	12	0	e1000000
etama.anm	95	280652	16	0	12	0	01000000
etama.anm	95	280664	8	0	12	0	00000000
etama.anm	95	280676	81	0	12	0	cdcc4c3d
etama.anm	95	280688	9	0	20	0	ff0000008000000080000000
etama.anm	95	280708	34	0	20	0	1400000000000000ff000000
etama.anm	95	280728	34	160	20	0	3c0000000000000000000000
etama.anm	95	280748	1	220	8	0	
etama.anm	95	280756	-1	0	0	0	
etama.anm	96	280764	3	0	12	0	e1000000
etama.anm	96	280776	16	0	12	0	01000000
etama.anm	96	280788	8	0	12	0	00000000
etama.anm	96	280800	34	0	20	0	0f00000000000000ff000000
etama.anm	96	280820	81	0	12	0	cdcc4c3d
etama.anm	96	280832	37	0	16	1	1027000004000000
etama.anm	96	280848	37	0	16	1	1127000000000000
etama.anm	96	280864	7	0	16	0	000080410000803f
etama.anm	96	280880	6	0	20	0	000000000000000000000000
etama.anm	96	280900	32	0	28	0	7800000001000000000040430000000000000000
etama.anm	96	280928	12	0	20	0	0000000000000000db0f493f
etama.anm	96	280948	4	10000	16	0	b800000000000000
etama.anm	96	280964	-1	0	0	0	
etama.anm	97	280972	3	0	12	0	e1000000
etama.anm	97	280984	16	0	12	0	01000000
etama.anm	97	280996	8	0	12	0	00000000
etama.anm	97	281008	34	0	20	0	0f00000000000000ff000000
etama.anm	97	281028	81	0	12	0	cdcc4cbd
etama.anm	97	281040	37	0	16	1	1027000004000000
etama.anm	97	281056	37	0	16	1	1127000000000000
etama.anm	97	281072	7	0	16	0	000080410000803f
etama.anm	97	281088	6	0	20	0	000000000000000000000000
etama.anm	97	281108	32	0	28	0	78000000010000000000c0420000000000000000
etama.anm	97	281136	12	0	20	0	0000000000000000db0f49bf
etama.anm	97	281156	4	10000	16	0	b800000000000000
etama.anm	97	281172	-1	0	0	0	
etama.anm	98	281180	3	0	12	0	e1000000
etama.anm	98	281192	16	0	12	0	01000000
etama.anm	98	281204	8	0	12	0	00000000
etama.anm	98	281216	34	0	20	0	0f00000000000000ff000000
etama.anm	98	281236	81	0	12	0	cdcc4c3d
etama.anm	98	281248	37	0	16	1	1027000004000000
etama.anm	98	281264	37	0	16	1	1127000000000000
etama.anm	98	281280	7	0	16	0	000080410000803f
etama.anm	98	281296	6	0	20	0	000000000000000000000000
etama.anm	98	281316	32	0	28	0	7800000001000000000060430000000000000000
etama.anm	98	281344	12	0	20	0	0000000000000000db0f493f
etama.anm	98	281364	4	10000	16	0	b800000000000000
etama.anm	98	281380	-1	0	0	0	
etama.anm	99	281388	3	0	12	0	e1000000
etama.anm	99	281400	16	0	12	0	01000000
etama.anm	99	281412	8	0	12	0	00000000
etama.anm	99	281424	34	0	20	0	0f00000000000000ff000000
etama.anm	99	281444	81	0	12	0	cdcc4cbd
etama.anm	99	281456	37	0	16	1	1027000004000000
etama.anm	99	281472	37	0	16	1	1127000000000000
etama.anm	99	281488	7	0	16	0	000080410000803f
etama.anm	99	281504	6	0	20	0	000000000000000000000000
etama.anm	99	281524	32	0	28	0	78000000010000000000e0420000000000000000
etama.anm	99	281552	12	0	20	0	0000000000000000db0f49bf
etama.anm	99	281572	4	10000	16	0	b800000000000000
etama.anm	99	281588	-1	0	0	0	
etama.anm	100	281596	3	0	12	0	e1000000
etama.anm	100	281608	16	0	12	0	01000000
etama.anm	100	281620	8	0	12	0	00000000
etama.anm	100	281632	34	0	20	0	0a00000000000000ff000000
etama.anm	100	281652	9	0	20	0	0000000000000000ff000000
etama.anm	100	281672	81	0	12	0	cdcc4c3d
etama.anm	100	281684	37	0	16	1	1027000004000000
etama.anm	100	281700	37	0	16	1	1127000000000000
etama.anm	100	281716	7	0	16	0	000080410000803f
etama.anm	100	281732	6	0	20	0	000000000000000000000000
etama.anm	100	281752	32	0	28	0	780000000100000055649e430000000000000000
etama.anm	100	281780	12	0	20	0	0000000000000000db0f493f
etama.anm	100	281800	4	10000	16	0	cc00000000000000
etama.anm	100	281816	-1	0	0	0	
etama.anm	101	281824	3	0	12	0	e1000000
etama.anm	101	281836	16	0	12	0	01000000
etama.anm	101	281848	8	0	12	0	00000000
etama.anm	101	281860	34	0	20	0	0f00000000000000ff000000
etama.anm	101	281880	9	0	20	0	0000000000000000ff000000
etama.anm	101	281900	81	0	12	0	cdcc4cbd
etama.anm	101	281912	37	0	16	1	1027000004000000
etama.anm	101	281928	37	0	16	1	1127000000000000
etama.anm	101	281944	7	0	16	0	000080410000803f
etama.anm	101	281960	6	0	20	0	000000000000000000000000
etama.anm	101	281980	32	0	28	0	7800000001000000000040430000000000000000
etama.anm	101	282008	12	0	20	0	0000000000000000db0f49bf
etama.anm	101	282028	4	10000	16	0	cc00000000000000
etama.anm	101	282044	-1	0	0	0	
etama.anm	102	282052	3	0	12	0	e3000000
etama.anm	102	282064	16	0	12	0	01000000
etama.anm	102	282076	8	0	12	0	00000000
etama.anm	102	282088	81	0	12	0	898888bc
etama.anm	102	282100	7	0	16	0	0000000000008040
etama.anm	102	282116	36	0	24	0	3c000000000000000000803f00008040
etama.anm	102	282140	8	0	12	0	00000000
etama.anm	102	282152	34	0	20	0	3c0000000000000080000000
etama.anm	102	282172	34	90	20	0	140000000000000000000000
etama.anm	102	282192	1	110	8	0	
etama.anm	102	282200	-1	0	0	0	
etama.anm	103	282208	3	0	12	0	e3000000
etama.anm	103	282220	16	0	12	0	01000000
etama.anm	103	282232	8	0	12	0	00000000
etama.anm	103	282244	81	0	12	0	610b363c
etama.anm	103	282256	7	0	16	0	0000000000008040
etama.anm	103	282272	36	0	24	0	3c000000000000000000c03f00008040
etama.anm	103	282296	8	0	12	0	00000000
etama.anm	103	282308	34	0	20	0	3c0000000000000080000000
etama.anm	103	282328	34	90	20	0	140000000000000000000000
etama.anm	103	282348	1	110	8	0	
etama.anm	103	282356	-1	0	0	0	
etama.anm	104	315276	3	0	12	0	e4000000
etama.anm	104	315288	13	0	20	0	00000000000000002ee34d3b
etama.anm	104	315308	8	0	12	0	00000000
etama.anm	104	315320	34	0	20	0	1e00000000000000a0000000
etama.anm	104	315340	7	0	16	0	0000803f0000803f
etama.anm	104	315356	37	0	16	1	1027000020000000
etama.anm	104	315372	79	1	12	1	10270000
etama.anm	104	315384	1	1	8	0	
etama.anm	104	315392	-1	0	0	0	
etama.anm	105	446616	3	0	12	0	e5000000
etama.anm	105	446628	4	5000	16	0	0c00000000000000
etama.anm	105	446644	-1	0	0	0	
etama.anm	106	482204	3	0	12	0	e6000000
etama.anm	106	482216	25	0	12	0	01000000
etama.anm	106	482228	2	0	8	0	
etama.anm	106	482236	-1	0	0	0	
etama.anm	107	482244	3	0	12	0	f6000000
etama.anm	107	482256	13	0	20	0	00000000000000005077563d
etama.anm	107	482276	2	30000	8	0	
etama.anm	107	482284	-1	0	0	0	
etama.anm	108	482292	3	0	12	0	f6000000
etama.anm	108	482304	13	0	20	0	0000000000000000507756bd
etama.anm	108	482324	2	30000	8	0	
etama.anm	108	482332	-1	0	0	0	
etama.anm	109	482340	3	0	12	0	06010000
etama.anm	109	482352	13	0	20	0	0000000000000000fdad003d
etama.anm	109	482372	2	30000	8	0	
etama.anm	109	482380	-1	0	0	0	
etama.anm	110	482388	3	0	12	0	06010000
etama.anm	110	482400	13	0	20	0	0000000000000000fdad00bd
etama.anm	110	482420	2	30000	8	0	
etama.anm	110	482428	-1	0	0	0	
etama.anm	111	482436	3	0	12	0	0e010000
etama.anm	111	482448	25	0	12	0	01000000
etama.anm	111	482460	2	30000	8	0	
etama.anm	111	482468	-1	0	0	0	
etama.anm	112	482476	3	0	12	0	2e010000
etama.anm	112	482488	25	0	12	0	01000000
etama.anm	112	482500	2	0	8	0	
etama.anm	112	482508	-1	0	0	0	
etama.anm	113	482516	3	0	12	0	3e010000
etama.anm	113	482528	25	0	12	0	01000000
etama.anm	113	482540	2	0	8	0	
etama.anm	113	482548	-1	0	0	0	
etama.anm	114	482556	25	0	12	0	01000000
etama.anm	114	482568	16	0	12	0	01000000
etama.anm	114	482580	3	0	12	0	46010000
etama.anm	114	482592	3	3	12	0	47010000
etama.anm	114	482604	3	6	12	0	48010000
etama.anm	114	482616	3	9	12	0	49010000
etama.anm	114	482628	4	12	16	0	1800000000000000
etama.anm	114	482644	-1	0	0	0	
etama.anm	115	482652	3	0	12	0	4a010000
etama.anm	115	482664	25	0	12	0	01000000
etama.anm	115	482676	2	30000	8	0	
etama.anm	115	482684	-1	0	0	0	
face_al00.anm	0	152	3	0	12	0	00000000
face_al00.anm	0	164	8	0	12	0	00000000
face_al00.anm	0	176	22	0	8	0	
face_al00.anm	0	184	6	0	20	0	000040420000104300000000
face_al00.anm	0	204	34	0	20	0	1e0000000000000080000000
face_al00.anm	0	224	32	0	28	0	b400000000000000000040420000e0c200000000
face_al00.anm	0	252	34	90	20	0	3c0000000000000000000000
face_al00.anm	0	272	1	150	8	0	
face_al00.anm	0	280	-1	0	0	0	
face_al00.anm	1	524720	3	0	12	0	02000000
face_al00.anm	1	524732	22	0	8	0	
face_al00.anm	1	524740	6	0	20	0	000060c30000004300000000
face_al00.anm	1	524760	8	0	12	0	00000000
face_al00.anm	1	524772	23	0	8	0	
face_al00.anm	1	524780	21	0	12	0	01000000
face_al00.anm	1	524792	8	0	12	0	00000000
face_al00.anm	1	524804	6	0	20	0	000060c30000004300000000
face_al00.anm	1	524824	32	0	28	0	1e00000004000000000040420000004300000000
face_al00.anm	1	524852	34	0	20	0	1e00000000000000ff000000
face_al00.anm	1	524872	20	30	8	0	
face_al00.anm	1	524880	21	30	12	0	02000000
face_al00.anm	1	524892	23	60	8	0	
face_al00.anm	1	524900	21	60	12	0	03000000
face_al00.anm	1	524912	33	60	28	0	0f00000000000000ff000000ff000000ff000000
face_al00.anm	1	524940	34	60	20	0	0f00000000000000ff000000
face_al00.anm	1	524960	32	60	28	0	0f00000004000000000040420000004300000000
face_al00.anm	1	524988	20	75	8	0	
face_al00.anm	1	524996	21	75	12	0	04000000
face_al00.anm	1	525008	33	75	28	0	0f00000000000000800000008000000080000000
face_al00.anm	1	525036	34	75	20	0	0f00000000000000c0000000
face_al00.anm	1	525056	32	75	28	0	0f000000040000000000c041000008430ad7233c
face_al00.anm	1	525084	20	90	8	0	
face_al00.anm	1	525092	21	90	12	0	06000000
face_al00.anm	1	525104	33	90	28	0	0f00000000000000800000008000000080000000
face_al00.anm	1	525132	20	105	8	0	
face_al00.anm	1	525140	21	105	12	0	05000000
face_al00.anm	1	525152	34	105	20	0	1e0000000000000000000000
face_al00.anm	1	525172	32	105	28	0	1e00000000000000000060c30000104300000000
face_al00.anm	1	525200	1	135	8	0	
face_al00.anm	1	525208	-1	0	0	0	
face_al00.anm	2	656432	3	0	12	0	03000000
face_al00.anm	2	656444	22	0	8	0	
face_al00.anm	2	656452	6	0	20	0	000060c30000004300000000
face_al00.anm	2	656472	8	0	12	0	00000000
face_al00.anm	2	656484	23	0	8	0	
face_al00.anm	2	656492	21	0	12	0	01000000
face_al00.anm	2	656504	8	0	12	0	00000000
face_al00.anm	2	656516	6	0	20	0	000060c30000004300000000
face_al00.anm	2	656536	32	0	28	0	1e00000004000000000040420000004300000000
face_al00.anm	2	656564	34	0	20	0	1e00000000000000ff000000
face_al00.anm	2	656584	20	30	8	0	
face_al00.anm	2	656592	21	30	12	0	02000000
face_al00.anm	2	656604	23	60	8	0	
face_al00.anm	2	656612	21	60	12	0	03000000
face_al00.anm	2	656624	33	60	28	0	0f00000000000000ff000000ff000000ff000000
face_al00.anm	2	656652	34	60	20	0	0f00000000000000ff000000
face_al00.anm	2	656672	32	60	28	0	0f00000004000000000040420000004300000000
face_al00.anm	2	656700	20	75	8	0	
face_al00.anm	2	656708	21	75	12	0	04000000
face_al00.anm	2	656720	33	75	28	0	0f00000000000000800000008000000080000000
face_al00.anm	2	656748	34	75	20	0	0f00000000000000c0000000
face_al00.anm	2	656768	32	75	28	0	0f000000040000000000c041000008430ad7233c
face_al00.anm	2	656796	20	90	8	0	
face_al00.anm	2	656804	21	90	12	0	06000000
face_al00.anm	2	656816	33	90	28	0	0f00000000000000800000008000000080000000
face_al00.anm	2	656844	20	105	8	0	
face_al00.anm	2	656852	21	105	12	0	05000000
face_al00.anm	2	656864	34	105	20	0	1e0000000000000000000000
face_al00.anm	2	656884	32	105	28	0	1e00000000000000000060c30000104300000000
face_al00.anm	2	656912	1	135	8	0	
face_al00.anm	2	656920	-1	0	0	0	
face_al00.anm	3	788144	3	0	12	0	04000000
face_al00.anm	3	788156	22	0	8	0	
face_al00.anm	3	788164	6	0	20	0	000060c30000004300000000
face_al00.anm	3	788184	8	0	12	0	00000000
face_al00.anm	3	788196	23	0	8	0	
face_al00.anm	3	788204	21	0	12	0	01000000
face_al00.anm	3	788216	8	0	12	0	00000000
face_al00.anm	3	788228	6	0	20	0	000060c30000004300000000
face_al00.anm	3	788248	32	0	28	0	1e00000004000000000040420000004300000000
face_al00.anm	3	788276	34	0	20	0	1e00000000000000ff000000
face_al00.anm	3	788296	20	30	8	0	
face_al00.anm	3	788304	21	30	12	0	02000000
face_al00.anm	3	788316	23	60	8	0	
face_al00.anm	3	788324	21	60	12	0	03000000
face_al00.anm	3	788336	33	60	28	0	0f00000000000000ff000000ff000000ff000000
face_al00.anm	3	788364	34	60	20	0	0f00000000000000ff000000
face_al00.anm	3	788384	32	60	28	0	0f00000004000000000040420000004300000000
face_al00.anm	3	788412	20	75	8	0	
face_al00.anm	3	788420	21	75	12	0	04000000
face_al00.anm	3	788432	33	75	28	0	0f00000000000000800000008000000080000000
face_al00.anm	3	788460	34	75	20	0	0f00000000000000c0000000
face_al00.anm	3	788480	32	75	28	0	0f000000040000000000c041000008430ad7233c
face_al00.anm	3	788508	20	90	8	0	
face_al00.anm	3	788516	21	90	12	0	06000000
face_al00.anm	3	788528	33	90	28	0	0f00000000000000800000008000000080000000
face_al00.anm	3	788556	20	105	8	0	
face_al00.anm	3	788564	21	105	12	0	05000000
face_al00.anm	3	788576	34	105	20	0	1e0000000000000000000000
face_al00.anm	3	788596	32	105	28	0	1e00000000000000000060c30000104300000000
face_al00.anm	3	788624	1	135	8	0	
face_al00.anm	3	788632	-1	0	0	0	
face_al00.anm	4	919856	3	0	12	0	05000000
face_al00.anm	4	919868	22	0	8	0	
face_al00.anm	4	919876	6	0	20	0	000060c30000004300000000
face_al00.anm	4	919896	8	0	12	0	00000000
face_al00.anm	4	919908	23	0	8	0	
face_al00.anm	4	919916	21	0	12	0	01000000
face_al00.anm	4	919928	8	0	12	0	00000000
face_al00.anm	4	919940	6	0	20	0	000060c30000004300000000
face_al00.anm	4	919960	32	0	28	0	1e00000004000000000040420000004300000000
face_al00.anm	4	919988	34	0	20	0	1e00000000000000ff000000
face_al00.anm	4	920008	20	30	8	0	
face_al00.anm	4	920016	21	30	12	0	02000000
face_al00.anm	4	920028	23	60	8	0	
face_al00.anm	4	920036	21	60	12	0	03000000
face_al00.anm	4	920048	33	60	28	0	0f00000000000000ff000000ff000000ff000000
face_al00.anm	4	920076	34	60	20	0	0f00000000000000ff000000
face_al00.anm	4	920096	32	60	28	0	0f00000004000000000040420000004300000000
face_al00.anm	4	920124	20	75	8	0	
face_al00.anm	4	920132	21	75	12	0	04000000
face_al00.anm	4	920144	33	75	28	0	0f00000000000000800000008000000080000000
face_al00.anm	4	920172	34	75	20	0	0f00000000000000c0000000
face_al00.anm	4	920192	32	75	28	0	0f000000040000000000c041000008430ad7233c
face_al00.anm	4	920220	20	90	8	0	
face_al00.anm	4	920228	21	90	12	0	06000000
face_al00.anm	4	920240	33	90	28	0	0f00000000000000800000008000000080000000
face_al00.anm	4	920268	20	105	8	0	
face_al00.anm	4	920276	21	105	12	0	05000000
face_al00.anm	4	920288	34	105	20	0	1e0000000000000000000000
face_al00.anm	4	920308	32	105	28	0	1e00000000000000000060c30000104300000000
face_al00.anm	4	920336	1	135	8	0	
face_al00.anm	4	920344	-1	0	0	0	
face_al00.anm	5	1051568	3	0	12	0	06000000
face_al00.anm	5	1051580	22	0	8	0	
face_al00.anm	5	1051588	6	0	20	0	000060c30000004300000000
face_al00.anm	5	1051608	8	0	12	0	00000000
face_al00.anm	5	1051620	23	0	8	0	
face_al00.anm	5	1051628	21	0	12	0	01000000
face_al00.anm	5	1051640	8	0	12	0	00000000
face_al00.anm	5	1051652	6	0	20	0	000060c30000004300000000
face_al00.anm	5	1051672	32	0	28	0	1e00000004000000000040420000004300000000
face_al00.anm	5	1051700	34	0	20	0	1e00000000000000ff000000
face_al00.anm	5	1051720	20	30	8	0	
face_al00.anm	5	1051728	21	30	12	0	02000000
face_al00.anm	5	1051740	23	60	8	0	
face_al00.anm	5	1051748	21	60	12	0	03000000
face_al00.anm	5	1051760	33	60	28	0	0f00000000000000ff000000ff000000ff000000
face_al00.anm	5	1051788	34	60	20	0	0f00000000000000ff000000
face_al00.anm	5	1051808	32	60	28	0	0f00000004000000000040420000004300000000
face_al00.anm	5	1051836	20	75	8	0	
face_al00.anm	5	1051844	21	75	12	0	04000000
face_al00.anm	5	1051856	33	75	28	0	0f00000000000000800000008000000080000000
face_al00.anm	5	1051884	34	75	20	0	0f00000000000000c0000000
face_al00.anm	5	1051904	32	75	28	0	0f000000040000000000c041000008430ad7233c
face_al00.anm	5	1051932	20	90	8	0	
face_al00.anm	5	1051940	21	90	12	0	06000000
face_al00.anm	5	1051952	33	90	28	0	0f00000000000000800000008000000080000000
face_al00.anm	5	1051980	20	105	8	0	
face_al00.anm	5	1051988	21	105	12	0	05000000
face_al00.anm	5	1052000	34	105	20	0	1e0000000000000000000000
face_al00.anm	5	1052020	32	105	28	0	1e00000000000000000060c30000104300000000
face_al00.anm	5	1052048	1	135	8	0	
face_al00.anm	5	1052056	-1	0	0	0	
face_al00.anm	6	1183280	3	0	12	0	07000000
face_al00.anm	6	1183292	22	0	8	0	
face_al00.anm	6	1183300	6	0	20	0	000060c30000004300000000
face_al00.anm	6	1183320	8	0	12	0	00000000
face_al00.anm	6	1183332	23	0	8	0	
face_al00.anm	6	1183340	21	0	12	0	01000000
face_al00.anm	6	1183352	8	0	12	0	00000000
face_al00.anm	6	1183364	6	0	20	0	000060c30000004300000000
face_al00.anm	6	1183384	32	0	28	0	1e00000004000000000040420000004300000000
face_al00.anm	6	1183412	34	0	20	0	1e00000000000000ff000000
face_al00.anm	6	1183432	20	30	8	0	
face_al00.anm	6	1183440	21	30	12	0	02000000
face_al00.anm	6	1183452	23	60	8	0	
face_al00.anm	6	1183460	21	60	12	0	03000000
face_al00.anm	6	1183472	33	60	28	0	0f00000000000000ff000000ff000000ff000000
face_al00.anm	6	1183500	34	60	20	0	0f00000000000000ff000000
face_al00.anm	6	1183520	32	60	28	0	0f00000004000000000040420000004300000000
face_al00.anm	6	1183548	20	75	8	0	
face_al00.anm	6	1183556	21	75	12	0	04000000
face_al00.anm	6	1183568	33	75	28	0	0f00000000000000800000008000000080000000
face_al00.anm	6	1183596	34	75	20	0	0f00000000000000c0000000
face_al00.anm	6	1183616	32	75	28	0	0f000000040000000000c041000008430ad7233c
face_al00.anm	6	1183644	20	90	8	0	
face_al00.anm	6	1183652	21	90	12	0	06000000
face_al00.anm	6	1183664	33	90	28	0	0f00000000000000800000008000000080000000
face_al00.anm	6	1183692	20	105	8	0	
face_al00.anm	6	1183700	21	105	12	0	05000000
face_al00.anm	6	1183712	34	105	20	0	1e0000000000000000000000
face_al00.anm	6	1183732	32	105	28	0	1e00000000000000000060c30000104300000000
face_al00.anm	6	1183760	1	135	8	0	
face_al00.anm	6	1183768	-1	0	0	0	
face_al00.anm	7	1314992	3	0	12	0	08000000
face_al00.anm	7	1315004	22	0	8	0	
face_al00.anm	7	1315012	6	0	20	0	000060c30000004300000000
face_al00.anm	7	1315032	8	0	12	0	00000000
face_al00.anm	7	1315044	23	0	8	0	
face_al00.anm	7	1315052	21	0	12	0	01000000
face_al00.anm	7	1315064	8	0	12	0	00000000
face_al00.anm	7	1315076	6	0	20	0	000060c30000004300000000
face_al00.anm	7	1315096	32	0	28	0	1e00000004000000000040420000004300000000
face_al00.anm	7	1315124	34	0	20	0	1e00000000000000ff000000
face_al00.anm	7	1315144	20	30	8	0	
face_al00.anm	7	1315152	21	30	12	0	02000000
face_al00.anm	7	1315164	23	60	8	0	
face_al00.anm	7	1315172	21	60	12	0	03000000
face_al00.anm	7	1315184	33	60	28	0	0f00000000000000ff000000ff000000ff000000
face_al00.anm	7	1315212	34	60	20	0	0f00000000000000ff000000
face_al00.anm	7	1315232	32	60	28	0	0f00000004000000000040420000004300000000
face_al00.anm	7	1315260	20	75	8	0	
face_al00.anm	7	1315268	21	75	12	0	04000000
face_al00.anm	7	1315280	33	75	28	0	0f00000000000000800000008000000080000000
face_al00.anm	7	1315308	34	75	20	0	0f00000000000000c0000000
face_al00.anm	7	1315328	32	75	28	0	0f000000040000000000c041000008430ad7233c
face_al00.anm	7	1315356	20	90	8	0	
face_al00.anm	7	1315364	21	90	12	0	06000000
face_al00.anm	7	1315376	33	90	28	0	0f00000000000000800000008000000080000000
face_al00.anm	7	1315404	20	105	8	0	
face_al00.anm	7	1315412	21	105	12	0	05000000
face_al00.anm	7	1315424	34	105	20	0	1e0000000000000000000000
face_al00.anm	7	1315444	32	105	28	0	1e00000000000000000060c30000104300000000
face_al00.anm	7	1315472	1	135	8	0	
face_al00.anm	7	1315480	-1	0	0	0	
face_al00.anm	8	1446704	3	0	12	0	09000000
face_al00.anm	8	1446716	22	0	8	0	
face_al00.anm	8	1446724	6	0	20	0	000060c30000004300000000
face_al00.anm	8	1446744	8	0	12	0	00000000
face_al00.anm	8	1446756	23	0	8	0	
face_al00.anm	8	1446764	21	0	12	0	01000000
face_al00.anm	8	1446776	8	0	12	0	00000000
face_al00.anm	8	1446788	6	0	20	0	000060c30000004300000000
face_al00.anm	8	1446808	32	0	28	0	1e00000004000000000040420000004300000000
face_al00.anm	8	1446836	34	0	20	0	1e00000000000000ff000000
face_al00.anm	8	1446856	20	30	8	0	
face_al00.anm	8	1446864	21	30	12	0	02000000
face_al00.anm	8	1446876	23	60	8	0	
face_al00.anm	8	1446884	21	60	12	0	03000000
face_al00.anm	8	1446896	33	60	28	0	0f00000000000000ff000000ff000000ff000000
face_al00.anm	8	1446924	34	60	20	0	0f00000000000000ff000000
face_al00.anm	8	1446944	32	60	28	0	0f00000004000000000040420000004300000000
face_al00.anm	8	1446972	20	75	8	0	
face_al00.anm	8	1446980	21	75	12	0	04000000
face_al00.anm	8	1446992	33	75	28	0	0f00000000000000800000008000000080000000
face_al00.anm	8	1447020	34	75	20	0	0f00000000000000c0000000
face_al00.anm	8	1447040	32	75	28	0	0f000000040000000000c041000008430ad7233c
face_al00.anm	8	1447068	20	90	8	0	
face_al00.anm	8	1447076	21	90	12	0	06000000
face_al00.anm	8	1447088	33	90	28	0	0f00000000000000800000008000000080000000
face_al00.anm	8	1447116	20	105	8	0	
face_al00.anm	8	1447124	21	105	12	0	05000000
face_al00.anm	8	1447136	34	105	20	0	1e0000000000000000000000
face_al00.anm	8	1447156	32	105	28	0	1e00000000000000000060c30000104300000000
face_al00.anm	8	1447184	1	135	8	0	
face_al00.anm	8	1447192	-1	0	0	0	
face_alsp.anm	0	128	3	0	12	0	00000000
face_alsp.anm	0	140	8	0	12	0	00000000
face_alsp.anm	0	152	22	0	8	0	
face_alsp.anm	0	160	6	0	20	0	000020430000e0c200000000
face_alsp.anm	0	180	34	0	20	0	1e00000000000000c0000000
face_alsp.anm	0	200	32	0	28	0	b400000000000000000020430000104300000000
face_alsp.anm	0	228	34	90	20	0	3c0000000000000000000000
face_alsp.anm	0	248	1	150	8	0	
face_alsp.anm	0	256	-1	0	0	0	
face_cdbg.anm	0	176	3	0	12	0	00000000
face_cdbg.anm	0	188	82	0	12	0	01000000
face_cdbg.anm	0	200	8	0	12	0	00000000
face_cdbg.anm	0	212	22	0	8	0	
face_cdbg.anm	0	220	6	0	20	0	0000e0420000804100000000
face_cdbg.anm	0	240	32	0	28	0	9600000000000000000060430000804100000000
face_cdbg.anm	0	268	34	0	20	0	3200000000000000ff000000
face_cdbg.anm	0	288	37	0	16	1	1827000064000000
face_cdbg.anm	0	304	27	0	12	0	898808bc
face_cdbg.anm	0	316	5	1	20	1	182700008000000000000000
face_cdbg.anm	0	336	34	1	20	0	320000000000000000000000
face_cdbg.anm	0	356	37	1	16	1	1827000032000000
face_cdbg.anm	0	372	27	1	12	0	898808bc
face_cdbg.anm	0	384	5	2	20	1	18270000c400000001000000
face_cdbg.anm	0	404	1	2	8	0	
face_cdbg.anm	0	412	-1	0	0	0	
face_cdbg.anm	1	420	3	0	12	0	00000000
face_cdbg.anm	1	432	8	0	12	0	00000000
face_cdbg.anm	1	444	22	0	8	0	
face_cdbg.anm	1	452	6	0	20	0	0000a8430000804100000000
face_cdbg.anm	1	472	32	0	28	0	9600000000000000000070430000804100000000
face_cdbg.anm	1	500	34	0	20	0	3200000000000000ff000000
face_cdbg.anm	1	520	37	0	16	1	1827000064000000
face_cdbg.anm	1	536	27	0	12	0	8988083c
face_cdbg.anm	1	548	5	1	20	1	182700007400000000000000
face_cdbg.anm	1	568	34	1	20	0	320000000000000000000000
face_cdbg.anm	1	588	37	1	16	1	1827000032000000
face_cdbg.anm	1	604	27	1	12	0	8988083c
face_cdbg.anm	1	616	5	2	20	1	18270000b800000001000000
face_cdbg.anm	1	636	1	2	8	0	
face_cdbg.anm	1	644	-1	0	0	0	
face_cdbg.anm	2	652	3	0	12	0	00000000
face_cdbg.anm	2	664	82	0	12	0	01000000
face_cdbg.anm	2	676	8	0	12	0	00000000
face_cdbg.anm	2	688	12	0	20	0	0000000000000000db0fc9bf
face_cdbg.anm	2	708	6	0	20	0	000060430000844300000000
face_cdbg.anm	2	728	32	0	28	0	9600000000000000000060430000b44300000000
face_cdbg.anm	2	756	34	20	20	0	3200000000000000ff000000
face_cdbg.anm	2	776	37	20	16	1	1827000050000000
face_cdbg.anm	2	792	27	20	12	0	8988083c
face_cdbg.anm	2	804	5	21	20	1	182700008c00000014000000
face_cdbg.anm	2	824	34	21	20	0	320000000000000000000000
face_cdbg.anm	2	844	37	21	16	1	1827000032000000
face_cdbg.anm	2	860	27	21	12	0	8988083c
face_cdbg.anm	2	872	5	22	20	1	18270000d000000015000000
face_cdbg.anm	2	892	1	22	8	0	
face_cdbg.anm	2	900	-1	0	0	0	
face_cdbg.anm	3	908	3	0	12	0	00000000
face_cdbg.anm	3	920	8	0	12	0	00000000
face_cdbg.anm	3	932	12	0	20	0	0000000000000000db0fc9bf
face_cdbg.anm	3	952	6	0	20	0	000060430000cc4300000000
face_cdbg.anm	3	972	32	0	28	0	96000000000000000000604300009c4300000000
face_cdbg.anm	3	1000	34	20	20	0	3200000000000000ff000000
face_cdbg.anm	3	1020	37	20	16	1	1827000050000000
face_cdbg.anm	3	1036	27	20	12	0	898808bc
face_cdbg.anm	3	1048	5	21	20	1	182700008000000014000000
face_cdbg.anm	3	1068	34	21	20	0	320000000000000000000000
face_cdbg.anm	3	1088	37	21	16	1	1827000032000000
face_cdbg.anm	3	1104	27	21	12	0	898808bc
face_cdbg.anm	3	1116	5	22	20	1	18270000c400000015000000
face_cdbg.anm	3	1136	1	22	8	0	
face_cdbg.anm	3	1144	-1	0	0	0	
face_mr00.anm	0	152	3	0	12	0	00000000
face_mr00.anm	0	164	8	0	12	0	00000000
face_mr00.anm	0	176	22	0	8	0	
face_mr00.anm	0	184	6	0	20	0	000040420000104300000000
face_mr00.anm	0	204	34	0	20	0	1e0000000000000080000000
face_mr00.anm	0	224	32	0	28	0	b400000000000000000040420000e0c200000000
face_mr00.anm	0	252	34	90	20	0	3c0000000000000000000000
face_mr00.anm	0	272	1	150	8	0	
face_mr00.anm	0	280	-1	0	0	0	
face_mr00.anm	1	524736	3	0	12	0	02000000
face_mr00.anm	1	524748	22	0	8	0	
face_mr00.anm	1	524756	6	0	20	0	000060c30000004300000000
face_mr00.anm	1	524776	8	0	12	0	00000000
face_mr00.anm	1	524788	23	0	8	0	
face_mr00.anm	1	524796	21	0	12	0	01000000
face_mr00.anm	1	524808	8	0	12	0	00000000
face_mr00.anm	1	524820	6	0	20	0	000060c30000004300000000
face_mr00.anm	1	524840	32	0	28	0	1e00000004000000000040420000004300000000
face_mr00.anm	1	524868	34	0	20	0	1e00000000000000ff000000
face_mr00.anm	1	524888	20	30	8	0	
face_mr00.anm	1	524896	21	30	12	0	02000000
face_mr00.anm	1	524908	23	60	8	0	
face_mr00.anm	1	524916	21	60	12	0	03000000
face_mr00.anm	1	524928	33	60	28	0	0f00000000000000ff000000ff000000ff000000
face_mr00.anm	1	524956	34	60	20	0	0f00000000000000ff000000
face_mr00.anm	1	524976	32	60	28	0	0f00000004000000000040420000004300000000
face_mr00.anm	1	525004	20	75	8	0	
face_mr00.anm	1	525012	21	75	12	0	04000000
face_mr00.anm	1	525024	33	75	28	0	0f00000000000000800000008000000080000000
face_mr00.anm	1	525052	34	75	20	0	0f00000000000000c0000000
face_mr00.anm	1	525072	32	75	28	0	0f000000040000000000c041000008430ad7233c
face_mr00.anm	1	525100	20	90	8	0	
face_mr00.anm	1	525108	21	90	12	0	06000000
face_mr00.anm	1	525120	33	90	28	0	0f00000000000000800000008000000080000000
face_mr00.anm	1	525148	20	105	8	0	
face_mr00.anm	1	525156	21	105	12	0	05000000
face_mr00.anm	1	525168	34	105	20	0	1e0000000000000000000000
face_mr00.anm	1	525188	32	105	28	0	1e00000000000000000060c30000104300000000
face_mr00.anm	1	525216	1	135	8	0	
face_mr00.anm	1	525224	-1	0	0	0	
face_mr00.anm	2	656464	3	0	12	0	03000000
face_mr00.anm	2	656476	22	0	8	0	
face_mr00.anm	2	656484	6	0	20	0	000060c30000004300000000
face_mr00.anm	2	656504	8	0	12	0	00000000
face_mr00.anm	2	656516	23	0	8	0	
face_mr00.anm	2	656524	21	0	12	0	01000000
face_mr00.anm	2	656536	8	0	12	0	00000000
face_mr00.anm	2	656548	6	0	20	0	000060c30000004300000000
face_mr00.anm	2	656568	32	0	28	0	1e00000004000000000040420000004300000000
face_mr00.anm	2	656596	34	0	20	0	1e00000000000000ff000000
face_mr00.anm	2	656616	20	30	8	0	
face_mr00.anm	2	656624	21	30	12	0	02000000
face_mr00.anm	2	656636	23	60	8	0	
face_mr00.anm	2	656644	21	60	12	0	03000000
face_mr00.anm	2	656656	33	60	28	0	0f00000000000000ff000000ff000000ff000000
face_mr00.anm	2	656684	34	60	20	0	0f00000000000000ff000000
face_mr00.anm	2	656704	32	60	28	0	0f00000004000000000040420000004300000000
face_mr00.anm	2	656732	20	75	8	0	
face_mr00.anm	2	656740	21	75	12	0	04000000
face_mr00.anm	2	656752	33	75	28	0	0f00000000000000800000008000000080000000
face_mr00.anm	2	656780	34	75	20	0	0f00000000000000c0000000
face_mr00.anm	2	656800	32	75	28	0	0f000000040000000000c041000008430ad7233c
face_mr00.anm	2	656828	20	90	8	0	
face_mr00.anm	2	656836	21	90	12	0	06000000
face_mr00.anm	2	656848	33	90	28	0	0f00000000000000800000008000000080000000
face_mr00.anm	2	656876	20	105	8	0	
face_mr00.anm	2	656884	21	105	12	0	05000000
face_mr00.anm	2	656896	34	105	20	0	1e0000000000000000000000
face_mr00.anm	2	656916	32	105	28	0	1e00000000000000000060c30000104300000000
face_mr00.anm	2	656944	1	135	8	0	
face_mr00.anm	2	656952	-1	0	0	0	
face_mr00.anm	3	788192	3	0	12	0	04000000
face_mr00.anm	3	788204	22	0	8	0	
face_mr00.anm	3	788212	6	0	20	0	000060c30000004300000000
face_mr00.anm	3	788232	8	0	12	0	00000000
face_mr00.anm	3	788244	23	0	8	0	
face_mr00.anm	3	788252	21	0	12	0	01000000
face_mr00.anm	3	788264	8	0	12	0	00000000
face_mr00.anm	3	788276	6	0	20	0	000060c30000004300000000
face_mr00.anm	3	788296	32	0	28	0	1e00000004000000000040420000004300000000
face_mr00.anm	3	788324	34	0	20	0	1e00000000000000ff000000
face_mr00.anm	3	788344	20	30	8	0	
face_mr00.anm	3	788352	21	30	12	0	02000000
face_mr00.anm	3	788364	23	60	8	0	
face_mr00.anm	3	788372	21	60	12	0	03000000
face_mr00.anm	3	788384	33	60	28	0	0f00000000000000ff000000ff000000ff000000
face_mr00.anm	3	788412	34	60	20	0	0f00000000000000ff000000
face_mr00.anm	3	788432	32	60	28	0	0f00000004000000000040420000004300000000
face_mr00.anm	3	788460	20	75	8	0	
face_mr00.anm	3	788468	21	75	12	0	04000000
face_mr00.anm	3	788480	33	75	28	0	0f00000000000000800000008000000080000000
face_mr00.anm	3	788508	34	75	20	0	0f00000000000000c0000000
face_mr00.anm	3	788528	32	75	28	0	0f000000040000000000c041000008430ad7233c
face_mr00.anm	3	788556	20	90	8	0	
face_mr00.anm	3	788564	21	90	12	0	06000000
face_mr00.anm	3	788576	33	90	28	0	0f00000000000000800000008000000080000000
face_mr00.anm	3	788604	20	105	8	0	
face_mr00.anm	3	788612	21	105	12	0	05000000
face_mr00.anm	3	788624	34	105	20	0	1e0000000000000000000000
face_mr00.anm	3	788644	32	105	28	0	1e00000000000000000060c30000104300000000
face_mr00.anm	3	788672	1	135	8	0	
face_mr00.anm	3	788680	-1	0	0	0	
face_mr00.anm	4	919920	3	0	12	0	05000000
face_mr00.anm	4	919932	22	0	8	0	
face_mr00.anm	4	919940	6	0	20	0	000060c30000004300000000
face_mr00.anm	4	919960	8	0	12	0	00000000
face_mr00.anm	4	919972	23	0	8	0	
face_mr00.anm	4	919980	21	0	12	0	01000000
face_mr00.anm	4	919992	8	0	12	0	00000000
face_mr00.anm	4	920004	6	0	20	0	000060c30000004300000000
face_mr00.anm	4	920024	32	0	28	0	1e00000004000000000040420000004300000000
face_mr00.anm	4	920052	34	0	20	0	1e00000000000000ff000000
face_mr00.anm	4	920072	20	30	8	0	
face_mr00.anm	4	920080	21	30	12	0	02000000
face_mr00.anm	4	920092	23	60	8	0	
face_mr00.anm	4	920100	21	60	12	0	03000000
face_mr00.anm	4	920112	33	60	28	0	0f00000000000000ff000000ff000000ff000000
face_mr00.anm	4	920140	34	60	20	0	0f00000000000000ff000000
face_mr00.anm	4	920160	32	60	28	0	0f00000004000000000040420000004300000000
face_mr00.anm	4	920188	20	75	8	0	
face_mr00.anm	4	920196	21	75	12	0	04000000
face_mr00.anm	4	920208	33	75	28	0	0f00000000000000800000008000000080000000
face_mr00.anm	4	920236	34	75	20	0	0f00000000000000c0000000
face_mr00.anm	4	920256	32	75	28	0	0f000000040000000000c041000008430ad7233c
face_mr00.anm	4	920284	20	90	8	0	
face_mr00.anm	4	920292	21	90	12	0	06000000
face_mr00.anm	4	920304	33	90	28	0	0f00000000000000800000008000000080000000
face_mr00.anm	4	920332	20	105	8	0	
face_mr00.anm	4	920340	21	105	12	0	05000000
face_mr00.anm	4	920352	34	105	20	0	1e0000000000000000000000
face_mr00.anm	4	920372	32	105	28	0	1e00000000000000000060c30000104300000000
face_mr00.anm	4	920400	1	135	8	0	
face_mr00.anm	4	920408	-1	0	0	0	
face_mr00.anm	5	1051648	3	0	12	0	06000000
face_mr00.anm	5	1051660	22	0	8	0	
face_mr00.anm	5	1051668	6	0	20	0	000060c30000004300000000
face_mr00.anm	5	1051688	8	0	12	0	00000000
face_mr00.anm	5	1051700	23	0	8	0	
face_mr00.anm	5	1051708	21	0	12	0	01000000
face_mr00.anm	5	1051720	8	0	12	0	00000000
face_mr00.anm	5	1051732	6	0	20	0	000060c30000004300000000
face_mr00.anm	5	1051752	32	0	28	0	1e00000004000000000040420000004300000000
face_mr00.anm	5	1051780	34	0	20	0	1e00000000000000ff000000
face_mr00.anm	5	1051800	20	30	8	0	
face_mr00.anm	5	1051808	21	30	12	0	02000000
face_mr00.anm	5	1051820	23	60	8	0	
face_mr00.anm	5	1051828	21	60	12	0	03000000
face_mr00.anm	5	1051840	33	60	28	0	0f00000000000000ff000000ff000000ff000000
face_mr00.anm	5	1051868	34	60	20	0	0f00000000000000ff000000
face_mr00.anm	5	1051888	32	60	28	0	0f00000004000000000040420000004300000000
face_mr00.anm	5	1051916	20	75	8	0	
face_mr00.anm	5	1051924	21	75	12	0	04000000
face_mr00.anm	5	1051936	33	75	28	0	0f00000000000000800000008000000080000000
face_mr00.anm	5	1051964	34	75	20	0	0f00000000000000c0000000
face_mr00.anm	5	1051984	32	75	28	0	0f000000040000000000c041000008430ad7233c
face_mr00.anm	5	1052012	20	90	8	0	
face_mr00.anm	5	1052020	21	90	12	0	06000000
face_mr00.anm	5	1052032	33	90	28	0	0f00000000000000800000008000000080000000
face_mr00.anm	5	1052060	20	105	8	0	
face_mr00.anm	5	1052068	21	105	12	0	05000000
face_mr00.anm	5	1052080	34	105	20	0	1e0000000000000000000000
face_mr00.anm	5	1052100	32	105	28	0	1e00000000000000000060c30000104300000000
face_mr00.anm	5	1052128	1	135	8	0	
face_mr00.anm	5	1052136	-1	0	0	0	
face_mr00.anm	6	1183376	3	0	12	0	07000000
face_mr00.anm	6	1183388	22	0	8	0	
face_mr00.anm	6	1183396	6	0	20	0	000060c30000004300000000
face_mr00.anm	6	1183416	8	0	12	0	00000000
face_mr00.anm	6	1183428	23	0	8	0	
face_mr00.anm	6	1183436	21	0	12	0	01000000
face_mr00.anm	6	1183448	8	0	12	0	00000000
face_mr00.anm	6	1183460	6	0	20	0	000060c30000004300000000
face_mr00.anm	6	1183480	32	0	28	0	1e00000004000000000040420000004300000000
face_mr00.anm	6	1183508	34	0	20	0	1e00000000000000ff000000
face_mr00.anm	6	1183528	20	30	8	0	
face_mr00.anm	6	1183536	21	30	12	0	02000000
face_mr00.anm	6	1183548	23	60	8	0	
face_mr00.anm	6	1183556	21	60	12	0	03000000
face_mr00.anm	6	1183568	33	60	28	0	0f00000000000000ff000000ff000000ff000000
face_mr00.anm	6	1183596	34	60	20	0	0f00000000000000ff000000
face_mr00.anm	6	1183616	32	60	28	0	0f00000004000000000040420000004300000000
face_mr00.anm	6	1183644	20	75	8	0	
face_mr00.anm	6	1183652	21	75	12	0	04000000
face_mr00.anm	6	1183664	33	75	28	0	0f00000000000000800000008000000080000000
face_mr00.anm	6	1183692	34	75	20	0	0f00000000000000c0000000
face_mr00.anm	6	1183712	32	75	28	0	0f000000040000000000c041000008430ad7233c
face_mr00.anm	6	1183740	20	90	8	0	
face_mr00.anm	6	1183748	21	90	12	0	06000000
face_mr00.anm	6	1183760	33	90	28	0	0f00000000000000800000008000000080000000
face_mr00.anm	6	1183788	20	105	8	0	
face_mr00.anm	6	1183796	21	105	12	0	05000000
face_mr00.anm	6	1183808	34	105	20	0	1e0000000000000000000000
face_mr00.anm	6	1183828	32	105	28	0	1e00000000000000000060c30000104300000000
face_mr00.anm	6	1183856	1	135	8	0	
face_mr00.anm	6	1183864	-1	0	0	0	
face_mr00.anm	7	1315104	3	0	12	0	08000000
face_mr00.anm	7	1315116	22	0	8	0	
face_mr00.anm	7	1315124	6	0	20	0	000060c30000004300000000
face_mr00.anm	7	1315144	8	0	12	0	00000000
face_mr00.anm	7	1315156	23	0	8	0	
face_mr00.anm	7	1315164	21	0	12	0	01000000
face_mr00.anm	7	1315176	8	0	12	0	00000000
face_mr00.anm	7	1315188	6	0	20	0	000060c30000004300000000
face_mr00.anm	7	1315208	32	0	28	0	1e00000004000000000040420000004300000000
face_mr00.anm	7	1315236	34	0	20	0	1e00000000000000ff000000
face_mr00.anm	7	1315256	20	30	8	0	
face_mr00.anm	7	1315264	21	30	12	0	02000000
face_mr00.anm	7	1315276	23	60	8	0	
face_mr00.anm	7	1315284	21	60	12	0	03000000
face_mr00.anm	7	1315296	33	60	28	0	0f00000000000000ff000000ff000000ff000000
face_mr00.anm	7	1315324	34	60	20	0	0f00000000000000ff000000
face_mr00.anm	7	1315344	32	60	28	0	0f00000004000000000040420000004300000000
face_mr00.anm	7	1315372	20	75	8	0	
face_mr00.anm	7	1315380	21	75	12	0	04000000
face_mr00.anm	7	1315392	33	75	28	0	0f00000000000000800000008000000080000000
face_mr00.anm	7	1315420	34	75	20	0	0f00000000000000c0000000
face_mr00.anm	7	1315440	32	75	28	0	0f000000040000000000c041000008430ad7233c
face_mr00.anm	7	1315468	20	90	8	0	
face_mr00.anm	7	1315476	21	90	12	0	06000000
face_mr00.anm	7	1315488	33	90	28	0	0f00000000000000800000008000000080000000
face_mr00.anm	7	1315516	20	105	8	0	
face_mr00.anm	7	1315524	21	105	12	0	05000000
face_mr00.anm	7	1315536	34	105	20	0	1e0000000000000000000000
face_mr00.anm	7	1315556	32	105	28	0	1e00000000000000000060c30000104300000000
face_mr00.anm	7	1315584	1	135	8	0	
face_mr00.anm	7	1315592	-1	0	0	0	
face_mr00.anm	8	1446832	3	0	12	0	09000000
face_mr00.anm	8	1446844	22	0	8	0	
face_mr00.anm	8	1446852	6	0	20	0	000060c30000004300000000
face_mr00.anm	8	1446872	8	0	12	0	00000000
face_mr00.anm	8	1446884	23	0	8	0	
face_mr00.anm	8	1446892	21	0	12	0	01000000
face_mr00.anm	8	1446904	8	0	12	0	00000000
face_mr00.anm	8	1446916	6	0	20	0	000060c30000004300000000
face_mr00.anm	8	1446936	32	0	28	0	1e00000004000000000040420000004300000000
face_mr00.anm	8	1446964	34	0	20	0	1e00000000000000ff000000
face_mr00.anm	8	1446984	20	30	8	0	
face_mr00.anm	8	1446992	21	30	12	0	02000000
face_mr00.anm	8	1447004	23	60	8	0	
face_mr00.anm	8	1447012	21	60	12	0	03000000
face_mr00.anm	8	1447024	33	60	28	0	0f00000000000000ff000000ff000000ff000000
face_mr00.anm	8	1447052	34	60	20	0	0f00000000000000ff000000
face_mr00.anm	8	1447072	32	60	28	0	0f00000004000000000040420000004300000000
face_mr00.anm	8	1447100	20	75	8	0	
face_mr00.anm	8	1447108	21	75	12	0	04000000
face_mr00.anm	8	1447120	33	75	28	0	0f00000000000000800000008000000080000000
face_mr00.anm	8	1447148	34	75	20	0	0f00000000000000c0000000
face_mr00.anm	8	1447168	32	75	28	0	0f000000040000000000c041000008430ad7233c
face_mr00.anm	8	1447196	20	90	8	0	
face_mr00.anm	8	1447204	21	90	12	0	06000000
face_mr00.anm	8	1447216	33	90	28	0	0f00000000000000800000008000000080000000
face_mr00.anm	8	1447244	20	105	8	0	
face_mr00.anm	8	1447252	21	105	12	0	05000000
face_mr00.anm	8	1447264	34	105	20	0	1e0000000000000000000000
face_mr00.anm	8	1447284	32	105	28	0	1e00000000000000000060c30000104300000000
face_mr00.anm	8	1447312	1	135	8	0	
face_mr00.anm	8	1447320	-1	0	0	0	
face_rm00.anm	0	152	3	0	12	0	00000000
face_rm00.anm	0	164	8	0	12	0	00000000
face_rm00.anm	0	176	22	0	8	0	
face_rm00.anm	0	184	6	0	20	0	000040420000104300000000
face_rm00.anm	0	204	34	0	20	0	1e0000000000000080000000
face_rm00.anm	0	224	32	0	28	0	b400000000000000000040420000e0c200000000
face_rm00.anm	0	252	34	90	20	0	3c0000000000000000000000
face_rm00.anm	0	272	1	150	8	0	
face_rm00.anm	0	280	-1	0	0	0	
face_rm00.anm	1	524720	3	0	12	0	02000000
face_rm00.anm	1	524732	22	0	8	0	
face_rm00.anm	1	524740	6	0	20	0	000060c30000004300000000
face_rm00.anm	1	524760	8	0	12	0	00000000
face_rm00.anm	1	524772	23	0	8	0	
face_rm00.anm	1	524780	21	0	12	0	01000000
face_rm00.anm	1	524792	8	0	12	0	00000000
face_rm00.anm	1	524804	6	0	20	0	000060c30000004300000000
face_rm00.anm	1	524824	32	0	28	0	1e00000004000000000040420000004300000000
face_rm00.anm	1	524852	34	0	20	0	1e00000000000000ff000000
face_rm00.anm	1	524872	20	30	8	0	
face_rm00.anm	1	524880	21	30	12	0	02000000
face_rm00.anm	1	524892	23	60	8	0	
face_rm00.anm	1	524900	21	60	12	0	03000000
face_rm00.anm	1	524912	33	60	28	0	0f00000000000000ff000000ff000000ff000000
face_rm00.anm	1	524940	34	60	20	0	0f00000000000000ff000000
face_rm00.anm	1	524960	32	60	28	0	0f00000004000000000040420000004300000000
face_rm00.anm	1	524988	20	75	8	0	
face_rm00.anm	1	524996	21	75	12	0	04000000
face_rm00.anm	1	525008	33	75	28	0	0f00000000000000800000008000000080000000
face_rm00.anm	1	525036	34	75	20	0	0f00000000000000c0000000
face_rm00.anm	1	525056	32	75	28	0	0f000000040000000000c041000008430ad7233c
face_rm00.anm	1	525084	20	90	8	0	
face_rm00.anm	1	525092	21	90	12	0	06000000
face_rm00.anm	1	525104	33	90	28	0	0f00000000000000800000008000000080000000
face_rm00.anm	1	525132	20	105	8	0	
face_rm00.anm	1	525140	21	105	12	0	05000000
face_rm00.anm	1	525152	34	105	20	0	1e0000000000000000000000
face_rm00.anm	1	525172	32	105	28	0	1e00000000000000000060c30000104300000000
face_rm00.anm	1	525200	1	135	8	0	
face_rm00.anm	1	525208	-1	0	0	0	
face_rm00.anm	2	656432	3	0	12	0	03000000
face_rm00.anm	2	656444	22	0	8	0	
face_rm00.anm	2	656452	6	0	20	0	000060c30000004300000000
face_rm00.anm	2	656472	8	0	12	0	00000000
face_rm00.anm	2	656484	23	0	8	0	
face_rm00.anm	2	656492	21	0	12	0	01000000
face_rm00.anm	2	656504	8	0	12	0	00000000
face_rm00.anm	2	656516	6	0	20	0	000060c30000004300000000
face_rm00.anm	2	656536	32	0	28	0	1e00000004000000000040420000004300000000
face_rm00.anm	2	656564	34	0	20	0	1e00000000000000ff000000
face_rm00.anm	2	656584	20	30	8	0	
face_rm00.anm	2	656592	21	30	12	0	02000000
face_rm00.anm	2	656604	23	60	8	0	
face_rm00.anm	2	656612	21	60	12	0	03000000
face_rm00.anm	2	656624	33	60	28	0	0f00000000000000ff000000ff000000ff000000
face_rm00.anm	2	656652	34	60	20	0	0f00000000000000ff000000
face_rm00.anm	2	656672	32	60	28	0	0f00000004000000000040420000004300000000
face_rm00.anm	2	656700	20	75	8	0	
face_rm00.anm	2	656708	21	75	12	0	04000000
face_rm00.anm	2	656720	33	75	28	0	0f00000000000000800000008000000080000000
face_rm00.anm	2	656748	34	75	20	0	0f00000000000000c0000000
face_rm00.anm	2	656768	32	75	28	0	0f000000040000000000c041000008430ad7233c
face_rm00.anm	2	656796	20	90	8	0	
face_rm00.anm	2	656804	21	90	12	0	06000000
face_rm00.anm	2	656816	33	90	28	0	0f00000000000000800000008000000080000000
face_rm00.anm	2	656844	20	105	8	0	
face_rm00.anm	2	656852	21	105	12	0	05000000
face_rm00.anm	2	656864	34	105	20	0	1e0000000000000000000000
face_rm00.anm	2	656884	32	105	28	0	1e00000000000000000060c30000104300000000
face_rm00.anm	2	656912	1	135	8	0	
face_rm00.anm	2	656920	-1	0	0	0	
face_rm00.anm	3	788144	3	0	12	0	04000000
face_rm00.anm	3	788156	22	0	8	0	
face_rm00.anm	3	788164	6	0	20	0	000060c30000004300000000
face_rm00.anm	3	788184	8	0	12	0	00000000
face_rm00.anm	3	788196	23	0	8	0	
face_rm00.anm	3	788204	21	0	12	0	01000000
face_rm00.anm	3	788216	8	0	12	0	00000000
face_rm00.anm	3	788228	6	0	20	0	000060c30000004300000000
face_rm00.anm	3	788248	32	0	28	0	1e00000004000000000040420000004300000000
face_rm00.anm	3	788276	34	0	20	0	1e00000000000000ff000000
face_rm00.anm	3	788296	20	30	8	0	
face_rm00.anm	3	788304	21	30	12	0	02000000
face_rm00.anm	3	788316	23	60	8	0	
face_rm00.anm	3	788324	21	60	12	0	03000000
face_rm00.anm	3	788336	33	60	28	0	0f00000000000000ff000000ff000000ff000000
face_rm00.anm	3	788364	34	60	20	0	0f00000000000000ff000000
face_rm00.anm	3	788384	32	60	28	0	0f00000004000000000040420000004300000000
face_rm00.anm	3	788412	20	75	8	0	
face_rm00.anm	3	788420	21	75	12	0	04000000
face_rm00.anm	3	788432	33	75	28	0	0f00000000000000800000008000000080000000
face_rm00.anm	3	788460	34	75	20	0	0f00000000000000c0000000
face_rm00.anm	3	788480	32	75	28	0	0f000000040000000000c041000008430ad7233c
face_rm00.anm	3	788508	20	90	8	0	
face_rm00.anm	3	788516	21	90	12	0	06000000
face_rm00.anm	3	788528	33	90	28	0	0f00000000000000800000008000000080000000
face_rm00.anm	3	788556	20	105	8	0	
face_rm00.anm	3	788564	21	105	12	0	05000000
face_rm00.anm	3	788576	34	105	20	0	1e0000000000000000000000
face_rm00.anm	3	788596	32	105	28	0	1e00000000000000000060c30000104300000000
face_rm00.anm	3	788624	1	135	8	0	
face_rm00.anm	3	788632	-1	0	0	0	
face_rm00.anm	4	919856	3	0	12	0	05000000
face_rm00.anm	4	919868	22	0	8	0	
face_rm00.anm	4	919876	6	0	20	0	000060c30000004300000000
face_rm00.anm	4	919896	8	0	12	0	00000000
face_rm00.anm	4	919908	23	0	8	0	
face_rm00.anm	4	919916	21	0	12	0	01000000
face_rm00.anm	4	919928	8	0	12	0	00000000
face_rm00.anm	4	919940	6	0	20	0	000060c30000004300000000
face_rm00.anm	4	919960	32	0	28	0	1e00000004000000000040420000004300000000
face_rm00.anm	4	919988	34	0	20	0	1e00000000000000ff000000
face_rm00.anm	4	920008	20	30	8	0	
face_rm00.anm	4	920016	21	30	12	0	02000000
face_rm00.anm	4	920028	23	60	8	0	
face_rm00.anm	4	920036	21	60	12	0	03000000
face_rm00.anm	4	920048	33	60	28	0	0f00000000000000ff000000ff000000ff000000
face_rm00.anm	4	920076	34	60	20	0	0f00000000000000ff000000
face_rm00.anm	4	920096	32	60	28	0	0f00000004000000000040420000004300000000
face_rm00.anm	4	920124	20	75	8	0	
face_rm00.anm	4	920132	21	75	12	0	04000000
face_rm00.anm	4	920144	33	75	28	0	0f00000000000000800000008000000080000000
face_rm00.anm	4	920172	34	75	20	0	0f00000000000000c0000000
face_rm00.anm	4	920192	32	75	28	0	0f000000040000000000c041000008430ad7233c
face_rm00.anm	4	920220	20	90	8	0	
face_rm00.anm	4	920228	21	90	12	0	06000000
face_rm00.anm	4	920240	33	90	28	0	0f00000000000000800000008000000080000000
face_rm00.anm	4	920268	20	105	8	0	
face_rm00.anm	4	920276	21	105	12	0	05000000
face_rm00.anm	4	920288	34	105	20	0	1e0000000000000000000000
face_rm00.anm	4	920308	32	105	28	0	1e00000000000000000060c30000104300000000
face_rm00.anm	4	920336	1	135	8	0	
face_rm00.anm	4	920344	-1	0	0	0	
face_rm00.anm	5	1051568	3	0	12	0	06000000
face_rm00.anm	5	1051580	22	0	8	0	
face_rm00.anm	5	1051588	6	0	20	0	000060c30000004300000000
face_rm00.anm	5	1051608	8	0	12	0	00000000
face_rm00.anm	5	1051620	23	0	8	0	
face_rm00.anm	5	1051628	21	0	12	0	01000000
face_rm00.anm	5	1051640	8	0	12	0	00000000
face_rm00.anm	5	1051652	6	0	20	0	000060c30000004300000000
face_rm00.anm	5	1051672	32	0	28	0	1e00000004000000000040420000004300000000
face_rm00.anm	5	1051700	34	0	20	0	1e00000000000000ff000000
face_rm00.anm	5	1051720	20	30	8	0	
face_rm00.anm	5	1051728	21	30	12	0	02000000
face_rm00.anm	5	1051740	23	60	8	0	
face_rm00.anm	5	1051748	21	60	12	0	03000000
face_rm00.anm	5	1051760	33	60	28	0	0f00000000000000ff000000ff000000ff000000
face_rm00.anm	5	1051788	34	60	20	0	0f00000000000000ff000000
face_rm00.anm	5	1051808	32	60	28	0	0f00000004000000000040420000004300000000
face_rm00.anm	5	1051836	20	75	8	0	
face_rm00.anm	5	1051844	21	75	12	0	04000000
face_rm00.anm	5	1051856	33	75	28	0	0f00000000000000800000008000000080000000
face_rm00.anm	5	1051884	34	75	20	0	0f00000000000000c0000000
face_rm00.anm	5	1051904	32	75	28	0	0f000000040000000000c041000008430ad7233c
face_rm00.anm	5	1051932	20	90	8	0	
face_rm00.anm	5	1051940	21	90	12	0	06000000
face_rm00.anm	5	1051952	33	90	28	0	0f00000000000000800000008000000080000000
face_rm00.anm	5	1051980	20	105	8	0	
face_rm00.anm	5	1051988	21	105	12	0	05000000
face_rm00.anm	5	1052000	34	105	20	0	1e0000000000000000000000
face_rm00.anm	5	1052020	32	105	28	0	1e00000000000000000060c30000104300000000
face_rm00.anm	5	1052048	1	135	8	0	
face_rm00.anm	5	1052056	-1	0	0	0	
face_rm00.anm	6	1183280	3	0	12	0	07000000
face_rm00.anm	6	1183292	22	0	8	0	
face_rm00.anm	6	1183300	6	0	20	0	000060c30000004300000000
face_rm00.anm	6	1183320	8	0	12	0	00000000
face_rm00.anm	6	1183332	23	0	8	0	
face_rm00.anm	6	1183340	21	0	12	0	01000000
face_rm00.anm	6	1183352	8	0	12	0	00000000
face_rm00.anm	6	1183364	6	0	20	0	000060c30000004300000000
face_rm00.anm	6	1183384	32	0	28	0	1e00000004000000000040420000004300000000
face_rm00.anm	6	1183412	34	0	20	0	1e00000000000000ff000000
face_rm00.anm	6	1183432	20	30	8	0	
face_rm00.anm	6	1183440	21	30	12	0	02000000
face_rm00.anm	6	1183452	23	60	8	0	
face_rm00.anm	6	1183460	21	60	12	0	03000000
face_rm00.anm	6	1183472	33	60	28	0	0f00000000000000ff000000ff000000ff000000
face_rm00.anm	6	1183500	34	60	20	0	0f00000000000000ff000000
face_rm00.anm	6	1183520	32	60	28	0	0f00000004000000000040420000004300000000
face_rm00.anm	6	1183548	20	75	8	0	
face_rm00.anm	6	1183556	21	75	12	0	04000000
face_rm00.anm	6	1183568	33	75	28	0	0f00000000000000800000008000000080000000
face_rm00.anm	6	1183596	34	75	20	0	0f00000000000000c0000000
face_rm00.anm	6	1183616	32	75	28	0	0f000000040000000000c041000008430ad7233c
face_rm00.anm	6	1183644	20	90	8	0	
face_rm00.anm	6	1183652	21	90	12	0	06000000
face_rm00.anm	6	1183664	33	90	28	0	0f00000000000000800000008000000080000000
face_rm00.anm	6	1183692	20	105	8	0	
face_rm00.anm	6	1183700	21	105	12	0	05000000
face_rm00.anm	6	1183712	34	105	20	0	1e0000000000000000000000
face_rm00.anm	6	1183732	32	105	28	0	1e00000000000000000060c30000104300000000
face_rm00.anm	6	1183760	1	135	8	0	
face_rm00.anm	6	1183768	-1	0	0	0	
face_rm00.anm	7	1314992	3	0	12	0	08000000
face_rm00.anm	7	1315004	22	0	8	0	
face_rm00.anm	7	1315012	6	0	20	0	000060c30000004300000000
face_rm00.anm	7	1315032	8	0	12	0	00000000
face_rm00.anm	7	1315044	23	0	8	0	
face_rm00.anm	7	1315052	21	0	12	0	01000000
face_rm00.anm	7	1315064	8	0	12	0	00000000
face_rm00.anm	7	1315076	6	0	20	0	000060c30000004300000000
face_rm00.anm	7	1315096	32	0	28	0	1e00000004000000000040420000004300000000
face_rm00.anm	7	1315124	34	0	20	0	1e00000000000000ff000000
face_rm00.anm	7	1315144	20	30	8	0	
face_rm00.anm	7	1315152	21	30	12	0	02000000
face_rm00.anm	7	1315164	23	60	8	0	
face_rm00.anm	7	1315172	21	60	12	0	03000000
face_rm00.anm	7	1315184	33	60	28	0	0f00000000000000ff000000ff000000ff000000
face_rm00.anm	7	1315212	34	60	20	0	0f00000000000000ff000000
face_rm00.anm	7	1315232	32	60	28	0	0f00000004000000000040420000004300000000
face_rm00.anm	7	1315260	20	75	8	0	
face_rm00.anm	7	1315268	21	75	12	0	04000000
face_rm00.anm	7	1315280	33	75	28	0	0f00000000000000800000008000000080000000
face_rm00.anm	7	1315308	34	75	20	0	0f00000000000000c0000000
face_rm00.anm	7	1315328	32	75	28	0	0f000000040000000000c041000008430ad7233c
face_rm00.anm	7	1315356	20	90	8	0	
face_rm00.anm	7	1315364	21	90	12	0	06000000
face_rm00.anm	7	1315376	33	90	28	0	0f00000000000000800000008000000080000000
face_rm00.anm	7	1315404	20	105	8	0	
face_rm00.anm	7	1315412	21	105	12	0	05000000
face_rm00.anm	7	1315424	34	105	20	0	1e0000000000000000000000
face_rm00.anm	7	1315444	32	105	28	0	1e00000000000000000060c30000104300000000
face_rm00.anm	7	1315472	1	135	8	0	
face_rm00.anm	7	1315480	-1	0	0	0	
face_rm00.anm	8	1446704	3	0	12	0	09000000
face_rm00.anm	8	1446716	22	0	8	0	
face_rm00.anm	8	1446724	6	0	20	0	000060c30000004300000000
face_rm00.anm	8	1446744	8	0	12	0	00000000
face_rm00.anm	8	1446756	23	0	8	0	
face_rm00.anm	8	1446764	21	0	12	0	01000000
face_rm00.anm	8	1446776	8	0	12	0	00000000
face_rm00.anm	8	1446788	6	0	20	0	000060c30000004300000000
face_rm00.anm	8	1446808	32	0	28	0	1e00000004000000000040420000004300000000
face_rm00.anm	8	1446836	34	0	20	0	1e00000000000000ff000000
face_rm00.anm	8	1446856	20	30	8	0	
face_rm00.anm	8	1446864	21	30	12	0	02000000
face_rm00.anm	8	1446876	23	60	8	0	
face_rm00.anm	8	1446884	21	60	12	0	03000000
face_rm00.anm	8	1446896	33	60	28	0	0f00000000000000ff000000ff000000ff000000
face_rm00.anm	8	1446924	34	60	20	0	0f00000000000000ff000000
face_rm00.anm	8	1446944	32	60	28	0	0f00000004000000000040420000004300000000
face_rm00.anm	8	1446972	20	75	8	0	
face_rm00.anm	8	1446980	21	75	12	0	04000000
face_rm00.anm	8	1446992	33	75	28	0	0f00000000000000800000008000000080000000
face_rm00.anm	8	1447020	34	75	20	0	0f00000000000000c0000000
face_rm00.anm	8	1447040	32	75	28	0	0f000000040000000000c041000008430ad7233c
face_rm00.anm	8	1447068	20	90	8	0	
face_rm00.anm	8	1447076	21	90	12	0	06000000
face_rm00.anm	8	1447088	33	90	28	0	0f00000000000000800000008000000080000000
face_rm00.anm	8	1447116	20	105	8	0	
face_rm00.anm	8	1447124	21	105	12	0	05000000
face_rm00.anm	8	1447136	34	105	20	0	1e0000000000000000000000
face_rm00.anm	8	1447156	32	105	28	0	1e00000000000000000060c30000104300000000
face_rm00.anm	8	1447184	1	135	8	0	
face_rm00.anm	8	1447192	-1	0	0	0	
face_rs00.anm	0	152	3	0	12	0	00000000
face_rs00.anm	0	164	8	0	12	0	00000000
face_rs00.anm	0	176	22	0	8	0	
face_rs00.anm	0	184	6	0	20	0	000040420000104300000000
face_rs00.anm	0	204	34	0	20	0	1e0000000000000080000000
face_rs00.anm	0	224	32	0	28	0	b400000000000000000040420000e0c200000000
face_rs00.anm	0	252	34	90	20	0	3c0000000000000000000000
face_rs00.anm	0	272	1	150	8	0	
face_rs00.anm	0	280	-1	0	0	0	
face_rs00.anm	1	524736	3	0	12	0	02000000
face_rs00.anm	1	524748	22	0	8	0	
face_rs00.anm	1	524756	6	0	20	0	000060c30000004300000000
face_rs00.anm	1	524776	8	0	12	0	00000000
face_rs00.anm	1	524788	23	0	8	0	
face_rs00.anm	1	524796	21	0	12	0	01000000
face_rs00.anm	1	524808	8	0	12	0	00000000
face_rs00.anm	1	524820	6	0	20	0	000060c30000004300000000
face_rs00.anm	1	524840	32	0	28	0	1e00000004000000000040420000004300000000
face_rs00.anm	1	524868	34	0	20	0	1e00000000000000ff000000
face_rs00.anm	1	524888	20	30	8	0	
face_rs00.anm	1	524896	21	30	12	0	02000000
face_rs00.anm	1	524908	23	60	8	0	
face_rs00.anm	1	524916	21	60	12	0	03000000
face_rs00.anm	1	524928	33	60	28	0	0f00000000000000ff000000ff000000ff000000
face_rs00.anm	1	524956	34	60	20	0	0f00000000000000ff000000
face_rs00.anm	1	524976	32	60	28	0	0f00000004000000000040420000004300000000
face_rs00.anm	1	525004	20	75	8	0	
face_rs00.anm	1	525012	21	75	12	0	04000000
face_rs00.anm	1	525024	33	75	28	0	0f00000000000000800000008000000080000000
face_rs00.anm	1	525052	34	75	20	0	0f00000000000000c0000000
face_rs00.anm	1	525072	32	75	28	0	0f000000040000000000c041000008430ad7233c
face_rs00.anm	1	525100	20	90	8	0	
face_rs00.anm	1	525108	21	90	12	0	06000000
face_rs00.anm	1	525120	33	90	28	0	0f00000000000000800000008000000080000000
face_rs00.anm	1	525148	20	105	8	0	
face_rs00.anm	1	525156	21	105	12	0	05000000
face_rs00.anm	1	525168	34	105	20	0	1e0000000000000000000000
face_rs00.anm	1	525188	32	105	28	0	1e00000000000000000060c30000104300000000
face_rs00.anm	1	525216	1	135	8	0	
face_rs00.anm	1	525224	-1	0	0	0	
face_rs00.anm	2	656464	3	0	12	0	03000000
face_rs00.anm	2	656476	22	0	8	0	
face_rs00.anm	2	656484	6	0	20	0	000060c30000004300000000
face_rs00.anm	2	656504	8	0	12	0	00000000
face_rs00.anm	2	656516	23	0	8	0	
face_rs00.anm	2	656524	21	0	12	0	01000000
face_rs00.anm	2	656536	8	0	12	0	00000000
face_rs00.anm	2	656548	6	0	20	0	000060c30000004300000000
face_rs00.anm	2	656568	32	0	28	0	1e00000004000000000040420000004300000000
face_rs00.anm	2	656596	34	0	20	0	1e00000000000000ff000000
face_rs00.anm	2	656616	20	30	8	0	
face_rs00.anm	2	656624	21	30	12	0	02000000
face_rs00.anm	2	656636	23	60	8	0	
face_rs00.anm	2	656644	21	60	12	0	03000000
face_rs00.anm	2	656656	33	60	28	0	0f00000000000000ff000000ff000000ff000000
face_rs00.anm	2	656684	34	60	20	0	0f00000000000000ff000000
face_rs00.anm	2	656704	32	60	28	0	0f00000004000000000040420000004300000000
face_rs00.anm	2	656732	20	75	8	0	
face_rs00.anm	2	656740	21	75	12	0	04000000
face_rs00.anm	2	656752	33	75	28	0	0f00000000000000800000008000000080000000
face_rs00.anm	2	656780	34	75	20	0	0f00000000000000c0000000
face_rs00.anm	2	656800	32	75	28	0	0f000000040000000000c041000008430ad7233c
face_rs00.anm	2	656828	20	90	8	0	
face_rs00.anm	2	656836	21	90	12	0	06000000
face_rs00.anm	2	656848	33	90	28	0	0f00000000000000800000008000000080000000
face_rs00.anm	2	656876	20	105	8	0	
face_rs00.anm	2	656884	21	105	12	0	05000000
face_rs00.anm	2	656896	34	105	20	0	1e0000000000000000000000
face_rs00.anm	2	656916	32	105	28	0	1e00000000000000000060c30000104300000000
face_rs00.anm	2	656944	1	135	8	0	
face_rs00.anm	2	656952	-1	0	0	0	
face_rs00.anm	3	788192	3	0	12	0	04000000
face_rs00.anm	3	788204	22	0	8	0	
face_rs00.anm	3	788212	6	0	20	0	000060c30000004300000000
face_rs00.anm	3	788232	8	0	12	0	00000000
face_rs00.anm	3	788244	23	0	8	0	
face_rs00.anm	3	788252	21	0	12	0	01000000
face_rs00.anm	3	788264	8	0	12	0	00000000
face_rs00.anm	3	788276	6	0	20	0	000060c30000004300000000
face_rs00.anm	3	788296	32	0	28	0	1e00000004000000000040420000004300000000
face_rs00.anm	3	788324	34	0	20	0	1e00000000000000ff000000
face_rs00.anm	3	788344	20	30	8	0	
face_rs00.anm	3	788352	21	30	12	0	02000000
face_rs00.anm	3	788364	23	60	8	0	
face_rs00.anm	3	788372	21	60	12	0	03000000
face_rs00.anm	3	788384	33	60	28	0	0f00000000000000ff000000ff000000ff000000
face_rs00.anm	3	788412	34	60	20	0	0f00000000000000ff000000
face_rs00.anm	3	788432	32	60	28	0	0f00000004000000000040420000004300000000
face_rs00.anm	3	788460	20	75	8	0	
face_rs00.anm	3	788468	21	75	12	0	04000000
face_rs00.anm	3	788480	33	75	28	0	0f00000000000000800000008000000080000000
face_rs00.anm	3	788508	34	75	20	0	0f00000000000000c0000000
face_rs00.anm	3	788528	32	75	28	0	0f000000040000000000c041000008430ad7233c
face_rs00.anm	3	788556	20	90	8	0	
face_rs00.anm	3	788564	21	90	12	0	06000000
face_rs00.anm	3	788576	33	90	28	0	0f00000000000000800000008000000080000000
face_rs00.anm	3	788604	20	105	8	0	
face_rs00.anm	3	788612	21	105	12	0	05000000
face_rs00.anm	3	788624	34	105	20	0	1e0000000000000000000000
face_rs00.anm	3	788644	32	105	28	0	1e00000000000000000060c30000104300000000
face_rs00.anm	3	788672	1	135	8	0	
face_rs00.anm	3	788680	-1	0	0	0	
face_rs00.anm	4	919920	3	0	12	0	05000000
face_rs00.anm	4	919932	22	0	8	0	
face_rs00.anm	4	919940	6	0	20	0	000060c30000004300000000
face_rs00.anm	4	919960	8	0	12	0	00000000
face_rs00.anm	4	919972	23	0	8	0	
face_rs00.anm	4	919980	21	0	12	0	01000000
face_rs00.anm	4	919992	8	0	12	0	00000000
face_rs00.anm	4	920004	6	0	20	0	000060c30000004300000000
face_rs00.anm	4	920024	32	0	28	0	1e00000004000000000040420000004300000000
face_rs00.anm	4	920052	34	0	20	0	1e00000000000000ff000000
face_rs00.anm	4	920072	20	30	8	0	
face_rs00.anm	4	920080	21	30	12	0	02000000
face_rs00.anm	4	920092	23	60	8	0	
face_rs00.anm	4	920100	21	60	12	0	03000000
face_rs00.anm	4	920112	33	60	28	0	0f00000000000000ff000000ff000000ff000000
face_rs00.anm	4	920140	34	60	20	0	0f00000000000000ff000000
face_rs00.anm	4	920160	32	60	28	0	0f00000004000000000040420000004300000000
face_rs00.anm	4	920188	20	75	8	0	
face_rs00.anm	4	920196	21	75	12	0	04000000
face_rs00.anm	4	920208	33	75	28	0	0f00000000000000800000008000000080000000
face_rs00.anm	4	920236	34	75	20	0	0f00000000000000c0000000
face_rs00.anm	4	920256	32	75	28	0	0f000000040000000000c041000008430ad7233c
face_rs00.anm	4	920284	20	90	8	0	
face_rs00.anm	4	920292	21	90	12	0	06000000
face_rs00.anm	4	920304	33	90	28	0	0f00000000000000800000008000000080000000
face_rs00.anm	4	920332	20	105	8	0	
face_rs00.anm	4	920340	21	105	12	0	05000000
face_rs00.anm	4	920352	34	105	20	0	1e0000000000000000000000
face_rs00.anm	4	920372	32	105	28	0	1e00000000000000000060c30000104300000000
face_rs00.anm	4	920400	1	135	8	0	
face_rs00.anm	4	920408	-1	0	0	0	
face_rs00.anm	5	1051648	3	0	12	0	06000000
face_rs00.anm	5	1051660	22	0	8	0	
face_rs00.anm	5	1051668	6	0	20	0	000060c30000004300000000
face_rs00.anm	5	1051688	8	0	12	0	00000000
face_rs00.anm	5	1051700	23	0	8	0	
face_rs00.anm	5	1051708	21	0	12	0	01000000
face_rs00.anm	5	1051720	8	0	12	0	00000000
face_rs00.anm	5	1051732	6	0	20	0	000060c30000004300000000
face_rs00.anm	5	1051752	32	0	28	0	1e00000004000000000040420000004300000000
face_rs00.anm	5	1051780	34	0	20	0	1e00000000000000ff000000
face_rs00.anm	5	1051800	20	30	8	0	
face_rs00.anm	5	1051808	21	30	12	0	02000000
face_rs00.anm	5	1051820	23	60	8	0	
face_rs00.anm	5	1051828	21	60	12	0	03000000
face_rs00.anm	5	1051840	33	60	28	0	0f00000000000000ff000000ff000000ff000000
face_rs00.anm	5	1051868	34	60	20	0	0f00000000000000ff000000
face_rs00.anm	5	1051888	32	60	28	0	0f00000004000000000040420000004300000000
face_rs00.anm	5	1051916	20	75	8	0	
face_rs00.anm	5	1051924	21	75	12	0	04000000
face_rs00.anm	5	1051936	33	75	28	0	0f00000000000000800000008000000080000000
face_rs00.anm	5	1051964	34	75	20	0	0f00000000000000c0000000
face_rs00.anm	5	1051984	32	75	28	0	0f000000040000000000c041000008430ad7233c
face_rs00.anm	5	1052012	20	90	8	0	
face_rs00.anm	5	1052020	21	90	12	0	06000000
face_rs00.anm	5	1052032	33	90	28	0	0f00000000000000800000008000000080000000
face_rs00.anm	5	1052060	20	105	8	0	
face_rs00.anm	5	1052068	21	105	12	0	05000000
face_rs00.anm	5	1052080	34	105	20	0	1e0000000000000000000000
face_rs00.anm	5	1052100	32	105	28	0	1e00000000000000000060c30000104300000000
face_rs00.anm	5	1052128	1	135	8	0	
face_rs00.anm	5	1052136	-1	0	0	0	
face_rs00.anm	6	1183376	3	0	12	0	07000000
face_rs00.anm	6	1183388	22	0	8	0	
face_rs00.anm	6	1183396	6	0	20	0	000060c30000004300000000
face_rs00.anm	6	1183416	8	0	12	0	00000000
face_rs00.anm	6	1183428	23	0	8	0	
face_rs00.anm	6	1183436	21	0	12	0	01000000
face_rs00.anm	6	1183448	8	0	12	0	00000000
face_rs00.anm	6	1183460	6	0	20	0	000060c30000004300000000
face_rs00.anm	6	1183480	32	0	28	0	1e00000004000000000040420000004300000000
face_rs00.anm	6	1183508	34	0	20	0	1e00000000000000ff000000
face_rs00.anm	6	1183528	20	30	8	0	
face_rs00.anm	6	1183536	21	30	12	0	02000000
face_rs00.anm	6	1183548	23	60	8	0	
face_rs00.anm	6	1183556	21	60	12	0	03000000
face_rs00.anm	6	1183568	33	60	28	0	0f00000000000000ff000000ff000000ff000000
face_rs00.anm	6	1183596	34	60	20	0	0f00000000000000ff000000
face_rs00.anm	6	1183616	32	60	28	0	0f00000004000000000040420000004300000000
face_rs00.anm	6	1183644	20	75	8	0	
face_rs00.anm	6	1183652	21	75	12	0	04000000
face_rs00.anm	6	1183664	33	75	28	0	0f00000000000000800000008000000080000000
face_rs00.anm	6	1183692	34	75	20	0	0f00000000000000c0000000
face_rs00.anm	6	1183712	32	75	28	0	0f000000040000000000c041000008430ad7233c
face_rs00.anm	6	1183740	20	90	8	0	
face_rs00.anm	6	1183748	21	90	12	0	06000000
face_rs00.anm	6	1183760	33	90	28	0	0f00000000000000800000008000000080000000
face_rs00.anm	6	1183788	20	105	8	0	
face_rs00.anm	6	1183796	21	105	12	0	05000000
face_rs00.anm	6	1183808	34	105	20	0	1e0000000000000000000000
face_rs00.anm	6	1183828	32	105	28	0	1e00000000000000000060c30000104300000000
face_rs00.anm	6	1183856	1	135	8	0	
face_rs00.anm	6	1183864	-1	0	0	0	
face_rs00.anm	7	1315104	3	0	12	0	08000000
face_rs00.anm	7	1315116	22	0	8	0	
face_rs00.anm	7	1315124	6	0	20	0	000060c30000004300000000
face_rs00.anm	7	1315144	8	0	12	0	00000000
face_rs00.anm	7	1315156	23	0	8	0	
face_rs00.anm	7	1315164	21	0	12	0	01000000
face_rs00.anm	7	1315176	8	0	12	0	00000000
face_rs00.anm	7	1315188	6	0	20	0	000060c30000004300000000
face_rs00.anm	7	1315208	32	0	28	0	1e00000004000000000040420000004300000000
face_rs00.anm	7	1315236	34	0	20	0	1e00000000000000ff000000
face_rs00.anm	7	1315256	20	30	8	0	
face_rs00.anm	7	1315264	21	30	12	0	02000000
face_rs00.anm	7	1315276	23	60	8	0	
face_rs00.anm	7	1315284	21	60	12	0	03000000
face_rs00.anm	7	1315296	33	60	28	0	0f00000000000000ff000000ff000000ff000000
face_rs00.anm	7	1315324	34	60	20	0	0f00000000000000ff000000
face_rs00.anm	7	1315344	32	60	28	0	0f00000004000000000040420000004300000000
face_rs00.anm	7	1315372	20	75	8	0	
face_rs00.anm	7	1315380	21	75	12	0	04000000
face_rs00.anm	7	1315392	33	75	28	0	0f00000000000000800000008000000080000000
face_rs00.anm	7	1315420	34	75	20	0	0f00000000000000c0000000
face_rs00.anm	7	1315440	32	75	28	0	0f000000040000000000c041000008430ad7233c
face_rs00.anm	7	1315468	20	90	8	0	
face_rs00.anm	7	1315476	21	90	12	0	06000000
face_rs00.anm	7	1315488	33	90	28	0	0f00000000000000800000008000000080000000
face_rs00.anm	7	1315516	20	105	8	0	
face_rs00.anm	7	1315524	21	105	12	0	05000000
face_rs00.anm	7	1315536	34	105	20	0	1e0000000000000000000000
face_rs00.anm	7	1315556	32	105	28	0	1e00000000000000000060c30000104300000000
face_rs00.anm	7	1315584	1	135	8	0	
face_rs00.anm	7	1315592	-1	0	0	0	
face_rs00.anm	8	1446832	3	0	12	0	09000000
face_rs00.anm	8	1446844	22	0	8	0	
face_rs00.anm	8	1446852	6	0	20	0	000060c30000004300000000
face_rs00.anm	8	1446872	8	0	12	0	00000000
face_rs00.anm	8	1446884	23	0	8	0	
face_rs00.anm	8	1446892	21	0	12	0	01000000
face_rs00.anm	8	1446904	8	0	12	0	00000000
face_rs00.anm	8	1446916	6	0	20	0	000060c30000004300000000
face_rs00.anm	8	1446936	32	0	28	0	1e00000004000000000040420000004300000000
face_rs00.anm	8	1446964	34	0	20	0	1e00000000000000ff000000
face_rs00.anm	8	1446984	20	30	8	0	
face_rs00.anm	8	1446992	21	30	12	0	02000000
face_rs00.anm	8	1447004	23	60	8	0	
face_rs00.anm	8	1447012	21	60	12	0	03000000
face_rs00.anm	8	1447024	33	60	28	0	0f00000000000000ff000000ff000000ff000000
face_rs00.anm	8	1447052	34	60	20	0	0f00000000000000ff000000
face_rs00.anm	8	1447072	32	60	28	0	0f00000004000000000040420000004300000000
face_rs00.anm	8	1447100	20	75	8	0	
face_rs00.anm	8	1447108	21	75	12	0	04000000
face_rs00.anm	8	1447120	33	75	28	0	0f00000000000000800000008000000080000000
face_rs00.anm	8	1447148	34	75	20	0	0f00000000000000c0000000
face_rs00.anm	8	1447168	32	75	28	0	0f000000040000000000c041000008430ad7233c
face_rs00.anm	8	1447196	20	90	8	0	
face_rs00.anm	8	1447204	21	90	12	0	06000000
face_rs00.anm	8	1447216	33	90	28	0	0f00000000000000800000008000000080000000
face_rs00.anm	8	1447244	20	105	8	0	
face_rs00.anm	8	1447252	21	105	12	0	05000000
face_rs00.anm	8	1447264	34	105	20	0	1e0000000000000000000000
face_rs00.anm	8	1447284	32	105	28	0	1e00000000000000000060c30000104300000000
face_rs00.anm	8	1447312	1	135	8	0	
face_rs00.anm	8	1447320	-1	0	0	0	
face_rssp.anm	0	128	3	0	12	0	00000000
face_rssp.anm	0	140	8	0	12	0	00000000
face_rssp.anm	0	152	22	0	8	0	
face_rssp.anm	0	160	6	0	20	0	000020430000e0c200000000
face_rssp.anm	0	180	34	0	20	0	1e00000000000000c0000000
face_rssp.anm	0	200	32	0	28	0	b400000000000000000020430000104300000000
face_rssp.anm	0	228	34	90	20	0	3c0000000000000000000000
face_rssp.anm	0	248	1	150	8	0	
face_rssp.anm	0	256	-1	0	0	0	
face_sk00.anm	0	152	3	0	12	0	00000000
face_sk00.anm	0	164	8	0	12	0	00000000
face_sk00.anm	0	176	22	0	8	0	
face_sk00.anm	0	184	6	0	20	0	000040420000104300000000
face_sk00.anm	0	204	34	0	20	0	1e0000000000000080000000
face_sk00.anm	0	224	32	0	28	0	b400000000000000000040420000e0c200000000
face_sk00.anm	0	252	34	90	20	0	3c0000000000000000000000
face_sk00.anm	0	272	1	150	8	0	
face_sk00.anm	0	280	-1	0	0	0	
face_sk00.anm	1	524736	3	0	12	0	02000000
face_sk00.anm	1	524748	22	0	8	0	
face_sk00.anm	1	524756	6	0	20	0	000060c30000004300000000
face_sk00.anm	1	524776	8	0	12	0	00000000
face_sk00.anm	1	524788	23	0	8	0	
face_sk00.anm	1	524796	21	0	12	0	01000000
face_sk00.anm	1	524808	8	0	12	0	00000000
face_sk00.anm	1	524820	6	0	20	0	000060c30000004300000000
face_sk00.anm	1	524840	32	0	28	0	1e00000004000000000040420000004300000000
face_sk00.anm	1	524868	34	0	20	0	1e00000000000000ff000000
face_sk00.anm	1	524888	20	30	8	0	
face_sk00.anm	1	524896	21	30	12	0	02000000
face_sk00.anm	1	524908	23	60	8	0	
face_sk00.anm	1	524916	21	60	12	0	03000000
face_sk00.anm	1	524928	33	60	28	0	0f00000000000000ff000000ff000000ff000000
face_sk00.anm	1	524956	34	60	20	0	0f00000000000000ff000000
face_sk00.anm	1	524976	32	60	28	0	0f00000004000000000040420000004300000000
face_sk00.anm	1	525004	20	75	8	0	
face_sk00.anm	1	525012	21	75	12	0	04000000
face_sk00.anm	1	525024	33	75	28	0	0f00000000000000800000008000000080000000
face_sk00.anm	1	525052	34	75	20	0	0f00000000000000c0000000
face_sk00.anm	1	525072	32	75	28	0	0f000000040000000000c041000008430ad7233c
face_sk00.anm	1	525100	20	90	8	0	
face_sk00.anm	1	525108	21	90	12	0	06000000
face_sk00.anm	1	525120	33	90	28	0	0f00000000000000800000008000000080000000
face_sk00.anm	1	525148	20	105	8	0	
face_sk00.anm	1	525156	21	105	12	0	05000000
face_sk00.anm	1	525168	34	105	20	0	1e0000000000000000000000
face_sk00.anm	1	525188	32	105	28	0	1e00000000000000000060c30000104300000000
face_sk00.anm	1	525216	1	135	8	0	
face_sk00.anm	1	525224	-1	0	0	0	
face_sk00.anm	2	656464	3	0	12	0	03000000
face_sk00.anm	2	656476	22	0	8	0	
face_sk00.anm	2	656484	6	0	20	0	000060c30000004300000000
face_sk00.anm	2	656504	8	0	12	0	00000000
face_sk00.anm	2	656516	23	0	8	0	
face_sk00.anm	2	656524	21	0	12	0	01000000
face_sk00.anm	2	656536	8	0	12	0	00000000
face_sk00.anm	2	656548	6	0	20	0	000060c30000004300000000
face_sk00.anm	2	656568	32	0	28	0	1e00000004000000000040420000004300000000
face_sk00.anm	2	656596	34	0	20	0	1e00000000000000ff000000
face_sk00.anm	2	656616	20	30	8	0	
face_sk00.anm	2	656624	21	30	12	0	02000000
face_sk00.anm	2	656636	23	60	8	0	
face_sk00.anm	2	656644	21	60	12	0	03000000
face_sk00.anm	2	656656	33	60	28	0	0f00000000000000ff000000ff000000ff000000
face_sk00.anm	2	656684	34	60	20	0	0f00000000000000ff000000
face_sk00.anm	2	656704	32	60	28	0	0f00000004000000000040420000004300000000
face_sk00.anm	2	656732	20	75	8	0	
face_sk00.anm	2	656740	21	75	12	0	04000000
face_sk00.anm	2	656752	33	75	28	0	0f00000000000000800000008000000080000000
face_sk00.anm	2	656780	34	75	20	0	0f00000000000000c0000000
face_sk00.anm	2	656800	32	75	28	0	0f000000040000000000c041000008430ad7233c
face_sk00.anm	2	656828	20	90	8	0	
face_sk00.anm	2	656836	21	90	12	0	06000000
face_sk00.anm	2	656848	33	90	28	0	0f00000000000000800000008000000080000000
face_sk00.anm	2	656876	20	105	8	0	
face_sk00.anm	2	656884	21	105	12	0	05000000
face_sk00.anm	2	656896	34	105	20	0	1e0000000000000000000000
face_sk00.anm	2	656916	32	105	28	0	1e00000000000000000060c30000104300000000
face_sk00.anm	2	656944	1	135	8	0	
face_sk00.anm	2	656952	-1	0	0	0	
face_sk00.anm	3	788192	3	0	12	0	04000000
face_sk00.anm	3	788204	22	0	8	0	
face_sk00.anm	3	788212	6	0	20	0	000060c30000004300000000
face_sk00.anm	3	788232	8	0	12	0	00000000
face_sk00.anm	3	788244	23	0	8	0	
face_sk00.anm	3	788252	21	0	12	0	01000000
face_sk00.anm	3	788264	8	0	12	0	00000000
face_sk00.anm	3	788276	6	0	20	0	000060c30000004300000000
face_sk00.anm	3	788296	32	0	28	0	1e00000004000000000040420000004300000000
face_sk00.anm	3	788324	34	0	20	0	1e00000000000000ff000000
face_sk00.anm	3	788344	20	30	8	0	
face_sk00.anm	3	788352	21	30	12	0	02000000
face_sk00.anm	3	788364	23	60	8	0	
face_sk00.anm	3	788372	21	60	12	0	03000000
face_sk00.anm	3	788384	33	60	28	0	0f00000000000000ff000000ff000000ff000000
face_sk00.anm	3	788412	34	60	20	0	0f00000000000000ff000000
face_sk00.anm	3	788432	32	60	28	0	0f00000004000000000040420000004300000000
face_sk00.anm	3	788460	20	75	8	0	
face_sk00.anm	3	788468	21	75	12	0	04000000
face_sk00.anm	3	788480	33	75	28	0	0f00000000000000800000008000000080000000
face_sk00.anm	3	788508	34	75	20	0	0f00000000000000c0000000
face_sk00.anm	3	788528	32	75	28	0	0f000000040000000000c041000008430ad7233c
face_sk00.anm	3	788556	20	90	8	0	
face_sk00.anm	3	788564	21	90	12	0	06000000
face_sk00.anm	3	788576	33	90	28	0	0f00000000000000800000008000000080000000
face_sk00.anm	3	788604	20	105	8	0	
face_sk00.anm	3	788612	21	105	12	0	05000000
face_sk00.anm	3	788624	34	105	20	0	1e0000000000000000000000
face_sk00.anm	3	788644	32	105	28	0	1e00000000000000000060c30000104300000000
face_sk00.anm	3	788672	1	135	8	0	
face_sk00.anm	3	788680	-1	0	0	0	
face_sk00.anm	4	919920	3	0	12	0	05000000
face_sk00.anm	4	919932	22	0	8	0	
face_sk00.anm	4	919940	6	0	20	0	000060c30000004300000000
face_sk00.anm	4	919960	8	0	12	0	00000000
face_sk00.anm	4	919972	23	0	8	0	
face_sk00.anm	4	919980	21	0	12	0	01000000
face_sk00.anm	4	919992	8	0	12	0	00000000
face_sk00.anm	4	920004	6	0	20	0	000060c30000004300000000
face_sk00.anm	4	920024	32	0	28	0	1e00000004000000000040420000004300000000
face_sk00.anm	4	920052	34	0	20	0	1e00000000000000ff000000
face_sk00.anm	4	920072	20	30	8	0	
face_sk00.anm	4	920080	21	30	12	0	02000000
face_sk00.anm	4	920092	23	60	8	0	
face_sk00.anm	4	920100	21	60	12	0	03000000
face_sk00.anm	4	920112	33	60	28	0	0f00000000000000ff000000ff000000ff000000
face_sk00.anm	4	920140	34	60	20	0	0f00000000000000ff000000
face_sk00.anm	4	920160	32	60	28	0	0f00000004000000000040420000004300000000
face_sk00.anm	4	920188	20	75	8	0	
face_sk00.anm	4	920196	21	75	12	0	04000000
face_sk00.anm	4	920208	33	75	28	0	0f00000000000000800000008000000080000000
face_sk00.anm	4	920236	34	75	20	0	0f00000000000000c0000000
face_sk00.anm	4	920256	32	75	28	0	0f000000040000000000c041000008430ad7233c
face_sk00.anm	4	920284	20	90	8	0	
face_sk00.anm	4	920292	21	90	12	0	06000000
face_sk00.anm	4	920304	33	90	28	0	0f00000000000000800000008000000080000000
face_sk00.anm	4	920332	20	105	8	0	
face_sk00.anm	4	920340	21	105	12	0	05000000
face_sk00.anm	4	920352	34	105	20	0	1e0000000000000000000000
face_sk00.anm	4	920372	32	105	28	0	1e00000000000000000060c30000104300000000
face_sk00.anm	4	920400	1	135	8	0	
face_sk00.anm	4	920408	-1	0	0	0	
face_sk00.anm	5	1051648	3	0	12	0	06000000
face_sk00.anm	5	1051660	22	0	8	0	
face_sk00.anm	5	1051668	6	0	20	0	000060c30000004300000000
face_sk00.anm	5	1051688	8	0	12	0	00000000
face_sk00.anm	5	1051700	23	0	8	0	
face_sk00.anm	5	1051708	21	0	12	0	01000000
face_sk00.anm	5	1051720	8	0	12	0	00000000
face_sk00.anm	5	1051732	6	0	20	0	000060c30000004300000000
face_sk00.anm	5	1051752	32	0	28	0	1e00000004000000000040420000004300000000
face_sk00.anm	5	1051780	34	0	20	0	1e00000000000000ff000000
face_sk00.anm	5	1051800	20	30	8	0	
face_sk00.anm	5	1051808	21	30	12	0	02000000
face_sk00.anm	5	1051820	23	60	8	0	
face_sk00.anm	5	1051828	21	60	12	0	03000000
face_sk00.anm	5	1051840	33	60	28	0	0f00000000000000ff000000ff000000ff000000
face_sk00.anm	5	1051868	34	60	20	0	0f00000000000000ff000000
face_sk00.anm	5	1051888	32	60	28	0	0f00000004000000000040420000004300000000
face_sk00.anm	5	1051916	20	75	8	0	
face_sk00.anm	5	1051924	21	75	12	0	04000000
face_sk00.anm	5	1051936	33	75	28	0	0f00000000000000800000008000000080000000
face_sk00.anm	5	1051964	34	75	20	0	0f00000000000000c0000000
face_sk00.anm	5	1051984	32	75	28	0	0f000000040000000000c041000008430ad7233c
face_sk00.anm	5	1052012	20	90	8	0	
face_sk00.anm	5	1052020	21	90	12	0	06000000
face_sk00.anm	5	1052032	33	90	28	0	0f00000000000000800000008000000080000000
face_sk00.anm	5	1052060	20	105	8	0	
face_sk00.anm	5	1052068	21	105	12	0	05000000
face_sk00.anm	5	1052080	34	105	20	0	1e0000000000000000000000
face_sk00.anm	5	1052100	32	105	28	0	1e00000000000000000060c30000104300000000
face_sk00.anm	5	1052128	1	135	8	0	
face_sk00.anm	5	1052136	-1	0	0	0	
face_sk00.anm	6	1183376	3	0	12	0	07000000
face_sk00.anm	6	1183388	22	0	8	0	
face_sk00.anm	6	1183396	6	0	20	0	000060c30000004300000000
face_sk00.anm	6	1183416	8	0	12	0	00000000
face_sk00.anm	6	1183428	23	0	8	0	
face_sk00.anm	6	1183436	21	0	12	0	01000000
face_sk00.anm	6	1183448	8	0	12	0	00000000
face_sk00.anm	6	1183460	6	0	20	0	000060c30000004300000000
face_sk00.anm	6	1183480	32	0	28	0	1e00000004000000000040420000004300000000
face_sk00.anm	6	1183508	34	0	20	0	1e00000000000000ff000000
face_sk00.anm	6	1183528	20	30	8	0	
face_sk00.anm	6	1183536	21	30	12	0	02000000
face_sk00.anm	6	1183548	23	60	8	0	
face_sk00.anm	6	1183556	21	60	12	0	03000000
face_sk00.anm	6	1183568	33	60	28	0	0f00000000000000ff000000ff000000ff000000
face_sk00.anm	6	1183596	34	60	20	0	0f00000000000000ff000000
face_sk00.anm	6	1183616	32	60	28	0	0f00000004000000000040420000004300000000
face_sk00.anm	6	1183644	20	75	8	0	
face_sk00.anm	6	1183652	21	75	12	0	04000000
face_sk00.anm	6	1183664	33	75	28	0	0f00000000000000800000008000000080000000
face_sk00.anm	6	1183692	34	75	20	0	0f00000000000000c0000000
face_sk00.anm	6	1183712	32	75	28	0	0f000000040000000000c041000008430ad7233c
face_sk00.anm	6	1183740	20	90	8	0	
face_sk00.anm	6	1183748	21	90	12	0	06000000
face_sk00.anm	6	1183760	33	90	28	0	0f00000000000000800000008000000080000000
face_sk00.anm	6	1183788	20	105	8	0	
face_sk00.anm	6	1183796	21	105	12	0	05000000
face_sk00.anm	6	1183808	34	105	20	0	1e0000000000000000000000
face_sk00.anm	6	1183828	32	105	28	0	1e00000000000000000060c30000104300000000
face_sk00.anm	6	1183856	1	135	8	0	
face_sk00.anm	6	1183864	-1	0	0	0	
face_sk00.anm	7	1315104	3	0	12	0	08000000
face_sk00.anm	7	1315116	22	0	8	0	
face_sk00.anm	7	1315124	6	0	20	0	000060c30000004300000000
face_sk00.anm	7	1315144	8	0	12	0	00000000
face_sk00.anm	7	1315156	23	0	8	0	
face_sk00.anm	7	1315164	21	0	12	0	01000000
face_sk00.anm	7	1315176	8	0	12	0	00000000
face_sk00.anm	7	1315188	6	0	20	0	000060c30000004300000000
face_sk00.anm	7	1315208	32	0	28	0	1e00000004000000000040420000004300000000
face_sk00.anm	7	1315236	34	0	20	0	1e00000000000000ff000000
face_sk00.anm	7	1315256	20	30	8	0	
face_sk00.anm	7	1315264	21	30	12	0	02000000
face_sk00.anm	7	1315276	23	60	8	0	
face_sk00.anm	7	1315284	21	60	12	0	03000000
face_sk00.anm	7	1315296	33	60	28	0	0f00000000000000ff000000ff000000ff000000
face_sk00.anm	7	1315324	34	60	20	0	0f00000000000000ff000000
face_sk00.anm	7	1315344	32	60	28	0	0f00000004000000000040420000004300000000
face_sk00.anm	7	1315372	20	75	8	0	
face_sk00.anm	7	1315380	21	75	12	0	04000000
face_sk00.anm	7	1315392	33	75	28	0	0f00000000000000800000008000000080000000
face_sk00.anm	7	1315420	34	75	20	0	0f00000000000000c0000000
face_sk00.anm	7	1315440	32	75	28	0	0f000000040000000000c041000008430ad7233c
face_sk00.anm	7	1315468	20	90	8	0	
face_sk00.anm	7	1315476	21	90	12	0	06000000
face_sk00.anm	7	1315488	33	90	28	0	0f00000000000000800000008000000080000000
face_sk00.anm	7	1315516	20	105	8	0	
face_sk00.anm	7	1315524	21	105	12	0	05000000
face_sk00.anm	7	1315536	34	105	20	0	1e0000000000000000000000
face_sk00.anm	7	1315556	32	105	28	0	1e00000000000000000060c30000104300000000
face_sk00.anm	7	1315584	1	135	8	0	
face_sk00.anm	7	1315592	-1	0	0	0	
face_sk00.anm	8	1446832	3	0	12	0	09000000
face_sk00.anm	8	1446844	22	0	8	0	
face_sk00.anm	8	1446852	6	0	20	0	000060c30000004300000000
face_sk00.anm	8	1446872	8	0	12	0	00000000
face_sk00.anm	8	1446884	23	0	8	0	
face_sk00.anm	8	1446892	21	0	12	0	01000000
face_sk00.anm	8	1446904	8	0	12	0	00000000
face_sk00.anm	8	1446916	6	0	20	0	000060c30000004300000000
face_sk00.anm	8	1446936	32	0	28	0	1e00000004000000000040420000004300000000
face_sk00.anm	8	1446964	34	0	20	0	1e00000000000000ff000000
face_sk00.anm	8	1446984	20	30	8	0	
face_sk00.anm	8	1446992	21	30	12	0	02000000
face_sk00.anm	8	1447004	23	60	8	0	
face_sk00.anm	8	1447012	21	60	12	0	03000000
face_sk00.anm	8	1447024	33	60	28	0	0f00000000000000ff000000ff000000ff000000
face_sk00.anm	8	1447052	34	60	20	0	0f00000000000000ff000000
face_sk00.anm	8	1447072	32	60	28	0	0f00000004000000000040420000004300000000
face_sk00.anm	8	1447100	20	75	8	0	
face_sk00.anm	8	1447108	21	75	12	0	04000000
face_sk00.anm	8	1447120	33	75	28	0	0f00000000000000800000008000000080000000
face_sk00.anm	8	1447148	34	75	20	0	0f00000000000000c0000000
face_sk00.anm	8	1447168	32	75	28	0	0f000000040000000000c041000008430ad7233c
face_sk00.anm	8	1447196	20	90	8	0	
face_sk00.anm	8	1447204	21	90	12	0	06000000
face_sk00.anm	8	1447216	33	90	28	0	0f00000000000000800000008000000080000000
face_sk00.anm	8	1447244	20	105	8	0	
face_sk00.anm	8	1447252	21	105	12	0	05000000
face_sk00.anm	8	1447264	34	105	20	0	1e0000000000000000000000
face_sk00.anm	8	1447284	32	105	28	0	1e00000000000000000060c30000104300000000
face_sk00.anm	8	1447312	1	135	8	0	
face_sk00.anm	8	1447320	-1	0	0	0	
face_sksp.anm	0	144	3	0	12	0	00000000
face_sksp.anm	0	156	8	0	12	0	00000000
face_sksp.anm	0	168	22	0	8	0	
face_sksp.anm	0	176	6	0	20	0	000020430000e0c200000000
face_sksp.anm	0	196	34	0	20	0	1e00000000000000c0000000
face_sksp.anm	0	216	32	0	28	0	b400000000000000000020430000104300000000
face_sksp.anm	0	244	34	90	20	0	3c0000000000000000000000
face_sksp.anm	0	264	1	150	8	0	
face_sksp.anm	0	272	-1	0	0	0	
face_st01.anm	0	128	3	0	12	0	00000000
face_st01.anm	0	140	8	0	12	0	00000000
face_st01.anm	0	152	22	0	8	0	
face_st01.anm	0	160	6	0	20	0	000020430000e0c200000000
face_st01.anm	0	180	34	0	20	0	1e00000000000000c0000000
face_st01.anm	0	200	32	0	28	0	b400000000000000000020430000104300000000
face_st01.anm	0	228	34	90	20	0	3c0000000000000000000000
face_st01.anm	0	248	1	150	8	0	
face_st01.anm	0	256	-1	0	0	0	
face_st01.anm	1	524712	3	0	12	0	01000000
face_st01.anm	1	524724	22	0	8	0	
face_st01.anm	1	524732	6	0	20	0	000010430000b04300000000
face_st01.anm	1	524752	8	0	12	0	00000000
face_st01.anm	1	524764	34	0	20	0	1e00000000000000ff000000
face_st01.anm	1	524784	34	350	20	0	1e0000000000000000000000
face_st01.anm	1	524804	1	380	8	0	
face_st01.anm	1	524812	-1	0	0	0	
face_st01.anm	2	557732	3	0	12	0	02000000
face_st01.anm	2	557744	22	0	8	0	
face_st01.anm	2	557752	6	0	20	0	0000d0430000004300000000
face_st01.anm	2	557772	8	0	12	0	00000000
face_st01.anm	2	557784	23	0	8	0	
face_st01.anm	2	557792	21	0	12	0	01000000
face_st01.anm	2	557804	32	0	28	0	1e00000004000000000088430000004300000000
face_st01.anm	2	557832	34	0	20	0	1e00000000000000ff000000
face_st01.anm	2	557852	20	30	8	0	
face_st01.anm	2	557860	21	30	12	0	02000000
face_st01.anm	2	557872	23	60	8	0	
face_st01.anm	2	557880	21	60	12	0	03000000
face_st01.anm	2	557892	33	60	28	0	0f00000000000000ff000000ff000000ff000000
face_st01.anm	2	557920	34	60	20	0	0f00000000000000ff000000
face_st01.anm	2	557940	32	60	28	0	0f00000004000000000088430000004300000000
face_st01.anm	2	557968	20	75	8	0	
face_st01.anm	2	557976	21	75	12	0	04000000
face_st01.anm	2	557988	33	75	28	0	0f00000000000000800000008000000080000000
face_st01.anm	2	558016	34	75	20	0	0f00000000000000c0000000
face_st01.anm	2	558036	32	75	28	0	0f0000000400000000008c43000008430ad7233c
face_st01.anm	2	558064	20	90	8	0	
face_st01.anm	2	558072	21	90	12	0	06000000
face_st01.anm	2	558084	33	90	28	0	0f00000000000000800000008000000080000000
face_st01.anm	2	558112	32	90	28	0	0f0000000400000000008c43000008430ad7233c
face_st01.anm	2	558140	20	105	8	0	
face_st01.anm	2	558148	21	105	12	0	05000000
face_st01.anm	2	558160	34	105	20	0	1e0000000000000000000000
face_st01.anm	2	558180	32	105	28	0	1e000000000000000000d0430000104300000000
face_st01.anm	2	558208	1	135	8	0	
face_st01.anm	2	558216	-1	0	0	0	
face_st01.anm	3	689488	3	0	12	0	03000000
face_st01.anm	3	689500	22	0	8	0	
face_st01.anm	3	689508	6	0	20	0	0000d0430000004300000000
face_st01.anm	3	689528	8	0	12	0	00000000
face_st01.anm	3	689540	23	0	8	0	
face_st01.anm	3	689548	21	0	12	0	01000000
face_st01.anm	3	689560	32	0	28	0	1e00000004000000000088430000004300000000
face_st01.anm	3	689588	34	0	20	0	1e00000000000000ff000000
face_st01.anm	3	689608	20	30	8	0	
face_st01.anm	3	689616	21	30	12	0	02000000
face_st01.anm	3	689628	23	60	8	0	
face_st01.anm	3	689636	21	60	12	0	03000000
face_st01.anm	3	689648	33	60	28	0	0f00000000000000ff000000ff000000ff000000
face_st01.anm	3	689676	34	60	20	0	0f00000000000000ff000000
face_st01.anm	3	689696	32	60	28	0	0f00000004000000000088430000004300000000
face_st01.anm	3	689724	20	75	8	0	
face_st01.anm	3	689732	21	75	12	0	04000000
face_st01.anm	3	689744	33	75	28	0	0f00000000000000800000008000000080000000
face_st01.anm	3	689772	34	75	20	0	0f00000000000000c0000000
face_st01.anm	3	689792	32	75	28	0	0f0000000400000000008c43000008430ad7233c
face_st01.anm	3	689820	20	90	8	0	
face_st01.anm	3	689828	21	90	12	0	06000000
face_st01.anm	3	689840	33	90	28	0	0f00000000000000800000008000000080000000
face_st01.anm	3	689868	32	90	28	0	0f0000000400000000008c43000008430ad7233c
face_st01.anm	3	689896	20	105	8	0	
face_st01.anm	3	689904	21	105	12	0	05000000
face_st01.anm	3	689916	34	105	20	0	1e0000000000000000000000
face_st01.anm	3	689936	32	105	28	0	1e000000000000000000d0430000104300000000
face_st01.anm	3	689964	1	135	8	0	
face_st01.anm	3	689972	-1	0	0	0	
face_st01.anm	4	821292	3	0	12	0	06000000
face_st01.anm	4	821304	22	0	8	0	
face_st01.anm	4	821312	6	0	20	0	0000d0430000004300000000
face_st01.anm	4	821332	8	0	12	0	00000000
face_st01.anm	4	821344	23	0	8	0	
face_st01.anm	4	821352	21	0	12	0	01000000
face_st01.anm	4	821364	32	0	28	0	1e00000004000000000088430000004300000000
face_st01.anm	4	821392	34	0	20	0	1e00000000000000ff000000
face_st01.anm	4	821412	20	30	8	0	
face_st01.anm	4	821420	21	30	12	0	02000000
face_st01.anm	4	821432	23	60	8	0	
face_st01.anm	4	821440	21	60	12	0	03000000
face_st01.anm	4	821452	33	60	28	0	0f00000000000000ff000000ff000000ff000000
face_st01.anm	4	821480	34	60	20	0	0f00000000000000ff000000
face_st01.anm	4	821500	32	60	28	0	0f00000004000000000088430000004300000000
face_st01.anm	4	821528	20	75	8	0	
face_st01.anm	4	821536	21	75	12	0	04000000
face_st01.anm	4	821548	33	75	28	0	0f00000000000000800000008000000080000000
face_st01.anm	4	821576	34	75	20	0	0f00000000000000c0000000
face_st01.anm	4	821596	32	75	28	0	0f0000000400000000008c43000008430ad7233c
face_st01.anm	4	821624	20	90	8	0	
face_st01.anm	4	821632	21	90	12	0	06000000
face_st01.anm	4	821644	33	90	28	0	0f00000000000000800000008000000080000000
face_st01.anm	4	821672	32	90	28	0	0f0000000400000000008c43000008430ad7233c
face_st01.anm	4	821700	20	105	8	0	
face_st01.anm	4	821708	21	105	12	0	05000000
face_st01.anm	4	821720	34	105	20	0	1e0000000000000000000000
face_st01.anm	4	821740	32	105	28	0	1e000000000000000000d0430000104300000000
face_st01.anm	4	821768	1	135	8	0	
face_st01.anm	4	821776	-1	0	0	0	
face_st01sp.anm	0	128	3	0	12	0	00000000
face_st01sp.anm	0	140	8	0	12	0	00000000
face_st01sp.anm	0	152	22	0	8	0	
face_st01sp.anm	0	160	6	0	20	0	000020430000e0c200000000
face_st01sp.anm	0	180	34	0	20	0	1e00000000000000c0000000
face_st01sp.anm	0	200	32	0	28	0	b400000000000000000020430000104300000000
face_st01sp.anm	0	228	34	90	20	0	3c0000000000000000000000
face_st01sp.anm	0	248	1	150	8	0	
face_st01sp.anm	0	256	-1	0	0	0	
face_st02.anm	0	128	3	0	12	0	00000000
face_st02.anm	0	140	8	0	12	0	00000000
face_st02.anm	0	152	22	0	8	0	
face_st02.anm	0	160	6	0	20	0	000020430000e0c200000000
face_st02.anm	0	180	34	0	20	0	1e00000000000000c0000000
face_st02.anm	0	200	32	0	28	0	b400000000000000000020430000104300000000
face_st02.anm	0	228	34	90	20	0	3c0000000000000000000000
face_st02.anm	0	248	1	150	8	0	
face_st02.anm	0	256	-1	0	0	0	
face_st02.anm	1	524712	3	0	12	0	01000000
face_st02.anm	1	524724	22	0	8	0	
face_st02.anm	1	524732	6	0	20	0	000010430000b04300000000
face_st02.anm	1	524752	8	0	12	0	00000000
face_st02.anm	1	524764	34	0	20	0	1e00000000000000ff000000
face_st02.anm	1	524784	34	350	20	0	1e0000000000000000000000
face_st02.anm	1	524804	1	380	8	0	
face_st02.anm	1	524812	-1	0	0	0	
face_st02.anm	2	557732	3	0	12	0	02000000
face_st02.anm	2	557744	22	0	8	0	
face_st02.anm	2	557752	6	0	20	0	0000d0430000004300000000
face_st02.anm	2	557772	8	0	12	0	00000000
face_st02.anm	2	557784	23	0	8	0	
face_st02.anm	2	557792	21	0	12	0	01000000
face_st02.anm	2	557804	32	0	28	0	1e00000004000000000088430000004300000000
face_st02.anm	2	557832	34	0	20	0	1e00000000000000ff000000
face_st02.anm	2	557852	20	30	8	0	
face_st02.anm	2	557860	21	30	12	0	02000000
face_st02.anm	2	557872	23	60	8	0	
face_st02.anm	2	557880	21	60	12	0	03000000
face_st02.anm	2	557892	33	60	28	0	0f00000000000000ff000000ff000000ff000000
face_st02.anm	2	557920	34	60	20	0	0f00000000000000ff000000
face_st02.anm	2	557940	32	60	28	0	0f00000004000000000088430000004300000000
face_st02.anm	2	557968	20	75	8	0	
face_st02.anm	2	557976	21	75	12	0	04000000
face_st02.anm	2	557988	33	75	28	0	0f00000000000000800000008000000080000000
face_st02.anm	2	558016	34	75	20	0	0f00000000000000c0000000
face_st02.anm	2	558036	32	75	28	0	0f0000000400000000008c43000008430ad7233c
face_st02.anm	2	558064	20	90	8	0	
face_st02.anm	2	558072	21	90	12	0	06000000
face_st02.anm	2	558084	33	90	28	0	0f00000000000000800000008000000080000000
face_st02.anm	2	558112	32	90	28	0	0f0000000400000000008c43000008430ad7233c
face_st02.anm	2	558140	20	105	8	0	
face_st02.anm	2	558148	21	105	12	0	05000000
face_st02.anm	2	558160	34	105	20	0	1e0000000000000000000000
face_st02.anm	2	558180	32	105	28	0	1e000000000000000000d0430000104300000000
face_st02.anm	2	558208	1	135	8	0	
face_st02.anm	2	558216	-1	0	0	0	
face_st02.anm	3	689488	3	0	12	0	03000000
face_st02.anm	3	689500	22	0	8	0	
face_st02.anm	3	689508	6	0	20	0	0000d0430000004300000000
face_st02.anm	3	689528	8	0	12	0	00000000
face_st02.anm	3	689540	23	0	8	0	
face_st02.anm	3	689548	21	0	12	0	01000000
face_st02.anm	3	689560	32	0	28	0	1e00000004000000000088430000004300000000
face_st02.anm	3	689588	34	0	20	0	1e00000000000000ff000000
face_st02.anm	3	689608	20	30	8	0	
face_st02.anm	3	689616	21	30	12	0	02000000
face_st02.anm	3	689628	23	60	8	0	
face_st02.anm	3	689636	21	60	12	0	03000000
face_st02.anm	3	689648	33	60	28	0	0f00000000000000ff000000ff000000ff000000
face_st02.anm	3	689676	34	60	20	0	0f00000000000000ff000000
face_st02.anm	3	689696	32	60	28	0	0f00000004000000000088430000004300000000
face_st02.anm	3	689724	20	75	8	0	
face_st02.anm	3	689732	21	75	12	0	04000000
face_st02.anm	3	689744	33	75	28	0	0f00000000000000800000008000000080000000
face_st02.anm	3	689772	34	75	20	0	0f00000000000000c0000000
face_st02.anm	3	689792	32	75	28	0	0f0000000400000000008c43000008430ad7233c
face_st02.anm	3	689820	20	90	8	0	
face_st02.anm	3	689828	21	90	12	0	06000000
face_st02.anm	3	689840	33	90	28	0	0f00000000000000800000008000000080000000
face_st02.anm	3	689868	32	90	28	0	0f0000000400000000008c43000008430ad7233c
face_st02.anm	3	689896	20	105	8	0	
face_st02.anm	3	689904	21	105	12	0	05000000
face_st02.anm	3	689916	34	105	20	0	1e0000000000000000000000
face_st02.anm	3	689936	32	105	28	0	1e000000000000000000d0430000104300000000
face_st02.anm	3	689964	1	135	8	0	
face_st02.anm	3	689972	-1	0	0	0	
face_st02.anm	4	821244	3	0	12	0	06000000
face_st02.anm	4	821256	22	0	8	0	
face_st02.anm	4	821264	6	0	20	0	0000d0430000004300000000
face_st02.anm	4	821284	8	0	12	0	00000000
face_st02.anm	4	821296	23	0	8	0	
face_st02.anm	4	821304	21	0	12	0	01000000
face_st02.anm	4	821316	32	0	28	0	1e00000004000000000088430000004300000000
face_st02.anm	4	821344	34	0	20	0	1e00000000000000ff000000
face_st02.anm	4	821364	20	30	8	0	
face_st02.anm	4	821372	21	30	12	0	02000000
face_st02.anm	4	821384	23	60	8	0	
face_st02.anm	4	821392	21	60	12	0	03000000
face_st02.anm	4	821404	33	60	28	0	0f00000000000000ff000000ff000000ff000000
face_st02.anm	4	821432	34	60	20	0	0f00000000000000ff000000
face_st02.anm	4	821452	32	60	28	0	0f00000004000000000088430000004300000000
face_st02.anm	4	821480	20	75	8	0	
face_st02.anm	4	821488	21	75	12	0	04000000
face_st02.anm	4	821500	33	75	28	0	0f00000000000000800000008000000080000000
face_st02.anm	4	821528	34	75	20	0	0f00000000000000c0000000
face_st02.anm	4	821548	32	75	28	0	0f0000000400000000008c43000008430ad7233c
face_st02.anm	4	821576	20	90	8	0	
face_st02.anm	4	821584	21	90	12	0	06000000
face_st02.anm	4	821596	33	90	28	0	0f00000000000000800000008000000080000000
face_st02.anm	4	821624	32	90	28	0	0f0000000400000000008c43000008430ad7233c
face_st02.anm	4	821652	20	105	8	0	
face_st02.anm	4	821660	21	105	12	0	05000000
face_st02.anm	4	821672	34	105	20	0	1e0000000000000000000000
face_st02.anm	4	821692	32	105	28	0	1e000000000000000000d0430000104300000000
face_st02.anm	4	821720	1	135	8	0	
face_st02.anm	4	821728	-1	0	0	0	
face_st02.anm	5	952976	3	0	12	0	09000000
face_st02.anm	5	952988	22	0	8	0	
face_st02.anm	5	952996	6	0	20	0	0000d0430000004300000000
face_st02.anm	5	953016	8	0	12	0	00000000
face_st02.anm	5	953028	23	0	8	0	
face_st02.anm	5	953036	21	0	12	0	01000000
face_st02.anm	5	953048	32	0	28	0	1e00000004000000000088430000004300000000
face_st02.anm	5	953076	34	0	20	0	1e00000000000000ff000000
face_st02.anm	5	953096	20	30	8	0	
face_st02.anm	5	953104	21	30	12	0	02000000
face_st02.anm	5	953116	23	60	8	0	
face_st02.anm	5	953124	21	60	12	0	03000000
face_st02.anm	5	953136	33	60	28	0	0f00000000000000ff000000ff000000ff000000
face_st02.anm	5	953164	34	60	20	0	0f00000000000000ff000000
face_st02.anm	5	953184	32	60	28	0	0f00000004000000000088430000004300000000
face_st02.anm	5	953212	20	75	8	0	
face_st02.anm	5	953220	21	75	12	0	04000000
face_st02.anm	5	953232	33	75	28	0	0f00000000000000800000008000000080000000
face_st02.anm	5	953260	34	75	20	0	0f00000000000000c0000000
face_st02.anm	5	953280	32	75	28	0	0f0000000400000000008c43000008430ad7233c
face_st02.anm	5	953308	20	90	8	0	
face_st02.anm	5	953316	21	90	12	0	06000000
face_st02.anm	5	953328	33	90	28	0	0f00000000000000800000008000000080000000
face_st02.anm	5	953356	32	90	28	0	0f0000000400000000008c43000008430ad7233c
face_st02.anm	5	953384	20	105	8	0	
face_st02.anm	5	953392	21	105	12	0	05000000
face_st02.anm	5	953404	34	105	20	0	1e0000000000000000000000
face_st02.anm	5	953424	32	105	28	0	1e000000000000000000d0430000104300000000
face_st02.anm	5	953452	1	135	8	0	
face_st02.anm	5	953460	-1	0	0	0	
face_st02sp.anm	0	128	3	0	12	0	00000000
face_st02sp.anm	0	140	8	0	12	0	00000000
face_st02sp.anm	0	152	22	0	8	0	
face_st02sp.anm	0	160	6	0	20	0	000020430000e0c200000000
face_st02sp.anm	0	180	34	0	20	0	1e00000000000000c0000000
face_st02sp.anm	0	200	32	0	28	0	b400000000000000000020430000104300000000
face_st02sp.anm	0	228	34	90	20	0	3c0000000000000000000000
face_st02sp.anm	0	248	1	150	8	0	
face_st02sp.anm	0	256	-1	0	0	0	
face_st03.anm	0	128	3	0	12	0	00000000
face_st03.anm	0	140	8	0	12	0	00000000
face_st03.anm	0	152	22	0	8	0	
face_st03.anm	0	160	6	0	20	0	000020430000e0c200000000
face_st03.anm	0	180	34	0	20	0	1e00000000000000c0000000
face_st03.anm	0	200	32	0	28	0	b400000000000000000020430000104300000000
face_st03.anm	0	228	34	90	20	0	3c0000000000000000000000
face_st03.anm	0	248	1	150	8	0	
face_st03.anm	0	256	-1	0	0	0	
face_st03.anm	1	524712	3	0	12	0	01000000
face_st03.anm	1	524724	22	0	8	0	
face_st03.anm	1	524732	6	0	20	0	000010430000b04300000000
face_st03.anm	1	524752	8	0	12	0	00000000
face_st03.anm	1	524764	34	0	20	0	1e00000000000000ff000000
face_st03.anm	1	524784	34	350	20	0	1e0000000000000000000000
face_st03.anm	1	524804	1	380	8	0	
face_st03.anm	1	524812	-1	0	0	0	
face_st03.anm	2	557732	3	0	12	0	02000000
face_st03.anm	2	557744	22	0	8	0	
face_st03.anm	2	557752	6	0	20	0	0000d0430000004300000000
face_st03.anm	2	557772	8	0	12	0	00000000
face_st03.anm	2	557784	23	0	8	0	
face_st03.anm	2	557792	21	0	12	0	01000000
face_st03.anm	2	557804	32	0	28	0	1e00000004000000000088430000004300000000
face_st03.anm	2	557832	34	0	20	0	1e00000000000000ff000000
face_st03.anm	2	557852	20	30	8	0	
face_st03.anm	2	557860	21	30	12	0	02000000
face_st03.anm	2	557872	23	60	8	0	
face_st03.anm	2	557880	21	60	12	0	03000000
face_st03.anm	2	557892	33	60	28	0	0f00000000000000ff000000ff000000ff000000
face_st03.anm	2	557920	34	60	20	0	0f00000000000000ff000000
face_st03.anm	2	557940	32	60	28	0	0f00000004000000000088430000004300000000
face_st03.anm	2	557968	20	75	8	0	
face_st03.anm	2	557976	21	75	12	0	04000000
face_st03.anm	2	557988	33	75	28	0	0f00000000000000800000008000000080000000
face_st03.anm	2	558016	34	75	20	0	0f00000000000000c0000000
face_st03.anm	2	558036	32	75	28	0	0f0000000400000000008c43000008430ad7233c
face_st03.anm	2	558064	20	90	8	0	
face_st03.anm	2	558072	21	90	12	0	06000000
face_st03.anm	2	558084	33	90	28	0	0f00000000000000800000008000000080000000
face_st03.anm	2	558112	32	90	28	0	0f0000000400000000008c43000008430ad7233c
face_st03.anm	2	558140	20	105	8	0	
face_st03.anm	2	558148	21	105	12	0	05000000
face_st03.anm	2	558160	34	105	20	0	1e0000000000000000000000
face_st03.anm	2	558180	32	105	28	0	1e000000000000000000d0430000104300000000
face_st03.anm	2	558208	1	135	8	0	
face_st03.anm	2	558216	-1	0	0	0	
face_st03.anm	3	689488	3	0	12	0	03000000
face_st03.anm	3	689500	22	0	8	0	
face_st03.anm	3	689508	6	0	20	0	0000d0430000004300000000
face_st03.anm	3	689528	8	0	12	0	00000000
face_st03.anm	3	689540	23	0	8	0	
face_st03.anm	3	689548	21	0	12	0	01000000
face_st03.anm	3	689560	32	0	28	0	1e00000004000000000088430000004300000000
face_st03.anm	3	689588	34	0	20	0	1e00000000000000ff000000
face_st03.anm	3	689608	20	30	8	0	
face_st03.anm	3	689616	21	30	12	0	02000000
face_st03.anm	3	689628	23	60	8	0	
face_st03.anm	3	689636	21	60	12	0	03000000
face_st03.anm	3	689648	33	60	28	0	0f00000000000000ff000000ff000000ff000000
face_st03.anm	3	689676	34	60	20	0	0f00000000000000ff000000
face_st03.anm	3	689696	32	60	28	0	0f00000004000000000088430000004300000000
face_st03.anm	3	689724	20	75	8	0	
face_st03.anm	3	689732	21	75	12	0	04000000
face_st03.anm	3	689744	33	75	28	0	0f00000000000000800000008000000080000000
face_st03.anm	3	689772	34	75	20	0	0f00000000000000c0000000
face_st03.anm	3	689792	32	75	28	0	0f0000000400000000008c43000008430ad7233c
face_st03.anm	3	689820	20	90	8	0	
face_st03.anm	3	689828	21	90	12	0	06000000
face_st03.anm	3	689840	33	90	28	0	0f00000000000000800000008000000080000000
face_st03.anm	3	689868	32	90	28	0	0f0000000400000000008c43000008430ad7233c
face_st03.anm	3	689896	20	105	8	0	
face_st03.anm	3	689904	21	105	12	0	05000000
face_st03.anm	3	689916	34	105	20	0	1e0000000000000000000000
face_st03.anm	3	689936	32	105	28	0	1e000000000000000000d0430000104300000000
face_st03.anm	3	689964	1	135	8	0	
face_st03.anm	3	689972	-1	0	0	0	
face_st03.anm	4	821220	3	0	12	0	06000000
face_st03.anm	4	821232	22	0	8	0	
face_st03.anm	4	821240	6	0	20	0	0000d0430000004300000000
face_st03.anm	4	821260	8	0	12	0	00000000
face_st03.anm	4	821272	23	0	8	0	
face_st03.anm	4	821280	21	0	12	0	01000000
face_st03.anm	4	821292	32	0	28	0	1e00000004000000000088430000004300000000
face_st03.anm	4	821320	34	0	20	0	1e00000000000000ff000000
face_st03.anm	4	821340	20	30	8	0	
face_st03.anm	4	821348	21	30	12	0	02000000
face_st03.anm	4	821360	23	60	8	0	
face_st03.anm	4	821368	21	60	12	0	03000000
face_st03.anm	4	821380	33	60	28	0	0f00000000000000ff000000ff000000ff000000
face_st03.anm	4	821408	34	60	20	0	0f00000000000000ff000000
face_st03.anm	4	821428	32	60	28	0	0f00000004000000000088430000004300000000
face_st03.anm	4	821456	20	75	8	0	
face_st03.anm	4	821464	21	75	12	0	04000000
face_st03.anm	4	821476	33	75	28	0	0f00000000000000800000008000000080000000
face_st03.anm	4	821504	34	75	20	0	0f00000000000000c0000000
face_st03.anm	4	821524	32	75	28	0	0f0000000400000000008c43000008430ad7233c
face_st03.anm	4	821552	20	90	8	0	
face_st03.anm	4	821560	21	90	12	0	06000000
face_st03.anm	4	821572	33	90	28	0	0f00000000000000800000008000000080000000
face_st03.anm	4	821600	32	90	28	0	0f0000000400000000008c43000008430ad7233c
face_st03.anm	4	821628	20	105	8	0	
face_st03.anm	4	821636	21	105	12	0	05000000
face_st03.anm	4	821648	34	105	20	0	1e0000000000000000000000
face_st03.anm	4	821668	32	105	28	0	1e000000000000000000d0430000104300000000
face_st03.anm	4	821696	1	135	8	0	
face_st03.anm	4	821704	-1	0	0	0	
face_st03.anm	5	952928	3	0	12	0	08000000
face_st03.anm	5	952940	22	0	8	0	
face_st03.anm	5	952948	6	0	20	0	0000d0430000004300000000
face_st03.anm	5	952968	8	0	12	0	00000000
face_st03.anm	5	952980	23	0	8	0	
face_st03.anm	5	952988	21	0	12	0	01000000
face_st03.anm	5	953000	32	0	28	0	1e00000004000000000088430000004300000000
face_st03.anm	5	953028	34	0	20	0	1e00000000000000ff000000
face_st03.anm	5	953048	20	30	8	0	
face_st03.anm	5	953056	21	30	12	0	02000000
face_st03.anm	5	953068	23	60	8	0	
face_st03.anm	5	953076	21	60	12	0	03000000
face_st03.anm	5	953088	33	60	28	0	0f00000000000000ff000000ff000000ff000000
face_st03.anm	5	953116	34	60	20	0	0f00000000000000ff000000
face_st03.anm	5	953136	32	60	28	0	0f00000004000000000088430000004300000000
face_st03.anm	5	953164	20	75	8	0	
face_st03.anm	5	953172	21	75	12	0	04000000
face_st03.anm	5	953184	33	75	28	0	0f00000000000000800000008000000080000000
face_st03.anm	5	953212	34	75	20	0	0f00000000000000c0000000
face_st03.anm	5	953232	32	75	28	0	0f0000000400000000008c43000008430ad7233c
face_st03.anm	5	953260	20	90	8	0	
face_st03.anm	5	953268	21	90	12	0	06000000
face_st03.anm	5	953280	33	90	28	0	0f00000000000000800000008000000080000000
face_st03.anm	5	953308	32	90	28	0	0f0000000400000000008c43000008430ad7233c
face_st03.anm	5	953336	20	105	8	0	
face_st03.anm	5	953344	21	105	12	0	05000000
face_st03.anm	5	953356	34	105	20	0	1e0000000000000000000000
face_st03.anm	5	953376	32	105	28	0	1e000000000000000000d0430000104300000000
face_st03.anm	5	953404	1	135	8	0	
face_st03.anm	5	953412	-1	0	0	0	
face_st03.anm	6	1084636	3	0	12	0	09000000
face_st03.anm	6	1084648	22	0	8	0	
face_st03.anm	6	1084656	6	0	20	0	0000d0430000004300000000
face_st03.anm	6	1084676	8	0	12	0	00000000
face_st03.anm	6	1084688	23	0	8	0	
face_st03.anm	6	1084696	21	0	12	0	01000000
face_st03.anm	6	1084708	32	0	28	0	1e00000004000000000088430000004300000000
face_st03.anm	6	1084736	34	0	20	0	1e00000000000000ff000000
face_st03.anm	6	1084756	20	30	8	0	
face_st03.anm	6	1084764	21	30	12	0	02000000
face_st03.anm	6	1084776	23	60	8	0	
face_st03.anm	6	1084784	21	60	12	0	03000000
face_st03.anm	6	1084796	33	60	28	0	0f00000000000000ff000000ff000000ff000000
face_st03.anm	6	1084824	34	60	20	0	0f00000000000000ff000000
face_st03.anm	6	1084844	32	60	28	0	0f00000004000000000088430000004300000000
face_st03.anm	6	1084872	20	75	8	0	
face_st03.anm	6	1084880	21	75	12	0	04000000
face_st03.anm	6	1084892	33	75	28	0	0f00000000000000800000008000000080000000
face_st03.anm	6	1084920	34	75	20	0	0f00000000000000c0000000
face_st03.anm	6	1084940	32	75	28	0	0f0000000400000000008c43000008430ad7233c
face_st03.anm	6	1084968	20	90	8	0	
face_st03.anm	6	1084976	21	90	12	0	06000000
face_st03.anm	6	1084988	33	90	28	0	0f00000000000000800000008000000080000000
face_st03.anm	6	1085016	32	90	28	0	0f0000000400000000008c43000008430ad7233c
face_st03.anm	6	1085044	20	105	8	0	
face_st03.anm	6	1085052	21	105	12	0	05000000
face_st03.anm	6	1085064	34	105	20	0	1e0000000000000000000000
face_st03.anm	6	1085084	32	105	28	0	1e000000000000000000d0430000104300000000
face_st03.anm	6	1085112	1	135	8	0	
face_st03.anm	6	1085120	-1	0	0	0	
face_st03.anm	7	1216344	3	0	12	0	0a000000
face_st03.anm	7	1216356	22	0	8	0	
face_st03.anm	7	1216364	6	0	20	0	0000d0430000004300000000
face_st03.anm	7	1216384	8	0	12	0	00000000
face_st03.anm	7	1216396	23	0	8	0	
face_st03.anm	7	1216404	21	0	12	0	01000000
face_st03.anm	7	1216416	32	0	28	0	1e00000004000000000088430000004300000000
face_st03.anm	7	1216444	34	0	20	0	1e00000000000000ff000000
face_st03.anm	7	1216464	20	30	8	0	
face_st03.anm	7	1216472	21	30	12	0	02000000
face_st03.anm	7	1216484	23	60	8	0	
face_st03.anm	7	1216492	21	60	12	0	03000000
face_st03.anm	7	1216504	33	60	28	0	0f00000000000000ff000000ff000000ff000000
face_st03.anm	7	1216532	34	60	20	0	0f00000000000000ff000000
face_st03.anm	7	1216552	32	60	28	0	0f00000004000000000088430000004300000000
face_st03.anm	7	1216580	20	75	8	0	
face_st03.anm	7	1216588	21	75	12	0	04000000
face_st03.anm	7	1216600	33	75	28	0	0f00000000000000800000008000000080000000
face_st03.anm	7	1216628	34	75	20	0	0f00000000000000c0000000
face_st03.anm	7	1216648	32	75	28	0	0f0000000400000000008c43000008430ad7233c
face_st03.anm	7	1216676	20	90	8	0	
face_st03.anm	7	1216684	21	90	12	0	06000000
face_st03.anm	7	1216696	33	90	28	0	0f00000000000000800000008000000080000000
face_st03.anm	7	1216724	32	90	28	0	0f0000000400000000008c43000008430ad7233c
face_st03.anm	7	1216752	20	105	8	0	
face_st03.anm	7	1216760	21	105	12	0	05000000
face_st03.anm	7	1216772	34	105	20	0	1e0000000000000000000000
face_st03.anm	7	1216792	32	105	28	0	1e000000000000000000d0430000104300000000
face_st03.anm	7	1216820	1	135	8	0	
face_st03.anm	7	1216828	-1	0	0	0	
face_st03sp.anm	0	128	3	0	12	0	00000000
face_st03sp.anm	0	140	8	0	12	0	00000000
face_st03sp.anm	0	152	22	0	8	0	
face_st03sp.anm	0	160	6	0	20	0	000020430000e0c200000000
face_st03sp.anm	0	180	34	0	20	0	1e00000000000000c0000000
face_st03sp.anm	0	200	32	0	28	0	b400000000000000000020430000104300000000
face_st03sp.anm	0	228	34	90	20	0	3c0000000000000000000000
face_st03sp.anm	0	248	1	150	8	0	
face_st03sp.anm	0	256	-1	0	0	0	
face_st04a.anm	0	128	3	0	12	0	00000000
face_st04a.anm	0	140	8	0	12	0	00000000
face_st04a.anm	0	152	22	0	8	0	
face_st04a.anm	0	160	6	0	20	0	000020430000e0c200000000
face_st04a.anm	0	180	34	0	20	0	1e00000000000000c0000000
face_st04a.anm	0	200	32	0	28	0	b400000000000000000020430000104300000000
face_st04a.anm	0	228	34	90	20	0	3c0000000000000000000000
face_st04a.anm	0	248	1	150	8	0	
face_st04a.anm	0	256	-1	0	0	0	
face_st04a.anm	1	524712	3	0	12	0	01000000
face_st04a.anm	1	524724	22	0	8	0	
face_st04a.anm	1	524732	6	0	20	0	000010430000b04300000000
face_st04a.anm	1	524752	8	0	12	0	00000000
face_st04a.anm	1	524764	34	0	20	0	1e00000000000000ff000000
face_st04a.anm	1	524784	34	350	20	0	1e0000000000000000000000
face_st04a.anm	1	524804	1	380	8	0	
face_st04a.anm	1	524812	-1	0	0	0	
face_st04a.anm	2	557748	3	0	12	0	02000000
face_st04a.anm	2	557760	22	0	8	0	
face_st04a.anm	2	557768	6	0	20	0	0000d0430000004300000000
face_st04a.anm	2	557788	8	0	12	0	00000000
face_st04a.anm	2	557800	23	0	8	0	
face_st04a.anm	2	557808	21	0	12	0	01000000
face_st04a.anm	2	557820	32	0	28	0	1e00000004000000000088430000004300000000
face_st04a.anm	2	557848	34	0	20	0	1e00000000000000ff000000
face_st04a.anm	2	557868	20	30	8	0	
face_st04a.anm	2	557876	21	30	12	0	02000000
face_st04a.anm	2	557888	23	60	8	0	
face_st04a.anm	2	557896	21	60	12	0	03000000
face_st04a.anm	2	557908	33	60	28	0	0f00000000000000ff000000ff000000ff000000
face_st04a.anm	2	557936	34	60	20	0	0f00000000000000ff000000
face_st04a.anm	2	557956	32	60	28	0	0f00000004000000000088430000004300000000
face_st04a.anm	2	557984	20	75	8	0	
face_st04a.anm	2	557992	21	75	12	0	04000000
face_st04a.anm	2	558004	33	75	28	0	0f00000000000000800000008000000080000000
face_st04a.anm	2	558032	34	75	20	0	0f00000000000000c0000000
face_st04a.anm	2	558052	32	75	28	0	0f0000000400000000008c43000008430ad7233c
face_st04a.anm	2	558080	20	90	8	0	
face_st04a.anm	2	558088	21	90	12	0	06000000
face_st04a.anm	2	558100	33	90	28	0	0f00000000000000800000008000000080000000
face_st04a.anm	2	558128	32	90	28	0	0f0000000400000000008c43000008430ad7233c
face_st04a.anm	2	558156	20	105	8	0	
face_st04a.anm	2	558164	21	105	12	0	05000000
face_st04a.anm	2	558176	34	105	20	0	1e0000000000000000000000
face_st04a.anm	2	558196	32	105	28	0	1e000000000000000000d0430000104300000000
face_st04a.anm	2	558224	1	135	8	0	
face_st04a.anm	2	558232	-1	0	0	0	
face_st04a.anm	3	689496	3	0	12	0	03000000
face_st04a.anm	3	689508	22	0	8	0	
face_st04a.anm	3	689516	6	0	20	0	0000d0430000004300000000
face_st04a.anm	3	689536	8	0	12	0	00000000
face_st04a.anm	3	689548	23	0	8	0	
face_st04a.anm	3	689556	21	0	12	0	01000000
face_st04a.anm	3	689568	32	0	28	0	1e00000004000000000088430000004300000000
face_st04a.anm	3	689596	34	0	20	0	1e00000000000000ff000000
face_st04a.anm	3	689616	20	30	8	0	
face_st04a.anm	3	689624	21	30	12	0	02000000
face_st04a.anm	3	689636	23	60	8	0	
face_st04a.anm	3	689644	21	60	12	0	03000000
face_st04a.anm	3	689656	33	60	28	0	0f00000000000000ff000000ff000000ff000000
face_st04a.anm	3	689684	34	60	20	0	0f00000000000000ff000000
face_st04a.anm	3	689704	32	60	28	0	0f00000004000000000088430000004300000000
face_st04a.anm	3	689732	20	75	8	0	
face_st04a.anm	3	689740	21	75	12	0	04000000
face_st04a.anm	3	689752	33	75	28	0	0f00000000000000800000008000000080000000
face_st04a.anm	3	689780	34	75	20	0	0f00000000000000c0000000
face_st04a.anm	3	689800	32	75	28	0	0f0000000400000000008c43000008430ad7233c
face_st04a.anm	3	689828	20	90	8	0	
face_st04a.anm	3	689836	21	90	12	0	06000000
face_st04a.anm	3	689848	33	90	28	0	0f00000000000000800000008000000080000000
face_st04a.anm	3	689876	32	90	28	0	0f0000000400000000008c43000008430ad7233c
face_st04a.anm	3	689904	20	105	8	0	
face_st04a.anm	3	689912	21	105	12	0	05000000
face_st04a.anm	3	689924	34	105	20	0	1e0000000000000000000000
face_st04a.anm	3	689944	32	105	28	0	1e000000000000000000d0430000104300000000
face_st04a.anm	3	689972	1	135	8	0	
face_st04a.anm	3	689980	-1	0	0	0	
face_st04a.anm	4	821220	3	0	12	0	05000000
face_st04a.anm	4	821232	22	0	8	0	
face_st04a.anm	4	821240	6	0	20	0	0000d0430000004300000000
face_st04a.anm	4	821260	8	0	12	0	00000000
face_st04a.anm	4	821272	23	0	8	0	
face_st04a.anm	4	821280	21	0	12	0	01000000
face_st04a.anm	4	821292	32	0	28	0	1e00000004000000000088430000004300000000
face_st04a.anm	4	821320	34	0	20	0	1e00000000000000ff000000
face_st04a.anm	4	821340	20	30	8	0	
face_st04a.anm	4	821348	21	30	12	0	02000000
face_st04a.anm	4	821360	23	60	8	0	
face_st04a.anm	4	821368	21	60	12	0	03000000
face_st04a.anm	4	821380	33	60	28	0	0f00000000000000ff000000ff000000ff000000
face_st04a.anm	4	821408	34	60	20	0	0f00000000000000ff000000
face_st04a.anm	4	821428	32	60	28	0	0f00000004000000000088430000004300000000
face_st04a.anm	4	821456	20	75	8	0	
face_st04a.anm	4	821464	21	75	12	0	04000000
face_st04a.anm	4	821476	33	75	28	0	0f00000000000000800000008000000080000000
face_st04a.anm	4	821504	34	75	20	0	0f00000000000000c0000000
face_st04a.anm	4	821524	32	75	28	0	0f0000000400000000008c43000008430ad7233c
face_st04a.anm	4	821552	20	90	8	0	
face_st04a.anm	4	821560	21	90	12	0	06000000
face_st04a.anm	4	821572	33	90	28	0	0f00000000000000800000008000000080000000
face_st04a.anm	4	821600	32	90	28	0	0f0000000400000000008c43000008430ad7233c
face_st04a.anm	4	821628	20	105	8	0	
face_st04a.anm	4	821636	21	105	12	0	05000000
face_st04a.anm	4	821648	34	105	20	0	1e0000000000000000000000
face_st04a.anm	4	821668	32	105	28	0	1e000000000000000000d0430000104300000000
face_st04a.anm	4	821696	1	135	8	0	
face_st04a.anm	4	821704	-1	0	0	0	
face_st04a.anm	5	952944	3	0	12	0	06000000
face_st04a.anm	5	952956	22	0	8	0	
face_st04a.anm	5	952964	6	0	20	0	0000d0430000004300000000
face_st04a.anm	5	952984	8	0	12	0	00000000
face_st04a.anm	5	952996	23	0	8	0	
face_st04a.anm	5	953004	21	0	12	0	01000000
face_st04a.anm	5	953016	32	0	28	0	1e00000004000000000088430000004300000000
face_st04a.anm	5	953044	34	0	20	0	1e00000000000000ff000000
face_st04a.anm	5	953064	20	30	8	0	
face_st04a.anm	5	953072	21	30	12	0	02000000
face_st04a.anm	5	953084	23	60	8	0	
face_st04a.anm	5	953092	21	60	12	0	03000000
face_st04a.anm	5	953104	33	60	28	0	0f00000000000000ff000000ff000000ff000000
face_st04a.anm	5	953132	34	60	20	0	0f00000000000000ff000000
face_st04a.anm	5	953152	32	60	28	0	0f00000004000000000088430000004300000000
face_st04a.anm	5	953180	20	75	8	0	
face_st04a.anm	5	953188	21	75	12	0	04000000
face_st04a.anm	5	953200	33	75	28	0	0f00000000000000800000008000000080000000
face_st04a.anm	5	953228	34	75	20	0	0f00000000000000c0000000
face_st04a.anm	5	953248	32	75	28	0	0f0000000400000000008c43000008430ad7233c
face_st04a.anm	5	953276	20	90	8	0	
face_st04a.anm	5	953284	21	90	12	0	06000000
face_st04a.anm	5	953296	33	90	28	0	0f00000000000000800000008000000080000000
face_st04a.anm	5	953324	32	90	28	0	0f0000000400000000008c43000008430ad7233c
face_st04a.anm	5	953352	20	105	8	0	
face_st04a.anm	5	953360	21	105	12	0	05000000
face_st04a.anm	5	953372	34	105	20	0	1e0000000000000000000000
face_st04a.anm	5	953392	32	105	28	0	1e000000000000000000d0430000104300000000
face_st04a.anm	5	953420	1	135	8	0	
face_st04a.anm	5	953428	-1	0	0	0	
face_st04a.anm	6	1084716	3	0	12	0	07000000
face_st04a.anm	6	1084728	22	0	8	0	
face_st04a.anm	6	1084736	6	0	20	0	0000d0430000004300000000
face_st04a.anm	6	1084756	8	0	12	0	00000000
face_st04a.anm	6	1084768	23	0	8	0	
face_st04a.anm	6	1084776	21	0	12	0	01000000
face_st04a.anm	6	1084788	32	0	28	0	1e00000004000000000088430000004300000000
face_st04a.anm	6	1084816	34	0	20	0	1e00000000000000ff000000
face_st04a.anm	6	1084836	20	30	8	0	
face_st04a.anm	6	1084844	21	30	12	0	02000000
face_st04a.anm	6	1084856	23	60	8	0	
face_st04a.anm	6	1084864	21	60	12	0	03000000
face_st04a.anm	6	1084876	33	60	28	0	0f00000000000000ff000000ff000000ff000000
face_st04a.anm	6	1084904	34	60	20	0	0f00000000000000ff000000
face_st04a.anm	6	1084924	32	60	28	0	0f00000004000000000088430000004300000000
face_st04a.anm	6	1084952	20	75	8	0	
face_st04a.anm	6	1084960	21	75	12	0	04000000
face_st04a.anm	6	1084972	33	75	28	0	0f00000000000000800000008000000080000000
face_st04a.anm	6	1085000	34	75	20	0	0f00000000000000c0000000
face_st04a.anm	6	1085020	32	75	28	0	0f0000000400000000008c43000008430ad7233c
face_st04a.anm	6	1085048	20	90	8	0	
face_st04a.anm	6	1085056	21	90	12	0	06000000
face_st04a.anm	6	1085068	33	90	28	0	0f00000000000000800000008000000080000000
face_st04a.anm	6	1085096	32	90	28	0	0f0000000400000000008c43000008430ad7233c
face_st04a.anm	6	1085124	20	105	8	0	
face_st04a.anm	6	1085132	21	105	12	0	05000000
face_st04a.anm	6	1085144	34	105	20	0	1e0000000000000000000000
face_st04a.anm	6	1085164	32	105	28	0	1e000000000000000000d0430000104300000000
face_st04a.anm	6	1085192	1	135	8	0	
face_st04a.anm	6	1085200	-1	0	0	0	
face_st04a.anm	7	1216440	3	0	12	0	0a000000
face_st04a.anm	7	1216452	22	0	8	0	
face_st04a.anm	7	1216460	6	0	20	0	0000d0430000004300000000
face_st04a.anm	7	1216480	8	0	12	0	00000000
face_st04a.anm	7	1216492	23	0	8	0	
face_st04a.anm	7	1216500	21	0	12	0	01000000
face_st04a.anm	7	1216512	32	0	28	0	1e00000004000000000088430000004300000000
face_st04a.anm	7	1216540	34	0	20	0	1e00000000000000ff000000
face_st04a.anm	7	1216560	20	30	8	0	
face_st04a.anm	7	1216568	21	30	12	0	02000000
face_st04a.anm	7	1216580	23	60	8	0	
face_st04a.anm	7	1216588	21	60	12	0	03000000
face_st04a.anm	7	1216600	33	60	28	0	0f00000000000000ff000000ff000000ff000000
face_st04a.anm	7	1216628	34	60	20	0	0f00000000000000ff000000
face_st04a.anm	7	1216648	32	60	28	0	0f00000004000000000088430000004300000000
face_st04a.anm	7	1216676	20	75	8	0	
face_st04a.anm	7	1216684	21	75	12	0	04000000
face_st04a.anm	7	1216696	33	75	28	0	0f00000000000000800000008000000080000000
face_st04a.anm	7	1216724	34	75	20	0	0f00000000000000c0000000
face_st04a.anm	7	1216744	32	75	28	0	0f0000000400000000008c43000008430ad7233c
face_st04a.anm	7	1216772	20	90	8	0	
face_st04a.anm	7	1216780	21	90	12	0	06000000
face_st04a.anm	7	1216792	33	90	28	0	0f00000000000000800000008000000080000000
face_st04a.anm	7	1216820	32	90	28	0	0f0000000400000000008c43000008430ad7233c
face_st04a.anm	7	1216848	20	105	8	0	
face_st04a.anm	7	1216856	21	105	12	0	05000000
face_st04a.anm	7	1216868	34	105	20	0	1e0000000000000000000000
face_st04a.anm	7	1216888	32	105	28	0	1e000000000000000000d0430000104300000000
face_st04a.anm	7	1216916	1	135	8	0	
face_st04a.anm	7	1216924	-1	0	0	0	
face_st04asp.anm	0	128	3	0	12	0	00000000
face_st04asp.anm	0	140	8	0	12	0	00000000
face_st04asp.anm	0	152	22	0	8	0	
face_st04asp.anm	0	160	6	0	20	0	000020430000e0c200000000
face_st04asp.anm	0	180	34	0	20	0	1e00000000000000c0000000
face_st04asp.anm	0	200	32	0	28	0	b400000000000000000020430000104300000000
face_st04asp.anm	0	228	34	90	20	0	3c0000000000000000000000
face_st04asp.anm	0	248	1	150	8	0	
face_st04asp.anm	0	256	-1	0	0	0	
face_st04b.anm	0	128	3	0	12	0	00000000
face_st04b.anm	0	140	8	0	12	0	00000000
face_st04b.anm	0	152	22	0	8	0	
face_st04b.anm	0	160	6	0	20	0	000020430000e0c200000000
face_st04b.anm	0	180	34	0	20	0	1e00000000000000c0000000
face_st04b.anm	0	200	32	0	28	0	b400000000000000000020430000104300000000
face_st04b.anm	0	228	34	90	20	0	3c0000000000000000000000
face_st04b.anm	0	248	1	150	8	0	
face_st04b.anm	0	256	-1	0	0	0	
face_st04b.anm	1	524712	3	0	12	0	01000000
face_st04b.anm	1	524724	22	0	8	0	
face_st04b.anm	1	524732	6	0	20	0	000010430000b04300000000
face_st04b.anm	1	524752	8	0	12	0	00000000
face_st04b.anm	1	524764	34	0	20	0	1e00000000000000ff000000
face_st04b.anm	1	524784	34	350	20	0	1e0000000000000000000000
face_st04b.anm	1	524804	1	380	8	0	
face_st04b.anm	1	524812	-1	0	0	0	
face_st04b.anm	2	557748	3	0	12	0	02000000
face_st04b.anm	2	557760	22	0	8	0	
face_st04b.anm	2	557768	6	0	20	0	0000d0430000004300000000
face_st04b.anm	2	557788	8	0	12	0	00000000
face_st04b.anm	2	557800	23	0	8	0	
face_st04b.anm	2	557808	21	0	12	0	01000000
face_st04b.anm	2	557820	32	0	28	0	1e00000004000000000088430000004300000000
face_st04b.anm	2	557848	34	0	20	0	1e00000000000000ff000000
face_st04b.anm	2	557868	20	30	8	0	
face_st04b.anm	2	557876	21	30	12	0	02000000
face_st04b.anm	2	557888	23	60	8	0	
face_st04b.anm	2	557896	21	60	12	0	03000000
face_st04b.anm	2	557908	33	60	28	0	0f00000000000000ff000000ff000000ff000000
face_st04b.anm	2	557936	34	60	20	0	0f00000000000000ff000000
face_st04b.anm	2	557956	32	60	28	0	0f00000004000000000088430000004300000000
face_st04b.anm	2	557984	20	75	8	0	
face_st04b.anm	2	557992	21	75	12	0	04000000
face_st04b.anm	2	558004	33	75	28	0	0f00000000000000800000008000000080000000
face_st04b.anm	2	558032	34	75	20	0	0f00000000000000c0000000
face_st04b.anm	2	558052	32	75	28	0	0f0000000400000000008c43000008430ad7233c
face_st04b.anm	2	558080	20	90	8	0	
face_st04b.anm	2	558088	21	90	12	0	06000000
face_st04b.anm	2	558100	33	90	28	0	0f00000000000000800000008000000080000000
face_st04b.anm	2	558128	32	90	28	0	0f0000000400000000008c43000008430ad7233c
face_st04b.anm	2	558156	20	105	8	0	
face_st04b.anm	2	558164	21	105	12	0	05000000
face_st04b.anm	2	558176	34	105	20	0	1e0000000000000000000000
face_st04b.anm	2	558196	32	105	28	0	1e000000000000000000d0430000104300000000
face_st04b.anm	2	558224	1	135	8	0	
face_st04b.anm	2	558232	-1	0	0	0	
face_st04b.anm	3	689496	3	0	12	0	03000000
face_st04b.anm	3	689508	22	0	8	0	
face_st04b.anm	3	689516	6	0	20	0	0000d0430000004300000000
face_st04b.anm	3	689536	8	0	12	0	00000000
face_st04b.anm	3	689548	23	0	8	0	
face_st04b.anm	3	689556	21	0	12	0	01000000
face_st04b.anm	3	689568	32	0	28	0	1e00000004000000000088430000004300000000
face_st04b.anm	3	689596	34	0	20	0	1e00000000000000ff000000
face_st04b.anm	3	689616	20	30	8	0	
face_st04b.anm	3	689624	21	30	12	0	02000000
face_st04b.anm	3	689636	23	60	8	0	
face_st04b.anm	3	689644	21	60	12	0	03000000
face_st04b.anm	3	689656	33	60	28	0	0f00000000000000ff000000ff000000ff000000
face_st04b.anm	3	689684	34	60	20	0	0f00000000000000ff000000
face_st04b.anm	3	689704	32	60	28	0	0f00000004000000000088430000004300000000
face_st04b.anm	3	689732	20	75	8	0	
face_st04b.anm	3	689740	21	75	12	0	04000000
face_st04b.anm	3	689752	33	75	28	0	0f00000000000000800000008000000080000000
face_st04b.anm	3	689780	34	75	20	0	0f00000000000000c0000000
face_st04b.anm	3	689800	32	75	28	0	0f0000000400000000008c43000008430ad7233c
face_st04b.anm	3	689828	20	90	8	0	
face_st04b.anm	3	689836	21	90	12	0	06000000
face_st04b.anm	3	689848	33	90	28	0	0f00000000000000800000008000000080000000
face_st04b.anm	3	689876	32	90	28	0	0f0000000400000000008c43000008430ad7233c
face_st04b.anm	3	689904	20	105	8	0	
face_st04b.anm	3	689912	21	105	12	0	05000000
face_st04b.anm	3	689924	34	105	20	0	1e0000000000000000000000
face_st04b.anm	3	689944	32	105	28	0	1e000000000000000000d0430000104300000000
face_st04b.anm	3	689972	1	135	8	0	
face_st04b.anm	3	689980	-1	0	0	0	
face_st04b.anm	4	821220	3	0	12	0	05000000
face_st04b.anm	4	821232	22	0	8	0	
face_st04b.anm	4	821240	6	0	20	0	0000d0430000004300000000
face_st04b.anm	4	821260	8	0	12	0	00000000
face_st04b.anm	4	821272	23	0	8	0	
face_st04b.anm	4	821280	21	0	12	0	01000000
face_st04b.anm	4	821292	32	0	28	0	1e00000004000000000088430000004300000000
face_st04b.anm	4	821320	34	0	20	0	1e00000000000000ff000000
face_st04b.anm	4	821340	20	30	8	0	
face_st04b.anm	4	821348	21	30	12	0	02000000
face_st04b.anm	4	821360	23	60	8	0	
face_st04b.anm	4	821368	21	60	12	0	03000000
face_st04b.anm	4	821380	33	60	28	0	0f00000000000000ff000000ff000000ff000000
face_st04b.anm	4	821408	34	60	20	0	0f00000000000000ff000000
face_st04b.anm	4	821428	32	60	28	0	0f00000004000000000088430000004300000000
face_st04b.anm	4	821456	20	75	8	0	
face_st04b.anm	4	821464	21	75	12	0	04000000
face_st04b.anm	4	821476	33	75	28	0	0f00000000000000800000008000000080000000
face_st04b.anm	4	821504	34	75	20	0	0f00000000000000c0000000
face_st04b.anm	4	821524	32	75	28	0	0f0000000400000000008c43000008430ad7233c
face_st04b.anm	4	821552	20	90	8	0	
face_st04b.anm	4	821560	21	90	12	0	06000000
face_st04b.anm	4	821572	33	90	28	0	0f00000000000000800000008000000080000000
face_st04b.anm	4	821600	32	90	28	0	0f0000000400000000008c43000008430ad7233c
face_st04b.anm	4	821628	20	105	8	0	
face_st04b.anm	4	821636	21	105	12	0	05000000
face_st04b.anm	4	821648	34	105	20	0	1e0000000000000000000000
face_st04b.anm	4	821668	32	105	28	0	1e000000000000000000d0430000104300000000
face_st04b.anm	4	821696	1	135	8	0	
face_st04b.anm	4	821704	-1	0	0	0	
face_st04b.anm	5	952944	3	0	12	0	06000000
face_st04b.anm	5	952956	22	0	8	0	
face_st04b.anm	5	952964	6	0	20	0	0000d0430000004300000000
face_st04b.anm	5	952984	8	0	12	0	00000000
face_st04b.anm	5	952996	23	0	8	0	
face_st04b.anm	5	953004	21	0	12	0	01000000
face_st04b.anm	5	953016	32	0	28	0	1e00000004000000000088430000004300000000
face_st04b.anm	5	953044	34	0	20	0	1e00000000000000ff000000
face_st04b.anm	5	953064	20	30	8	0	
face_st04b.anm	5	953072	21	30	12	0	02000000
face_st04b.anm	5	953084	23	60	8	0	
face_st04b.anm	5	953092	21	60	12	0	03000000
face_st04b.anm	5	953104	33	60	28	0	0f00000000000000ff000000ff000000ff000000
face_st04b.anm	5	953132	34	60	20	0	0f00000000000000ff000000
face_st04b.anm	5	953152	32	60	28	0	0f00000004000000000088430000004300000000
face_st04b.anm	5	953180	20	75	8	0	
face_st04b.anm	5	953188	21	75	12	0	04000000
face_st04b.anm	5	953200	33	75	28	0	0f00000000000000800000008000000080000000
face_st04b.anm	5	953228	34	75	20	0	0f00000000000000c0000000
face_st04b.anm	5	953248	32	75	28	0	0f0000000400000000008c43000008430ad7233c
face_st04b.anm	5	953276	20	90	8	0	
face_st04b.anm	5	953284	21	90	12	0	06000000
face_st04b.anm	5	953296	33	90	28	0	0f00000000000000800000008000000080000000
face_st04b.anm	5	953324	32	90	28	0	0f0000000400000000008c43000008430ad7233c
face_st04b.anm	5	953352	20	105	8	0	
face_st04b.anm	5	953360	21	105	12	0	05000000
face_st04b.anm	5	953372	34	105	20	0	1e0000000000000000000000
face_st04b.anm	5	953392	32	105	28	0	1e000000000000000000d0430000104300000000
face_st04b.anm	5	953420	1	135	8	0	
face_st04b.anm	5	953428	-1	0	0	0	
face_st04b.anm	6	1084668	3	0	12	0	07000000
face_st04b.anm	6	1084680	22	0	8	0	
face_st04b.anm	6	1084688	6	0	20	0	0000d0430000004300000000
face_st04b.anm	6	1084708	8	0	12	0	00000000
face_st04b.anm	6	1084720	23	0	8	0	
face_st04b.anm	6	1084728	21	0	12	0	01000000
face_st04b.anm	6	1084740	32	0	28	0	1e00000004000000000088430000004300000000
face_st04b.anm	6	1084768	34	0	20	0	1e00000000000000ff000000
face_st04b.anm	6	1084788	20	30	8	0	
face_st04b.anm	6	1084796	21	30	12	0	02000000
face_st04b.anm	6	1084808	23	60	8	0	
face_st04b.anm	6	1084816	21	60	12	0	03000000
face_st04b.anm	6	1084828	33	60	28	0	0f00000000000000ff000000ff000000ff000000
face_st04b.anm	6	1084856	34	60	20	0	0f00000000000000ff000000
face_st04b.anm	6	1084876	32	60	28	0	0f00000004000000000088430000004300000000
face_st04b.anm	6	1084904	20	75	8	0	
face_st04b.anm	6	1084912	21	75	12	0	04000000
face_st04b.anm	6	1084924	33	75	28	0	0f00000000000000800000008000000080000000
face_st04b.anm	6	1084952	34	75	20	0	0f00000000000000c0000000
face_st04b.anm	6	1084972	32	75	28	0	0f0000000400000000008c43000008430ad7233c
face_st04b.anm	6	1085000	20	90	8	0	
face_st04b.anm	6	1085008	21	90	12	0	06000000
face_st04b.anm	6	1085020	33	90	28	0	0f00000000000000800000008000000080000000
face_st04b.anm	6	1085048	32	90	28	0	0f0000000400000000008c43000008430ad7233c
face_st04b.anm	6	1085076	20	105	8	0	
face_st04b.anm	6	1085084	21	105	12	0	05000000
face_st04b.anm	6	1085096	34	105	20	0	1e0000000000000000000000
face_st04b.anm	6	1085116	32	105	28	0	1e000000000000000000d0430000104300000000
face_st04b.anm	6	1085144	1	135	8	0	
face_st04b.anm	6	1085152	-1	0	0	0	
face_st04b.anm	7	1216416	3	0	12	0	08000000
face_st04b.anm	7	1216428	22	0	8	0	
face_st04b.anm	7	1216436	6	0	20	0	0000d0430000004300000000
face_st04b.anm	7	1216456	8	0	12	0	00000000
face_st04b.anm	7	1216468	23	0	8	0	
face_st04b.anm	7	1216476	21	0	12	0	01000000
face_st04b.anm	7	1216488	32	0	28	0	1e00000004000000000088430000004300000000
face_st04b.anm	7	1216516	34	0	20	0	1e00000000000000ff000000
face_st04b.anm	7	1216536	20	30	8	0	
face_st04b.anm	7	1216544	21	30	12	0	02000000
face_st04b.anm	7	1216556	23	60	8	0	
face_st04b.anm	7	1216564	21	60	12	0	03000000
face_st04b.anm	7	1216576	33	60	28	0	0f00000000000000ff000000ff000000ff000000
face_st04b.anm	7	1216604	34	60	20	0	0f00000000000000ff000000
face_st04b.anm	7	1216624	32	60	28	0	0f00000004000000000088430000004300000000
face_st04b.anm	7	1216652	20	75	8	0	
face_st04b.anm	7	1216660	21	75	12	0	04000000
face_st04b.anm	7	1216672	33	75	28	0	0f00000000000000800000008000000080000000
face_st04b.anm	7	1216700	34	75	20	0	0f00000000000000c0000000
face_st04b.anm	7	1216720	32	75	28	0	0f0000000400000000008c43000008430ad7233c
face_st04b.anm	7	1216748	20	90	8	0	
face_st04b.anm	7	1216756	21	90	12	0	06000000
face_st04b.anm	7	1216768	33	90	28	0	0f00000000000000800000008000000080000000
face_st04b.anm	7	1216796	32	90	28	0	0f0000000400000000008c43000008430ad7233c
face_st04b.anm	7	1216824	20	105	8	0	
face_st04b.anm	7	1216832	21	105	12	0	05000000
face_st04b.anm	7	1216844	34	105	20	0	1e0000000000000000000000
face_st04b.anm	7	1216864	32	105	28	0	1e000000000000000000d0430000104300000000
face_st04b.anm	7	1216892	1	135	8	0	
face_st04b.anm	7	1216900	-1	0	0	0	
face_st04b.anm	8	1348140	3	0	12	0	0a000000
face_st04b.anm	8	1348152	22	0	8	0	
face_st04b.anm	8	1348160	6	0	20	0	0000d0430000004300000000
face_st04b.anm	8	1348180	8	0	12	0	00000000
face_st04b.anm	8	1348192	23	0	8	0	
face_st04b.anm	8	1348200	21	0	12	0	01000000
face_st04b.anm	8	1348212	32	0	28	0	1e00000004000000000088430000004300000000
face_st04b.anm	8	1348240	34	0	20	0	1e00000000000000ff000000
face_st04b.anm	8	1348260	20	30	8	0	
face_st04b.anm	8	1348268	21	30	12	0	02000000
face_st04b.anm	8	1348280	23	60	8	0	
face_st04b.anm	8	1348288	21	60	12	0	03000000
face_st04b.anm	8	1348300	33	60	28	0	0f00000000000000ff000000ff000000ff000000
face_st04b.anm	8	1348328	34	60	20	0	0f00000000000000ff000000
face_st04b.anm	8	1348348	32	60	28	0	0f00000004000000000088430000004300000000
face_st04b.anm	8	1348376	20	75	8	0	
face_st04b.anm	8	1348384	21	75	12	0	04000000
face_st04b.anm	8	1348396	33	75	28	0	0f00000000000000800000008000000080000000
face_st04b.anm	8	1348424	34	75	20	0	0f00000000000000c0000000
face_st04b.anm	8	1348444	32	75	28	0	0f0000000400000000008c43000008430ad7233c
face_st04b.anm	8	1348472	20	90	8	0	
face_st04b.anm	8	1348480	21	90	12	0	06000000
face_st04b.anm	8	1348492	33	90	28	0	0f00000000000000800000008000000080000000
face_st04b.anm	8	1348520	32	90	28	0	0f0000000400000000008c43000008430ad7233c
face_st04b.anm	8	1348548	20	105	8	0	
face_st04b.anm	8	1348556	21	105	12	0	05000000
face_st04b.anm	8	1348568	34	105	20	0	1e0000000000000000000000
face_st04b.anm	8	1348588	32	105	28	0	1e000000000000000000d0430000104300000000
face_st04b.anm	8	1348616	1	135	8	0	
face_st04b.anm	8	1348624	-1	0	0	0	
face_st04bsp.anm	0	128	3	0	12	0	00000000
face_st04bsp.anm	0	140	8	0	12	0	00000000
face_st04bsp.anm	0	152	22	0	8	0	
face_st04bsp.anm	0	160	6	0	20	0	000020430000e0c200000000
face_st04bsp.anm	0	180	34	0	20	0	1e00000000000000c0000000
face_st04bsp.anm	0	200	32	0	28	0	b400000000000000000020430000104300000000
face_st04bsp.anm	0	228	34	90	20	0	3c0000000000000000000000
face_st04bsp.anm	0	248	1	150	8	0	
face_st04bsp.anm	0	256	-1	0	0	0	
face_st05.anm	0	128	3	0	12	0	00000000
face_st05.anm	0	140	8	0	12	0	00000000
face_st05.anm	0	152	22	0	8	0	
face_st05.anm	0	160	6	0	20	0	000020430000e0c200000000
face_st05.anm	0	180	34	0	20	0	1e00000000000000c0000000
face_st05.anm	0	200	32	0	28	0	b400000000000000000020430000104300000000
face_st05.anm	0	228	34	90	20	0	3c0000000000000000000000
face_st05.anm	0	248	1	150	8	0	
face_st05.anm	0	256	-1	0	0	0	
face_st05.anm	1	524712	3	0	12	0	01000000
face_st05.anm	1	524724	22	0	8	0	
face_st05.anm	1	524732	6	0	20	0	000010430000b04300000000
face_st05.anm	1	524752	8	0	12	0	00000000
face_st05.anm	1	524764	34	0	20	0	1e00000000000000ff000000
face_st05.anm	1	524784	34	350	20	0	1e0000000000000000000000
face_st05.anm	1	524804	1	380	8	0	
face_st05.anm	1	524812	-1	0	0	0	
face_st05.anm	2	557780	3	0	12	0	02000000
face_st05.anm	2	557792	22	0	8	0	
face_st05.anm	2	557800	6	0	20	0	0000d0430000004300000000
face_st05.anm	2	557820	8	0	12	0	00000000
face_st05.anm	2	557832	23	0	8	0	
face_st05.anm	2	557840	21	0	12	0	01000000
face_st05.anm	2	557852	32	0	28	0	1e00000004000000000040430000004300000000
face_st05.anm	2	557880	34	0	20	0	1e00000000000000ff000000
face_st05.anm	2	557900	20	30	8	0	
face_st05.anm	2	557908	21	30	12	0	02000000
face_st05.anm	2	557920	23	60	8	0	
face_st05.anm	2	557928	21	60	12	0	03000000
face_st05.anm	2	557940	33	60	28	0	0f00000000000000ff000000ff000000ff000000
face_st05.anm	2	557968	34	60	20	0	0f00000000000000ff000000
face_st05.anm	2	557988	32	60	28	0	0f00000004000000000040430000004300000000
face_st05.anm	2	558016	20	75	8	0	
face_st05.anm	2	558024	21	75	12	0	04000000
face_st05.anm	2	558036	33	75	28	0	0f00000000000000800000008000000080000000
face_st05.anm	2	558064	34	75	20	0	0f00000000000000c0000000
face_st05.anm	2	558084	32	75	28	0	0f0000000400000000004843000008430ad7233c
face_st05.anm	2	558112	20	90	8	0	
face_st05.anm	2	558120	21	90	12	0	06000000
face_st05.anm	2	558132	33	90	28	0	0f00000000000000800000008000000080000000
face_st05.anm	2	558160	32	90	28	0	0f0000000400000000004843000008430ad7233c
face_st05.anm	2	558188	20	105	8	0	
face_st05.anm	2	558196	21	105	12	0	05000000
face_st05.anm	2	558208	34	105	20	0	1e0000000000000000000000
face_st05.anm	2	558228	32	105	28	0	1e000000000000000000d0430000104300000000
face_st05.anm	2	558256	1	135	8	0	
face_st05.anm	2	558264	-1	0	0	0	
face_st05.anm	3	820560	3	0	12	0	05000000
face_st05.anm	3	820572	22	0	8	0	
face_st05.anm	3	820580	6	0	20	0	0000d0430000004300000000
face_st05.anm	3	820600	8	0	12	0	00000000
face_st05.anm	3	820612	23	0	8	0	
face_st05.anm	3	820620	21	0	12	0	01000000
face_st05.anm	3	820632	32	0	28	0	1e00000004000000000040430000004300000000
face_st05.anm	3	820660	34	0	20	0	1e00000000000000ff000000
face_st05.anm	3	820680	20	30	8	0	
face_st05.anm	3	820688	21	30	12	0	02000000
face_st05.anm	3	820700	23	60	8	0	
face_st05.anm	3	820708	21	60	12	0	03000000
face_st05.anm	3	820720	33	60	28	0	0f00000000000000ff000000ff000000ff000000
face_st05.anm	3	820748	34	60	20	0	0f00000000000000ff000000
face_st05.anm	3	820768	32	60	28	0	0f00000004000000000040430000004300000000
face_st05.anm	3	820796	20	75	8	0	
face_st05.anm	3	820804	21	75	12	0	04000000
face_st05.anm	3	820816	33	75	28	0	0f00000000000000800000008000000080000000
face_st05.anm	3	820844	34	75	20	0	0f00000000000000c0000000
face_st05.anm	3	820864	32	75	28	0	0f0000000400000000004843000008430ad7233c
face_st05.anm	3	820892	20	90	8	0	
face_st05.anm	3	820900	21	90	12	0	06000000
face_st05.anm	3	820912	33	90	28	0	0f00000000000000800000008000000080000000
face_st05.anm	3	820940	32	90	28	0	0f0000000400000000004843000008430ad7233c
face_st05.anm	3	820968	20	105	8	0	
face_st05.anm	3	820976	21	105	12	0	05000000
face_st05.anm	3	820988	34	105	20	0	1e0000000000000000000000
face_st05.anm	3	821008	32	105	28	0	1e000000000000000000d0430000104300000000
face_st05.anm	3	821036	1	135	8	0	
face_st05.anm	3	821044	-1	0	0	0	
face_st05.anm	4	1083340	3	0	12	0	06000000
face_st05.anm	4	1083352	22	0	8	0	
face_st05.anm	4	1083360	6	0	20	0	0000d0430000004300000000
face_st05.anm	4	1083380	8	0	12	0	00000000
face_st05.anm	4	1083392	23	0	8	0	
face_st05.anm	4	1083400	21	0	12	0	01000000
face_st05.anm	4	1083412	32	0	28	0	1e00000004000000000040430000004300000000
face_st05.anm	4	1083440	34	0	20	0	1e00000000000000ff000000
face_st05.anm	4	1083460	20	30	8	0	
face_st05.anm	4	1083468	21	30	12	0	02000000
face_st05.anm	4	1083480	23	60	8	0	
face_st05.anm	4	1083488	21	60	12	0	03000000
face_st05.anm	4	1083500	33	60	28	0	0f00000000000000ff000000ff000000ff000000
face_st05.anm	4	1083528	34	60	20	0	0f00000000000000ff000000
face_st05.anm	4	1083548	32	60	28	0	0f00000004000000000040430000004300000000
face_st05.anm	4	1083576	20	75	8	0	
face_st05.anm	4	1083584	21	75	12	0	04000000
face_st05.anm	4	1083596	33	75	28	0	0f00000000000000800000008000000080000000
face_st05.anm	4	1083624	34	75	20	0	0f00000000000000c0000000
face_st05.anm	4	1083644	32	75	28	0	0f0000000400000000004843000008430ad7233c
face_st05.anm	4	1083672	20	90	8	0	
face_st05.anm	4	1083680	21	90	12	0	06000000
face_st05.anm	4	1083692	33	90	28	0	0f00000000000000800000008000000080000000
face_st05.anm	4	1083720	32	90	28	0	0f0000000400000000004843000008430ad7233c
face_st05.anm	4	1083748	20	105	8	0	
face_st05.anm	4	1083756	21	105	12	0	05000000
face_st05.anm	4	1083768	34	105	20	0	1e0000000000000000000000
face_st05.anm	4	1083788	32	105	28	0	1e000000000000000000d0430000104300000000
face_st05.anm	4	1083816	1	135	8	0	
face_st05.anm	4	1083824	-1	0	0	0	
face_st05.anm	5	1346168	3	0	12	0	07000000
face_st05.anm	5	1346180	22	0	8	0	
face_st05.anm	5	1346188	6	0	20	0	0000d0430000004300000000
face_st05.anm	5	1346208	8	0	12	0	00000000
face_st05.anm	5	1346220	23	0	8	0	
face_st05.anm	5	1346228	21	0	12	0	01000000
face_st05.anm	5	1346240	32	0	28	0	1e00000004000000000040430000004300000000
face_st05.anm	5	1346268	34	0	20	0	1e00000000000000ff000000
face_st05.anm	5	1346288	20	30	8	0	
face_st05.anm	5	1346296	21	30	12	0	02000000
face_st05.anm	5	1346308	23	60	8	0	
face_st05.anm	5	1346316	21	60	12	0	03000000
face_st05.anm	5	1346328	33	60	28	0	0f00000000000000ff000000ff000000ff000000
face_st05.anm	5	1346356	34	60	20	0	0f00000000000000ff000000
face_st05.anm	5	1346376	32	60	28	0	0f00000004000000000040430000004300000000
face_st05.anm	5	1346404	20	75	8	0	
face_st05.anm	5	1346412	21	75	12	0	04000000
face_st05.anm	5	1346424	33	75	28	0	0f00000000000000800000008000000080000000
face_st05.anm	5	1346452	34	75	20	0	0f00000000000000c0000000
face_st05.anm	5	1346472	32	75	28	0	0f0000000400000000004843000008430ad7233c
face_st05.anm	5	1346500	20	90	8	0	
face_st05.anm	5	1346508	21	90	12	0	06000000
face_st05.anm	5	1346520	33	90	28	0	0f00000000000000800000008000000080000000
face_st05.anm	5	1346548	32	90	28	0	0f0000000400000000004843000008430ad7233c
face_st05.anm	5	1346576	20	105	8	0	
face_st05.anm	5	1346584	21	105	12	0	05000000
face_st05.anm	5	1346596	34	105	20	0	1e0000000000000000000000
face_st05.anm	5	1346616	32	105	28	0	1e000000000000000000d0430000104300000000
face_st05.anm	5	1346644	1	135	8	0	
face_st05.anm	5	1346652	-1	0	0	0	
face_st05.anm	6	1609020	3	0	12	0	0a000000
face_st05.anm	6	1609032	22	0	8	0	
face_st05.anm	6	1609040	6	0	20	0	0000d0430000004300000000
face_st05.anm	6	1609060	8	0	12	0	00000000
face_st05.anm	6	1609072	23	0	8	0	
face_st05.anm	6	1609080	21	0	12	0	01000000
face_st05.anm	6	1609092	32	0	28	0	1e00000004000000000040430000004300000000
face_st05.anm	6	1609120	34	0	20	0	1e00000000000000ff000000
face_st05.anm	6	1609140	20	30	8	0	
face_st05.anm	6	1609148	21	30	12	0	02000000
face_st05.anm	6	1609160	23	60	8	0	
face_st05.anm	6	1609168	21	60	12	0	03000000
face_st05.anm	6	1609180	33	60	28	0	0f00000000000000ff000000ff000000ff000000
face_st05.anm	6	1609208	34	60	20	0	0f00000000000000ff000000
face_st05.anm	6	1609228	32	60	28	0	0f00000004000000000040430000004300000000
face_st05.anm	6	1609256	20	75	8	0	
face_st05.anm	6	1609264	21	75	12	0	04000000
face_st05.anm	6	1609276	33	75	28	0	0f00000000000000800000008000000080000000
face_st05.anm	6	1609304	34	75	20	0	0f00000000000000c0000000
face_st05.anm	6	1609324	32	75	28	0	0f0000000400000000004843000008430ad7233c
face_st05.anm	6	1609352	20	90	8	0	
face_st05.anm	6	1609360	21	90	12	0	06000000
face_st05.anm	6	1609372	33	90	28	0	0f00000000000000800000008000000080000000
face_st05.anm	6	1609400	32	90	28	0	0f0000000400000000004843000008430ad7233c
face_st05.anm	6	1609428	20	105	8	0	
face_st05.anm	6	1609436	21	105	12	0	05000000
face_st05.anm	6	1609448	34	105	20	0	1e0000000000000000000000
face_st05.anm	6	1609468	32	105	28	0	1e000000000000000000d0430000104300000000
face_st05.anm	6	1609496	1	135	8	0	
face_st05.anm	6	1609504	-1	0	0	0	
face_st05b.anm	0	432	3	0	12	0	00000000
face_st05b.anm	0	444	22	0	8	0	
face_st05b.anm	0	452	6	0	20	0	0000d0430000004300000000
face_st05b.anm	0	472	8	0	12	0	00000000
face_st05b.anm	0	484	23	0	8	0	
face_st05b.anm	0	492	21	0	12	0	01000000
face_st05b.anm	0	504	32	0	28	0	1e00000004000000000040430000004300000000
face_st05b.anm	0	532	34	0	20	0	1e00000000000000ff000000
face_st05b.anm	0	552	20	30	8	0	
face_st05b.anm	0	560	21	30	12	0	02000000
face_st05b.anm	0	572	23	60	8	0	
face_st05b.anm	0	580	21	60	12	0	03000000
face_st05b.anm	0	592	33	60	28	0	0f00000000000000ff000000ff000000ff000000
face_st05b.anm	0	620	34	60	20	0	0f00000000000000ff000000
face_st05b.anm	0	640	32	60	28	0	0f00000004000000000040430000004300000000
face_st05b.anm	0	668	20	75	8	0	
face_st05b.anm	0	676	21	75	12	0	04000000
face_st05b.anm	0	688	33	75	28	0	0f00000000000000800000008000000080000000
face_st05b.anm	0	716	34	75	20	0	0f00000000000000c0000000
face_st05b.anm	0	736	32	75	28	0	0f0000000400000000004843000008430ad7233c
face_st05b.anm	0	764	20	90	8	0	
face_st05b.anm	0	772	21	90	12	0	06000000
face_st05b.anm	0	784	33	90	28	0	0f00000000000000800000008000000080000000
face_st05b.anm	0	812	32	90	28	0	0f0000000400000000004843000008430ad7233c
face_st05b.anm	0	840	20	105	8	0	
face_st05b.anm	0	848	21	105	12	0	05000000
face_st05b.anm	0	860	34	105	20	0	1e0000000000000000000000
face_st05b.anm	0	880	32	105	28	0	1e000000000000000000d0430000104300000000
face_st05b.anm	0	908	1	135	8	0	
face_st05b.anm	0	916	-1	0	0	0	
face_st05b.anm	1	924	3	0	12	0	00000000
face_st05b.anm	1	936	22	0	8	0	
face_st05b.anm	1	944	6	0	20	0	0000d0430000004300000000
face_st05b.anm	1	964	8	0	12	0	00000000
face_st05b.anm	1	976	23	0	8	0	
face_st05b.anm	1	984	21	0	12	0	01000000
face_st05b.anm	1	996	32	0	28	0	1e00000004000000000040430000004300000000
face_st05b.anm	1	1024	34	0	20	0	1e00000000000000ff000000
face_st05b.anm	1	1044	20	30	8	0	
face_st05b.anm	1	1052	21	30	12	0	02000000
face_st05b.anm	1	1064	23	60	8	0	
face_st05b.anm	1	1072	21	60	12	0	03000000
face_st05b.anm	1	1084	33	60	28	0	0f00000000000000ff000000ff000000ff000000
face_st05b.anm	1	1112	34	60	20	0	0f00000000000000ff000000
face_st05b.anm	1	1132	32	60	28	0	0f00000004000000000040430000004300000000
face_st05b.anm	1	1160	20	75	8	0	
face_st05b.anm	1	1168	21	75	12	0	04000000
face_st05b.anm	1	1180	33	75	28	0	0f00000000000000800000008000000080000000
face_st05b.anm	1	1208	34	75	20	0	0f00000000000000c0000000
face_st05b.anm	1	1228	32	75	28	0	0f0000000400000000004843000008430ad7233c
face_st05b.anm	1	1256	20	90	8	0	
face_st05b.anm	1	1264	21	90	12	0	06000000
face_st05b.anm	1	1276	33	90	28	0	0f00000000000000800000008000000080000000
face_st05b.anm	1	1304	32	90	28	0	0f0000000400000000004843000008430ad7233c
face_st05b.anm	1	1332	20	105	8	0	
face_st05b.anm	1	1340	21	105	12	0	05000000
face_st05b.anm	1	1352	34	105	20	0	1e0000000000000000000000
face_st05b.anm	1	1372	32	105	28	0	1e000000000000000000d0430000104300000000
face_st05b.anm	1	1400	1	135	8	0	
face_st05b.anm	1	1408	-1	0	0	0	
face_st05b.anm	2	1416	3	0	12	0	00000000
face_st05b.anm	2	1428	22	0	8	0	
face_st05b.anm	2	1436	6	0	20	0	0000d0430000004300000000
face_st05b.anm	2	1456	8	0	12	0	00000000
face_st05b.anm	2	1468	23	0	8	0	
face_st05b.anm	2	1476	21	0	12	0	01000000
face_st05b.anm	2	1488	32	0	28	0	1e00000004000000000040430000004300000000
face_st05b.anm	2	1516	34	0	20	0	1e00000000000000ff000000
face_st05b.anm	2	1536	20	30	8	0	
face_st05b.anm	2	1544	21	30	12	0	02000000
face_st05b.anm	2	1556	23	60	8	0	
face_st05b.anm	2	1564	21	60	12	0	03000000
face_st05b.anm	2	1576	33	60	28	0	0f00000000000000ff000000ff000000ff000000
face_st05b.anm	2	1604	34	60	20	0	0f00000000000000ff000000
face_st05b.anm	2	1624	32	60	28	0	0f00000004000000000040430000004300000000
face_st05b.anm	2	1652	20	75	8	0	
face_st05b.anm	2	1660	21	75	12	0	04000000
face_st05b.anm	2	1672	33	75	28	0	0f00000000000000800000008000000080000000
face_st05b.anm	2	1700	34	75	20	0	0f00000000000000c0000000
face_st05b.anm	2	1720	32	75	28	0	0f0000000400000000004843000008430ad7233c
face_st05b.anm	2	1748	20	90	8	0	
face_st05b.anm	2	1756	21	90	12	0	06000000
face_st05b.anm	2	1768	33	90	28	0	0f00000000000000800000008000000080000000
face_st05b.anm	2	1796	32	90	28	0	0f0000000400000000004843000008430ad7233c
face_st05b.anm	2	1824	20	105	8	0	
face_st05b.anm	2	1832	21	105	12	0	05000000
face_st05b.anm	2	1844	34	105	20	0	1e0000000000000000000000
face_st05b.anm	2	1864	32	105	28	0	1e000000000000000000d0430000104300000000
face_st05b.anm	2	1892	1	135	8	0	
face_st05b.anm	2	1900	-1	0	0	0	
face_st05b.anm	3	1908	3	0	12	0	00000000
face_st05b.anm	3	1920	22	0	8	0	
face_st05b.anm	3	1928	6	0	20	0	0000d0430000004300000000
face_st05b.anm	3	1948	8	0	12	0	00000000
face_st05b.anm	3	1960	23	0	8	0	
face_st05b.anm	3	1968	21	0	12	0	01000000
face_st05b.anm	3	1980	32	0	28	0	1e00000004000000000040430000004300000000
face_st05b.anm	3	2008	34	0	20	0	1e00000000000000ff000000
face_st05b.anm	3	2028	20	30	8	0	
face_st05b.anm	3	2036	21	30	12	0	02000000
face_st05b.anm	3	2048	23	60	8	0	
face_st05b.anm	3	2056	21	60	12	0	03000000
face_st05b.anm	3	2068	33	60	28	0	0f00000000000000ff000000ff000000ff000000
face_st05b.anm	3	2096	34	60	20	0	0f00000000000000ff000000
face_st05b.anm	3	2116	32	60	28	0	0f00000004000000000040430000004300000000
face_st05b.anm	3	2144	20	75	8	0	
face_st05b.anm	3	2152	21	75	12	0	04000000
face_st05b.anm	3	2164	33	75	28	0	0f00000000000000800000008000000080000000
face_st05b.anm	3	2192	34	75	20	0	0f00000000000000c0000000
face_st05b.anm	3	2212	32	75	28	0	0f0000000400000000004843000008430ad7233c
face_st05b.anm	3	2240	20	90	8	0	
face_st05b.anm	3	2248	21	90	12	0	06000000
face_st05b.anm	3	2260	33	90	28	0	0f00000000000000800000008000000080000000
face_st05b.anm	3	2288	32	90	28	0	0f0000000400000000004843000008430ad7233c
face_st05b.anm	3	2316	20	105	8	0	
face_st05b.anm	3	2324	21	105	12	0	05000000
face_st05b.anm	3	2336	34	105	20	0	1e0000000000000000000000
face_st05b.anm	3	2356	32	105	28	0	1e000000000000000000d0430000104300000000
face_st05b.anm	3	2384	1	135	8	0	
face_st05b.anm	3	2392	-1	0	0	0	
face_st05b.anm	4	2400	3	0	12	0	00000000
face_st05b.anm	4	2412	22	0	8	0	
face_st05b.anm	4	2420	6	0	20	0	0000d0430000004300000000
face_st05b.anm	4	2440	8	0	12	0	00000000
face_st05b.anm	4	2452	23	0	8	0	
face_st05b.anm	4	2460	21	0	12	0	01000000
face_st05b.anm	4	2472	32	0	28	0	1e00000004000000000040430000004300000000
face_st05b.anm	4	2500	34	0	20	0	1e00000000000000ff000000
face_st05b.anm	4	2520	20	30	8	0	
face_st05b.anm	4	2528	21	30	12	0	02000000
face_st05b.anm	4	2540	23	60	8	0	
face_st05b.anm	4	2548	21	60	12	0	03000000
face_st05b.anm	4	2560	33	60	28	0	0f00000000000000ff000000ff000000ff000000
face_st05b.anm	4	2588	34	60	20	0	0f00000000000000ff000000
face_st05b.anm	4	2608	32	60	28	0	0f00000004000000000040430000004300000000
face_st05b.anm	4	2636	20	75	8	0	
face_st05b.anm	4	2644	21	75	12	0	04000000
face_st05b.anm	4	2656	33	75	28	0	0f00000000000000800000008000000080000000
face_st05b.anm	4	2684	34	75	20	0	0f00000000000000c0000000
face_st05b.anm	4	2704	32	75	28	0	0f0000000400000000004843000008430ad7233c
face_st05b.anm	4	2732	20	90	8	0	
face_st05b.anm	4	2740	21	90	12	0	06000000
face_st05b.anm	4	2752	33	90	28	0	0f00000000000000800000008000000080000000
face_st05b.anm	4	2780	32	90	28	0	0f0000000400000000004843000008430ad7233c
face_st05b.anm	4	2808	20	105	8	0	
face_st05b.anm	4	2816	21	105	12	0	05000000
face_st05b.anm	4	2828	34	105	20	0	1e0000000000000000000000
face_st05b.anm	4	2848	32	105	28	0	1e000000000000000000d0430000104300000000
face_st05b.anm	4	2876	1	135	8	0	
face_st05b.anm	4	2884	-1	0	0	0	
face_st05b.anm	5	2892	3	0	12	0	00000000
face_st05b.anm	5	2904	22	0	8	0	
face_st05b.anm	5	2912	6	0	20	0	0000d0430000004300000000
face_st05b.anm	5	2932	8	0	12	0	00000000
face_st05b.anm	5	2944	23	0	8	0	
face_st05b.anm	5	2952	21	0	12	0	01000000
face_st05b.anm	5	2964	32	0	28	0	1e00000004000000000040430000004300000000
face_st05b.anm	5	2992	34	0	20	0	1e00000000000000ff000000
face_st05b.anm	5	3012	20	30	8	0	
face_st05b.anm	5	3020	21	30	12	0	02000000
face_st05b.anm	5	3032	23	60	8	0	
face_st05b.anm	5	3040	21	60	12	0	03000000
face_st05b.anm	5	3052	33	60	28	0	0f00000000000000ff000000ff000000ff000000
face_st05b.anm	5	3080	34	60	20	0	0f00000000000000ff000000
face_st05b.anm	5	3100	32	60	28	0	0f00000004000000000040430000004300000000
face_st05b.anm	5	3128	20	75	8	0	
face_st05b.anm	5	3136	21	75	12	0	04000000
face_st05b.anm	5	3148	33	75	28	0	0f00000000000000800000008000000080000000
face_st05b.anm	5	3176	34	75	20	0	0f00000000000000c0000000
face_st05b.anm	5	3196	32	75	28	0	0f0000000400000000004843000008430ad7233c
face_st05b.anm	5	3224	20	90	8	0	
face_st05b.anm	5	3232	21	90	12	0	06000000
face_st05b.anm	5	3244	33	90	28	0	0f00000000000000800000008000000080000000
face_st05b.anm	5	3272	32	90	28	0	0f0000000400000000004843000008430ad7233c
face_st05b.anm	5	3300	20	105	8	0	
face_st05b.anm	5	3308	21	105	12	0	05000000
face_st05b.anm	5	3320	34	105	20	0	1e0000000000000000000000
face_st05b.anm	5	3340	32	105	28	0	1e000000000000000000d0430000104300000000
face_st05b.anm	5	3368	1	135	8	0	
face_st05b.anm	5	3376	-1	0	0	0	
face_st05msp.anm	0	128	3	0	12	0	00000000
face_st05msp.anm	0	140	8	0	12	0	00000000
face_st05msp.anm	0	152	22	0	8	0	
face_st05msp.anm	0	160	6	0	20	0	0000a0420000e0c200000000
face_st05msp.anm	0	180	34	0	20	0	1e00000000000000c0000000
face_st05msp.anm	0	200	32	0	28	0	b4000000000000000000a0420000104300000000
face_st05msp.anm	0	228	34	90	20	0	3c0000000000000000000000
face_st05msp.anm	0	248	1	150	8	0	
face_st05msp.anm	0	256	-1	0	0	0	
face_st05sp.anm	0	128	3	0	12	0	00000000
face_st05sp.anm	0	140	8	0	12	0	00000000
face_st05sp.anm	0	152	22	0	8	0	
face_st05sp.anm	0	160	6	0	20	0	000020430000e0c200000000
face_st05sp.anm	0	180	34	0	20	0	1e00000000000000c0000000
face_st05sp.anm	0	200	32	0	28	0	b400000000000000000020430000104300000000
face_st05sp.anm	0	228	34	90	20	0	3c0000000000000000000000
face_st05sp.anm	0	248	1	150	8	0	
face_st05sp.anm	0	256	-1	0	0	0	
face_st06.anm	0	128	3	0	12	0	00000000
face_st06.anm	0	140	8	0	12	0	00000000
face_st06.anm	0	152	22	0	8	0	
face_st06.anm	0	160	6	0	20	0	0000a0420000e0c200000000
face_st06.anm	0	180	34	0	20	0	1e00000000000000c0000000
face_st06.anm	0	200	32	0	28	0	b4000000000000000000a0420000104300000000
face_st06.anm	0	228	34	90	20	0	3c0000000000000000000000
face_st06.anm	0	248	1	150	8	0	
face_st06.anm	0	256	-1	0	0	0	
face_st06.anm	1	1049000	3	0	12	0	01000000
face_st06.anm	1	1049012	22	0	8	0	
face_st06.anm	1	1049020	6	0	20	0	000010430000b04300000000
face_st06.anm	1	1049040	8	0	12	0	00000000
face_st06.anm	1	1049052	34	0	20	0	1e00000000000000ff000000
face_st06.anm	1	1049072	34	350	20	0	1e0000000000000000000000
face_st06.anm	1	1049092	1	380	8	0	
face_st06.anm	1	1049100	-1	0	0	0	
face_st06.anm	2	1082044	3	0	12	0	02000000
face_st06.anm	2	1082056	22	0	8	0	
face_st06.anm	2	1082064	6	0	20	0	0000d0430000004300000000
face_st06.anm	2	1082084	8	0	12	0	00000000
face_st06.anm	2	1082096	23	0	8	0	
face_st06.anm	2	1082104	21	0	12	0	01000000
face_st06.anm	2	1082116	32	0	28	0	1e00000004000000000040430000004300000000
face_st06.anm	2	1082144	34	0	20	0	1e00000000000000ff000000
face_st06.anm	2	1082164	20	30	8	0	
face_st06.anm	2	1082172	21	30	12	0	02000000
face_st06.anm	2	1082184	23	60	8	0	
face_st06.anm	2	1082192	21	60	12	0	03000000
face_st06.anm	2	1082204	33	60	28	0	0f00000000000000ff000000ff000000ff000000
face_st06.anm	2	1082232	34	60	20	0	0f00000000000000ff000000
face_st06.anm	2	1082252	32	60	28	0	0f00000004000000000040430000004300000000
face_st06.anm	2	1082280	20	75	8	0	
face_st06.anm	2	1082288	21	75	12	0	04000000
face_st06.anm	2	1082300	33	75	28	0	0f00000000000000800000008000000080000000
face_st06.anm	2	1082328	34	75	20	0	0f00000000000000c0000000
face_st06.anm	2	1082348	32	75	28	0	0f0000000400000000004843000008430ad7233c
face_st06.anm	2	1082376	20	90	8	0	
face_st06.anm	2	1082384	21	90	12	0	06000000
face_st06.anm	2	1082396	33	90	28	0	0f00000000000000800000008000000080000000
face_st06.anm	2	1082424	32	90	28	0	0f0000000400000000004843000008430ad7233c
face_st06.anm	2	1082452	20	105	8	0	
face_st06.anm	2	1082460	21	105	12	0	05000000
face_st06.anm	2	1082472	34	105	20	0	1e0000000000000000000000
face_st06.anm	2	1082492	32	105	28	0	1e000000000000000000d0430000104300000000
face_st06.anm	2	1082520	1	135	8	0	
face_st06.anm	2	1082528	-1	0	0	0	
face_st06.anm	3	1344824	3	0	12	0	04000000
face_st06.anm	3	1344836	22	0	8	0	
face_st06.anm	3	1344844	6	0	20	0	0000d0430000004300000000
face_st06.anm	3	1344864	8	0	12	0	00000000
face_st06.anm	3	1344876	23	0	8	0	
face_st06.anm	3	1344884	21	0	12	0	01000000
face_st06.anm	3	1344896	32	0	28	0	1e00000004000000000040430000004300000000
face_st06.anm	3	1344924	34	0	20	0	1e00000000000000ff000000
face_st06.anm	3	1344944	20	30	8	0	
face_st06.anm	3	1344952	21	30	12	0	02000000
face_st06.anm	3	1344964	23	60	8	0	
face_st06.anm	3	1344972	21	60	12	0	03000000
face_st06.anm	3	1344984	33	60	28	0	0f00000000000000ff000000ff000000ff000000
face_st06.anm	3	1345012	34	60	20	0	0f00000000000000ff000000
face_st06.anm	3	1345032	32	60	28	0	0f00000004000000000040430000004300000000
face_st06.anm	3	1345060	20	75	8	0	
face_st06.anm	3	1345068	21	75	12	0	04000000
face_st06.anm	3	1345080	33	75	28	0	0f00000000000000800000008000000080000000
face_st06.anm	3	1345108	34	75	20	0	0f00000000000000c0000000
face_st06.anm	3	1345128	32	75	28	0	0f0000000400000000004843000008430ad7233c
face_st06.anm	3	1345156	20	90	8	0	
face_st06.anm	3	1345164	21	90	12	0	06000000
face_st06.anm	3	1345176	33	90	28	0	0f00000000000000800000008000000080000000
face_st06.anm	3	1345204	32	90	28	0	0f0000000400000000004843000008430ad7233c
face_st06.anm	3	1345232	20	105	8	0	
face_st06.anm	3	1345240	21	105	12	0	05000000
face_st06.anm	3	1345252	34	105	20	0	1e0000000000000000000000
face_st06.anm	3	1345272	32	105	28	0	1e000000000000000000d0430000104300000000
face_st06.anm	3	1345300	1	135	8	0	
face_st06.anm	3	1345308	-1	0	0	0	
face_st06.anm	4	1607604	3	0	12	0	05000000
face_st06.anm	4	1607616	22	0	8	0	
face_st06.anm	4	1607624	6	0	20	0	0000d0430000004300000000
face_st06.anm	4	1607644	8	0	12	0	00000000
face_st06.anm	4	1607656	23	0	8	0	
face_st06.anm	4	1607664	21	0	12	0	01000000
face_st06.anm	4	1607676	32	0	28	0	1e00000004000000000040430000004300000000
face_st06.anm	4	1607704	34	0	20	0	1e00000000000000ff000000
face_st06.anm	4	1607724	20	30	8	0	
face_st06.anm	4	1607732	21	30	12	0	02000000
face_st06.anm	4	1607744	23	60	8	0	
face_st06.anm	4	1607752	21	60	12	0	03000000
face_st06.anm	4	1607764	33	60	28	0	0f00000000000000ff000000ff000000ff000000
face_st06.anm	4	1607792	34	60	20	0	0f00000000000000ff000000
face_st06.anm	4	1607812	32	60	28	0	0f00000004000000000040430000004300000000
face_st06.anm	4	1607840	20	75	8	0	
face_st06.anm	4	1607848	21	75	12	0	04000000
face_st06.anm	4	1607860	33	75	28	0	0f00000000000000800000008000000080000000
face_st06.anm	4	1607888	34	75	20	0	0f00000000000000c0000000
face_st06.anm	4	1607908	32	75	28	0	0f0000000400000000004843000008430ad7233c
face_st06.anm	4	1607936	20	90	8	0	
face_st06.anm	4	1607944	21	90	12	0	06000000
face_st06.anm	4	1607956	33	90	28	0	0f00000000000000800000008000000080000000
face_st06.anm	4	1607984	32	90	28	0	0f0000000400000000004843000008430ad7233c
face_st06.anm	4	1608012	20	105	8	0	
face_st06.anm	4	1608020	21	105	12	0	05000000
face_st06.anm	4	1608032	34	105	20	0	1e0000000000000000000000
face_st06.anm	4	1608052	32	105	28	0	1e000000000000000000d0430000104300000000
face_st06.anm	4	1608080	1	135	8	0	
face_st06.anm	4	1608088	-1	0	0	0	
face_st06.anm	5	1870384	3	0	12	0	06000000
face_st06.anm	5	1870396	22	0	8	0	
face_st06.anm	5	1870404	6	0	20	0	0000d0430000004300000000
face_st06.anm	5	1870424	8	0	12	0	00000000
face_st06.anm	5	1870436	23	0	8	0	
face_st06.anm	5	1870444	21	0	12	0	01000000
face_st06.anm	5	1870456	32	0	28	0	1e00000004000000000040430000004300000000
face_st06.anm	5	1870484	34	0	20	0	1e00000000000000ff000000
face_st06.anm	5	1870504	20	30	8	0	
face_st06.anm	5	1870512	21	30	12	0	02000000
face_st06.anm	5	1870524	23	60	8	0	
face_st06.anm	5	1870532	21	60	12	0	03000000
face_st06.anm	5	1870544	33	60	28	0	0f00000000000000ff000000ff000000ff000000
face_st06.anm	5	1870572	34	60	20	0	0f00000000000000ff000000
face_st06.anm	5	1870592	32	60	28	0	0f00000004000000000040430000004300000000
face_st06.anm	5	1870620	20	75	8	0	
face_st06.anm	5	1870628	21	75	12	0	04000000
face_st06.anm	5	1870640	33	75	28	0	0f00000000000000800000008000000080000000
face_st06.anm	5	1870668	34	75	20	0	0f00000000000000c0000000
face_st06.anm	5	1870688	32	75	28	0	0f0000000400000000004843000008430ad7233c
face_st06.anm	5	1870716	20	90	8	0	
face_st06.anm	5	1870724	21	90	12	0	06000000
face_st06.anm	5	1870736	33	90	28	0	0f00000000000000800000008000000080000000
face_st06.anm	5	1870764	32	90	28	0	0f0000000400000000004843000008430ad7233c
face_st06.anm	5	1870792	20	105	8	0	
face_st06.anm	5	1870800	21	105	12	0	05000000
face_st06.anm	5	1870812	34	105	20	0	1e0000000000000000000000
face_st06.anm	5	1870832	32	105	28	0	1e000000000000000000d0430000104300000000
face_st06.anm	5	1870860	1	135	8	0	
face_st06.anm	5	1870868	-1	0	0	0	
face_st06.anm	6	2133332	3	0	12	0	07000000
face_st06.anm	6	2133344	22	0	8	0	
face_st06.anm	6	2133352	6	0	20	0	0000d0430000004300000000
face_st06.anm	6	2133372	8	0	12	0	00000000
face_st06.anm	6	2133384	23	0	8	0	
face_st06.anm	6	2133392	21	0	12	0	01000000
face_st06.anm	6	2133404	32	0	28	0	1e00000004000000000040430000004300000000
face_st06.anm	6	2133432	34	0	20	0	1e00000000000000ff000000
face_st06.anm	6	2133452	20	30	8	0	
face_st06.anm	6	2133460	21	30	12	0	02000000
face_st06.anm	6	2133472	23	60	8	0	
face_st06.anm	6	2133480	21	60	12	0	03000000
face_st06.anm	6	2133492	33	60	28	0	0f00000000000000ff000000ff000000ff000000
face_st06.anm	6	2133520	34	60	20	0	0f00000000000000ff000000
face_st06.anm	6	2133540	32	60	28	0	0f00000004000000000040430000004300000000
face_st06.anm	6	2133568	20	75	8	0	
face_st06.anm	6	2133576	21	75	12	0	04000000
face_st06.anm	6	2133588	33	75	28	0	0f00000000000000800000008000000080000000
face_st06.anm	6	2133616	34	75	20	0	0f00000000000000c0000000
face_st06.anm	6	2133636	32	75	28	0	0f0000000400000000004843000008430ad7233c
face_st06.anm	6	2133664	20	90	8	0	
face_st06.anm	6	2133672	21	90	12	0	06000000
face_st06.anm	6	2133684	33	90	28	0	0f00000000000000800000008000000080000000
face_st06.anm	6	2133712	32	90	28	0	0f0000000400000000004843000008430ad7233c
face_st06.anm	6	2133740	20	105	8	0	
face_st06.anm	6	2133748	21	105	12	0	05000000
face_st06.anm	6	2133760	34	105	20	0	1e0000000000000000000000
face_st06.anm	6	2133780	32	105	28	0	1e000000000000000000d0430000104300000000
face_st06.anm	6	2133808	1	135	8	0	
face_st06.anm	6	2133816	-1	0	0	0	
face_st06sp.anm	0	128	3	0	12	0	00000000
face_st06sp.anm	0	140	8	0	12	0	00000000
face_st06sp.anm	0	152	22	0	8	0	
face_st06sp.anm	0	160	6	0	20	0	0000a0420000e0c200000000
face_st06sp.anm	0	180	34	0	20	0	1e00000000000000c0000000
face_st06sp.anm	0	200	32	0	28	0	b4000000000000000000a0420000104300000000
face_st06sp.anm	0	228	34	90	20	0	3c0000000000000000000000
face_st06sp.anm	0	248	1	150	8	0	
face_st06sp.anm	0	256	-1	0	0	0	
face_st07.anm	0	128	3	0	12	0	00000000
face_st07.anm	0	140	8	0	12	0	00000000
face_st07.anm	0	152	22	0	8	0	
face_st07.anm	0	160	6	0	20	0	000000000000e0c200000000
face_st07.anm	0	180	34	0	20	0	1e00000000000000c0000000
face_st07.anm	0	200	32	0	28	0	b400000000000000000000000000104300000000
face_st07.anm	0	228	34	90	20	0	3c0000000000000000000000
face_st07.anm	0	248	1	150	8	0	
face_st07.anm	0	256	-1	0	0	0	
face_st07.anm	1	1049000	3	0	12	0	01000000
face_st07.anm	1	1049012	22	0	8	0	
face_st07.anm	1	1049020	6	0	20	0	000010430000b04300000000
face_st07.anm	1	1049040	8	0	12	0	00000000
face_st07.anm	1	1049052	34	0	20	0	1e00000000000000ff000000
face_st07.anm	1	1049072	34	350	20	0	1e0000000000000000000000
face_st07.anm	1	1049092	1	380	8	0	
face_st07.anm	1	1049100	-1	0	0	0	
face_st07.anm	2	1082020	3	0	12	0	02000000
face_st07.anm	2	1082032	22	0	8	0	
face_st07.anm	2	1082040	6	0	20	0	0000d0430000004300000000
face_st07.anm	2	1082060	8	0	12	0	00000000
face_st07.anm	2	1082072	23	0	8	0	
face_st07.anm	2	1082080	21	0	12	0	01000000
face_st07.anm	2	1082092	32	0	28	0	1e00000004000000000040430000004300000000
face_st07.anm	2	1082120	34	0	20	0	1e00000000000000ff000000
face_st07.anm	2	1082140	20	30	8	0	
face_st07.anm	2	1082148	21	30	12	0	02000000
face_st07.anm	2	1082160	23	60	8	0	
face_st07.anm	2	1082168	21	60	12	0	03000000
face_st07.anm	2	1082180	33	60	28	0	0f00000000000000ff000000ff000000ff000000
face_st07.anm	2	1082208	34	60	20	0	0f00000000000000ff000000
face_st07.anm	2	1082228	32	60	28	0	0f00000004000000000040430000004300000000
face_st07.anm	2	1082256	20	75	8	0	
face_st07.anm	2	1082264	21	75	12	0	04000000
face_st07.anm	2	1082276	33	75	28	0	0f00000000000000800000008000000080000000
face_st07.anm	2	1082304	34	75	20	0	0f00000000000000c0000000
face_st07.anm	2	1082324	32	75	28	0	0f0000000400000000004843000008430ad7233c
face_st07.anm	2	1082352	20	90	8	0	
face_st07.anm	2	1082360	21	90	12	0	06000000
face_st07.anm	2	1082372	33	90	28	0	0f00000000000000800000008000000080000000
face_st07.anm	2	1082400	32	90	28	0	0f0000000400000000004843000008430ad7233c
face_st07.anm	2	1082428	20	105	8	0	
face_st07.anm	2	1082436	21	105	12	0	05000000
face_st07.anm	2	1082448	34	105	20	0	1e0000000000000000000000
face_st07.anm	2	1082468	32	105	28	0	1e000000000000000000d0430000104300000000
face_st07.anm	2	1082496	1	135	8	0	
face_st07.anm	2	1082504	-1	0	0	0	
face_st07.anm	3	1344824	3	0	12	0	03000000
face_st07.anm	3	1344836	22	0	8	0	
face_st07.anm	3	1344844	6	0	20	0	0000d0430000004300000000
face_st07.anm	3	1344864	8	0	12	0	00000000
face_st07.anm	3	1344876	23	0	8	0	
face_st07.anm	3	1344884	21	0	12	0	01000000
face_st07.anm	3	1344896	32	0	28	0	1e00000004000000000040430000004300000000
face_st07.anm	3	1344924	34	0	20	0	1e00000000000000ff000000
face_st07.anm	3	1344944	20	30	8	0	
face_st07.anm	3	1344952	21	30	12	0	02000000
face_st07.anm	3	1344964	23	60	8	0	
face_st07.anm	3	1344972	21	60	12	0	03000000
face_st07.anm	3	1344984	33	60	28	0	0f00000000000000ff000000ff000000ff000000
face_st07.anm	3	1345012	34	60	20	0	0f00000000000000ff000000
face_st07.anm	3	1345032	32	60	28	0	0f00000004000000000040430000004300000000
face_st07.anm	3	1345060	20	75	8	0	
face_st07.anm	3	1345068	21	75	12	0	04000000
face_st07.anm	3	1345080	33	75	28	0	0f00000000000000800000008000000080000000
face_st07.anm	3	1345108	34	75	20	0	0f00000000000000c0000000
face_st07.anm	3	1345128	32	75	28	0	0f0000000400000000004843000008430ad7233c
face_st07.anm	3	1345156	20	90	8	0	
face_st07.anm	3	1345164	21	90	12	0	06000000
face_st07.anm	3	1345176	33	90	28	0	0f00000000000000800000008000000080000000
face_st07.anm	3	1345204	32	90	28	0	0f0000000400000000004843000008430ad7233c
face_st07.anm	3	1345232	20	105	8	0	
face_st07.anm	3	1345240	21	105	12	0	05000000
face_st07.anm	3	1345252	34	105	20	0	1e0000000000000000000000
face_st07.anm	3	1345272	32	105	28	0	1e000000000000000000d0430000104300000000
face_st07.anm	3	1345300	1	135	8	0	
face_st07.anm	3	1345308	-1	0	0	0	
face_st07.anm	4	1607628	3	0	12	0	05000000
face_st07.anm	4	1607640	22	0	8	0	
face_st07.anm	4	1607648	6	0	20	0	0000d0430000004300000000
face_st07.anm	4	1607668	8	0	12	0	00000000
face_st07.anm	4	1607680	23	0	8	0	
face_st07.anm	4	1607688	21	0	12	0	01000000
face_st07.anm	4	1607700	32	0	28	0	1e00000004000000000040430000004300000000
face_st07.anm	4	1607728	34	0	20	0	1e00000000000000ff000000
face_st07.anm	4	1607748	20	30	8	0	
face_st07.anm	4	1607756	21	30	12	0	02000000
face_st07.anm	4	1607768	23	60	8	0	
face_st07.anm	4	1607776	21	60	12	0	03000000
face_st07.anm	4	1607788	33	60	28	0	0f00000000000000ff000000ff000000ff000000
face_st07.anm	4	1607816	34	60	20	0	0f00000000000000ff000000
face_st07.anm	4	1607836	32	60	28	0	0f00000004000000000040430000004300000000
face_st07.anm	4	1607864	20	75	8	0	
face_st07.anm	4	1607872	21	75	12	0	04000000
face_st07.anm	4	1607884	33	75	28	0	0f00000000000000800000008000000080000000
face_st07.anm	4	1607912	34	75	20	0	0f00000000000000c0000000
face_st07.anm	4	1607932	32	75	28	0	0f0000000400000000004843000008430ad7233c
face_st07.anm	4	1607960	20	90	8	0	
face_st07.anm	4	1607968	21	90	12	0	06000000
face_st07.anm	4	1607980	33	90	28	0	0f00000000000000800000008000000080000000
face_st07.anm	4	1608008	32	90	28	0	0f0000000400000000004843000008430ad7233c
face_st07.anm	4	1608036	20	105	8	0	
face_st07.anm	4	1608044	21	105	12	0	05000000
face_st07.anm	4	1608056	34	105	20	0	1e0000000000000000000000
face_st07.anm	4	1608076	32	105	28	0	1e000000000000000000d0430000104300000000
face_st07.anm	4	1608104	1	135	8	0	
face_st07.anm	4	1608112	-1	0	0	0	
face_st07.anm	5	1870576	3	0	12	0	07000000
face_st07.anm	5	1870588	22	0	8	0	
face_st07.anm	5	1870596	6	0	20	0	0000d0430000004300000000
face_st07.anm	5	1870616	8	0	12	0	00000000
face_st07.anm	5	1870628	23	0	8	0	
face_st07.anm	5	1870636	21	0	12	0	01000000
face_st07.anm	5	1870648	32	0	28	0	1e00000004000000000040430000004300000000
face_st07.anm	5	1870676	34	0	20	0	1e00000000000000ff000000
face_st07.anm	5	1870696	20	30	8	0	
face_st07.anm	5	1870704	21	30	12	0	02000000
face_st07.anm	5	1870716	23	60	8	0	
face_st07.anm	5	1870724	21	60	12	0	03000000
face_st07.anm	5	1870736	33	60	28	0	0f00000000000000ff000000ff000000ff000000
face_st07.anm	5	1870764	34	60	20	0	0f00000000000000ff000000
face_st07.anm	5	1870784	32	60	28	0	0f00000004000000000040430000004300000000
face_st07.anm	5	1870812	20	75	8	0	
face_st07.anm	5	1870820	21	75	12	0	04000000
face_st07.anm	5	1870832	33	75	28	0	0f00000000000000800000008000000080000000
face_st07.anm	5	1870860	34	75	20	0	0f00000000000000c0000000
face_st07.anm	5	1870880	32	75	28	0	0f0000000400000000004843000008430ad7233c
face_st07.anm	5	1870908	20	90	8	0	
face_st07.anm	5	1870916	21	90	12	0	06000000
face_st07.anm	5	1870928	33	90	28	0	0f00000000000000800000008000000080000000
face_st07.anm	5	1870956	32	90	28	0	0f0000000400000000004843000008430ad7233c
face_st07.anm	5	1870984	20	105	8	0	
face_st07.anm	5	1870992	21	105	12	0	05000000
face_st07.anm	5	1871004	34	105	20	0	1e0000000000000000000000
face_st07.anm	5	1871024	32	105	28	0	1e000000000000000000d0430000104300000000
face_st07.anm	5	1871052	1	135	8	0	
face_st07.anm	5	1871060	-1	0	0	0	
face_st07sp.anm	0	128	3	0	12	0	00000000
face_st07sp.anm	0	140	8	0	12	0	00000000
face_st07sp.anm	0	152	22	0	8	0	
face_st07sp.anm	0	160	6	0	20	0	0000a0420000e0c200000000
face_st07sp.anm	0	180	34	0	20	0	1e00000000000000c0000000
face_st07sp.anm	0	200	32	0	28	0	b4000000000000000000a0420000104300000000
face_st07sp.anm	0	228	34	90	20	0	3c0000000000000000000000
face_st07sp.anm	0	248	1	150	8	0	
face_st07sp.anm	0	256	-1	0	0	0	
face_st08.anm	0	128	3	0	12	0	00000000
face_st08.anm	0	140	8	0	12	0	00000000
face_st08.anm	0	152	22	0	8	0	
face_st08.anm	0	160	6	0	20	0	00000c430000e0c200000000
face_st08.anm	0	180	34	0	20	0	1e00000000000000c0000000
face_st08.anm	0	200	32	0	28	0	b40000000000000000000c430000104300000000
face_st08.anm	0	228	34	90	20	0	3c0000000000000000000000
face_st08.anm	0	248	1	150	8	0	
face_st08.anm	0	256	-1	0	0	0	
face_st08.anm	1	1049000	3	0	12	0	01000000
face_st08.anm	1	1049012	22	0	8	0	
face_st08.anm	1	1049020	6	0	20	0	000010430000b04300000000
face_st08.anm	1	1049040	8	0	12	0	00000000
face_st08.anm	1	1049052	34	0	20	0	1e00000000000000ff000000
face_st08.anm	1	1049072	34	350	20	0	1e0000000000000000000000
face_st08.anm	1	1049092	1	380	8	0	
face_st08.anm	1	1049100	-1	0	0	0	
face_st08.anm	2	1082020	3	0	12	0	02000000
face_st08.anm	2	1082032	22	0	8	0	
face_st08.anm	2	1082040	6	0	20	0	0000d0430000004300000000
face_st08.anm	2	1082060	8	0	12	0	00000000
face_st08.anm	2	1082072	23	0	8	0	
face_st08.anm	2	1082080	21	0	12	0	01000000
face_st08.anm	2	1082092	32	0	28	0	1e00000004000000000040430000004300000000
face_st08.anm	2	1082120	34	0	20	0	1e00000000000000ff000000
face_st08.anm	2	1082140	20	30	8	0	
face_st08.anm	2	1082148	21	30	12	0	02000000
face_st08.anm	2	1082160	23	60	8	0	
face_st08.anm	2	1082168	21	60	12	0	03000000
face_st08.anm	2	1082180	33	60	28	0	0f00000000000000ff000000ff000000ff000000
face_st08.anm	2	1082208	34	60	20	0	0f00000000000000ff000000
face_st08.anm	2	1082228	32	60	28	0	0f00000004000000000040430000004300000000
face_st08.anm	2	1082256	20	75	8	0	
face_st08.anm	2	1082264	21	75	12	0	04000000
face_st08.anm	2	1082276	33	75	28	0	0f00000000000000800000008000000080000000
face_st08.anm	2	1082304	34	75	20	0	0f00000000000000c0000000
face_st08.anm	2	1082324	32	75	28	0	0f0000000400000000004843000008430ad7233c
face_st08.anm	2	1082352	20	90	8	0	
face_st08.anm	2	1082360	21	90	12	0	06000000
face_st08.anm	2	1082372	33	90	28	0	0f00000000000000800000008000000080000000
face_st08.anm	2	1082400	32	90	28	0	0f0000000400000000004843000008430ad7233c
face_st08.anm	2	1082428	20	105	8	0	
face_st08.anm	2	1082436	21	105	12	0	05000000
face_st08.anm	2	1082448	34	105	20	0	1e0000000000000000000000
face_st08.anm	2	1082468	32	105	28	0	1e000000000000000000d0430000104300000000
face_st08.anm	2	1082496	1	135	8	0	
face_st08.anm	2	1082504	-1	0	0	0	
face_st08.anm	3	1344824	3	0	12	0	03000000
face_st08.anm	3	1344836	22	0	8	0	
face_st08.anm	3	1344844	6	0	20	0	0000d0430000004300000000
face_st08.anm	3	1344864	8	0	12	0	00000000
face_st08.anm	3	1344876	23	0	8	0	
face_st08.anm	3	1344884	21	0	12	0	01000000
face_st08.anm	3	1344896	32	0	28	0	1e00000004000000000040430000004300000000
face_st08.anm	3	1344924	34	0	20	0	1e00000000000000ff000000
face_st08.anm	3	1344944	20	30	8	0	
face_st08.anm	3	1344952	21	30	12	0	02000000
face_st08.anm	3	1344964	23	60	8	0	
face_st08.anm	3	1344972	21	60	12	0	03000000
face_st08.anm	3	1344984	33	60	28	0	0f00000000000000ff000000ff000000ff000000
face_st08.anm	3	1345012	34	60	20	0	0f00000000000000ff000000
face_st08.anm	3	1345032	32	60	28	0	0f00000004000000000040430000004300000000
face_st08.anm	3	1345060	20	75	8	0	
face_st08.anm	3	1345068	21	75	12	0	04000000
face_st08.anm	3	1345080	33	75	28	0	0f00000000000000800000008000000080000000
face_st08.anm	3	1345108	34	75	20	0	0f00000000000000c0000000
face_st08.anm	3	1345128	32	75	28	0	0f0000000400000000004843000008430ad7233c
face_st08.anm	3	1345156	20	90	8	0	
face_st08.anm	3	1345164	21	90	12	0	06000000
face_st08.anm	3	1345176	33	90	28	0	0f00000000000000800000008000000080000000
face_st08.anm	3	1345204	32	90	28	0	0f0000000400000000004843000008430ad7233c
face_st08.anm	3	1345232	20	105	8	0	
face_st08.anm	3	1345240	21	105	12	0	05000000
face_st08.anm	3	1345252	34	105	20	0	1e0000000000000000000000
face_st08.anm	3	1345272	32	105	28	0	1e000000000000000000d0430000104300000000
face_st08.anm	3	1345300	1	135	8	0	
face_st08.anm	3	1345308	-1	0	0	0	
face_st08.anm	4	1607604	3	0	12	0	05000000
face_st08.anm	4	1607616	22	0	8	0	
face_st08.anm	4	1607624	6	0	20	0	0000d0430000004300000000
face_st08.anm	4	1607644	8	0	12	0	00000000
face_st08.anm	4	1607656	23	0	8	0	
face_st08.anm	4	1607664	21	0	12	0	01000000
face_st08.anm	4	1607676	32	0	28	0	1e00000004000000000040430000004300000000
face_st08.anm	4	1607704	34	0	20	0	1e00000000000000ff000000
face_st08.anm	4	1607724	20	30	8	0	
face_st08.anm	4	1607732	21	30	12	0	02000000
face_st08.anm	4	1607744	23	60	8	0	
face_st08.anm	4	1607752	21	60	12	0	03000000
face_st08.anm	4	1607764	33	60	28	0	0f00000000000000ff000000ff000000ff000000
face_st08.anm	4	1607792	34	60	20	0	0f00000000000000ff000000
face_st08.anm	4	1607812	32	60	28	0	0f00000004000000000040430000004300000000
face_st08.anm	4	1607840	20	75	8	0	
face_st08.anm	4	1607848	21	75	12	0	04000000
face_st08.anm	4	1607860	33	75	28	0	0f00000000000000800000008000000080000000
face_st08.anm	4	1607888	34	75	20	0	0f00000000000000c0000000
face_st08.anm	4	1607908	32	75	28	0	0f0000000400000000004843000008430ad7233c
face_st08.anm	4	1607936	20	90	8	0	
face_st08.anm	4	1607944	21	90	12	0	06000000
face_st08.anm	4	1607956	33	90	28	0	0f00000000000000800000008000000080000000
face_st08.anm	4	1607984	32	90	28	0	0f0000000400000000004843000008430ad7233c
face_st08.anm	4	1608012	20	105	8	0	
face_st08.anm	4	1608020	21	105	12	0	05000000
face_st08.anm	4	1608032	34	105	20	0	1e0000000000000000000000
face_st08.anm	4	1608052	32	105	28	0	1e000000000000000000d0430000104300000000
face_st08.anm	4	1608080	1	135	8	0	
face_st08.anm	4	1608088	-1	0	0	0	
face_st08.anm	5	1870384	3	0	12	0	06000000
face_st08.anm	5	1870396	22	0	8	0	
face_st08.anm	5	1870404	6	0	20	0	0000d0430000004300000000
face_st08.anm	5	1870424	8	0	12	0	00000000
face_st08.anm	5	1870436	23	0	8	0	
face_st08.anm	5	1870444	21	0	12	0	01000000
face_st08.anm	5	1870456	32	0	28	0	1e00000004000000000040430000004300000000
face_st08.anm	5	1870484	34	0	20	0	1e00000000000000ff000000
face_st08.anm	5	1870504	20	30	8	0	
face_st08.anm	5	1870512	21	30	12	0	02000000
face_st08.anm	5	1870524	23	60	8	0	
face_st08.anm	5	1870532	21	60	12	0	03000000
face_st08.anm	5	1870544	33	60	28	0	0f00000000000000ff000000ff000000ff000000
face_st08.anm	5	1870572	34	60	20	0	0f00000000000000ff000000
face_st08.anm	5	1870592	32	60	28	0	0f00000004000000000040430000004300000000
face_st08.anm	5	1870620	20	75	8	0	
face_st08.anm	5	1870628	21	75	12	0	04000000
face_st08.anm	5	1870640	33	75	28	0	0f00000000000000800000008000000080000000
face_st08.anm	5	1870668	34	75	20	0	0f00000000000000c0000000
face_st08.anm	5	1870688	32	75	28	0	0f0000000400000000004843000008430ad7233c
face_st08.anm	5	1870716	20	90	8	0	
face_st08.anm	5	1870724	21	90	12	0	06000000
face_st08.anm	5	1870736	33	90	28	0	0f00000000000000800000008000000080000000
face_st08.anm	5	1870764	32	90	28	0	0f0000000400000000004843000008430ad7233c
face_st08.anm	5	1870792	20	105	8	0	
face_st08.anm	5	1870800	21	105	12	0	05000000
face_st08.anm	5	1870812	34	105	20	0	1e0000000000000000000000
face_st08.anm	5	1870832	32	105	28	0	1e000000000000000000d0430000104300000000
face_st08.anm	5	1870860	1	135	8	0	
face_st08.anm	5	1870868	-1	0	0	0	
face_st08.anm	6	2133212	3	0	12	0	07000000
face_st08.anm	6	2133224	22	0	8	0	
face_st08.anm	6	2133232	6	0	20	0	0000d0430000004300000000
face_st08.anm	6	2133252	8	0	12	0	00000000
face_st08.anm	6	2133264	23	0	8	0	
face_st08.anm	6	2133272	21	0	12	0	01000000
face_st08.anm	6	2133284	32	0	28	0	1e00000004000000000040430000004300000000
face_st08.anm	6	2133312	34	0	20	0	1e00000000000000ff000000
face_st08.anm	6	2133332	20	30	8	0	
face_st08.anm	6	2133340	21	30	12	0	02000000
face_st08.anm	6	2133352	23	60	8	0	
face_st08.anm	6	2133360	21	60	12	0	03000000
face_st08.anm	6	2133372	33	60	28	0	0f00000000000000ff000000ff000000ff000000
face_st08.anm	6	2133400	34	60	20	0	0f00000000000000ff000000
face_st08.anm	6	2133420	32	60	28	0	0f00000004000000000040430000004300000000
face_st08.anm	6	2133448	20	75	8	0	
face_st08.anm	6	2133456	21	75	12	0	04000000
face_st08.anm	6	2133468	33	75	28	0	0f00000000000000800000008000000080000000
face_st08.anm	6	2133496	34	75	20	0	0f00000000000000c0000000
face_st08.anm	6	2133516	32	75	28	0	0f0000000400000000004843000008430ad7233c
face_st08.anm	6	2133544	20	90	8	0	
face_st08.anm	6	2133552	21	90	12	0	06000000
face_st08.anm	6	2133564	33	90	28	0	0f00000000000000800000008000000080000000
face_st08.anm	6	2133592	32	90	28	0	0f0000000400000000004843000008430ad7233c
face_st08.anm	6	2133620	20	105	8	0	
face_st08.anm	6	2133628	21	105	12	0	05000000
face_st08.anm	6	2133640	34	105	20	0	1e0000000000000000000000
face_st08.anm	6	2133660	32	105	28	0	1e000000000000000000d0430000104300000000
face_st08.anm	6	2133688	1	135	8	0	
face_st08.anm	6	2133696	-1	0	0	0	
face_st08.anm	7	2396088	3	0	12	0	0a000000
face_st08.anm	7	2396100	22	0	8	0	
face_st08.anm	7	2396108	6	0	20	0	0000d0430000004300000000
face_st08.anm	7	2396128	8	0	12	0	00000000
face_st08.anm	7	2396140	23	0	8	0	
face_st08.anm	7	2396148	21	0	12	0	01000000
face_st08.anm	7	2396160	32	0	28	0	1e00000004000000000040430000004300000000
face_st08.anm	7	2396188	34	0	20	0	1e00000000000000ff000000
face_st08.anm	7	2396208	20	30	8	0	
face_st08.anm	7	2396216	21	30	12	0	02000000
face_st08.anm	7	2396228	23	60	8	0	
face_st08.anm	7	2396236	21	60	12	0	03000000
face_st08.anm	7	2396248	33	60	28	0	0f00000000000000ff000000ff000000ff000000
face_st08.anm	7	2396276	34	60	20	0	0f00000000000000ff000000
face_st08.anm	7	2396296	32	60	28	0	0f00000004000000000040430000004300000000
face_st08.anm	7	2396324	20	75	8	0	
face_st08.anm	7	2396332	21	75	12	0	04000000
face_st08.anm	7	2396344	33	75	28	0	0f00000000000000800000008000000080000000
face_st08.anm	7	2396372	34	75	20	0	0f00000000000000c0000000
face_st08.anm	7	2396392	32	75	28	0	0f0000000400000000004843000008430ad7233c
face_st08.anm	7	2396420	20	90	8	0	
face_st08.anm	7	2396428	21	90	12	0	06000000
face_st08.anm	7	2396440	33	90	28	0	0f00000000000000800000008000000080000000
face_st08.anm	7	2396468	32	90	28	0	0f0000000400000000004843000008430ad7233c
face_st08.anm	7	2396496	20	105	8	0	
face_st08.anm	7	2396504	21	105	12	0	05000000
face_st08.anm	7	2396516	34	105	20	0	1e0000000000000000000000
face_st08.anm	7	2396536	32	105	28	0	1e000000000000000000d0430000104300000000
face_st08.anm	7	2396564	1	135	8	0	
face_st08.anm	7	2396572	-1	0	0	0	
face_st08m.anm	0	128	3	0	12	0	00000000
face_st08m.anm	0	140	8	0	12	0	00000000
face_st08m.anm	0	152	22	0	8	0	
face_st08m.anm	0	160	6	0	20	0	000020430000e0c200000000
face_st08m.anm	0	180	34	0	20	0	1e00000000000000c0000000
face_st08m.anm	0	200	32	0	28	0	b400000000000000000020430000104300000000
face_st08m.anm	0	228	34	90	20	0	3c0000000000000000000000
face_st08m.anm	0	248	1	150	8	0	
face_st08m.anm	0	256	-1	0	0	0	
face_st08m.anm	1	524712	3	0	12	0	01000000
face_st08m.anm	1	524724	22	0	8	0	
face_st08m.anm	1	524732	6	0	20	0	000010430000b04300000000
face_st08m.anm	1	524752	8	0	12	0	00000000
face_st08m.anm	1	524764	34	0	20	0	1e00000000000000ff000000
face_st08m.anm	1	524784	34	350	20	0	1e0000000000000000000000
face_st08m.anm	1	524804	1	380	8	0	
face_st08m.anm	1	524812	-1	0	0	0	
face_st08m.anm	2	558036	3	0	12	0	02000000
face_st08m.anm	2	558048	22	0	8	0	
face_st08m.anm	2	558056	6	0	20	0	0000d0430000004300000000
face_st08m.anm	2	558076	8	0	12	0	00000000
face_st08m.anm	2	558088	23	0	8	0	
face_st08m.anm	2	558096	21	0	12	0	01000000
face_st08m.anm	2	558108	32	0	28	0	1e00000004000000000088430000004300000000
face_st08m.anm	2	558136	34	0	20	0	1e00000000000000ff000000
face_st08m.anm	2	558156	20	30	8	0	
face_st08m.anm	2	558164	21	30	12	0	02000000
face_st08m.anm	2	558176	23	60	8	0	
face_st08m.anm	2	558184	21	60	12	0	03000000
face_st08m.anm	2	558196	33	60	28	0	0f00000000000000ff000000ff000000ff000000
face_st08m.anm	2	558224	34	60	20	0	0f00000000000000ff000000
face_st08m.anm	2	558244	32	60	28	0	0f00000004000000000088430000004300000000
face_st08m.anm	2	558272	20	75	8	0	
face_st08m.anm	2	558280	21	75	12	0	04000000
face_st08m.anm	2	558292	33	75	28	0	0f00000000000000800000008000000080000000
face_st08m.anm	2	558320	34	75	20	0	0f00000000000000c0000000
face_st08m.anm	2	558340	32	75	28	0	0f0000000400000000008c43000008430ad7233c
face_st08m.anm	2	558368	20	90	8	0	
face_st08m.anm	2	558376	21	90	12	0	06000000
face_st08m.anm	2	558388	33	90	28	0	0f00000000000000800000008000000080000000
face_st08m.anm	2	558416	32	90	28	0	0f0000000400000000008c43000008430ad7233c
face_st08m.anm	2	558444	20	105	8	0	
face_st08m.anm	2	558452	21	105	12	0	05000000
face_st08m.anm	2	558464	34	105	20	0	1e0000000000000000000000
face_st08m.anm	2	558484	32	105	28	0	1e000000000000000000d0430000104300000000
face_st08m.anm	2	558512	1	135	8	0	
face_st08m.anm	2	558520	-1	0	0	0	
face_st08msp.anm	0	128	3	0	12	0	00000000
face_st08msp.anm	0	140	8	0	12	0	00000000
face_st08msp.anm	0	152	22	0	8	0	
face_st08msp.anm	0	160	6	0	20	0	000020430000e0c200000000
face_st08msp.anm	0	180	34	0	20	0	1e00000000000000c0000000
face_st08msp.anm	0	200	32	0	28	0	b400000000000000000020430000104300000000
face_st08msp.anm	0	228	34	90	20	0	3c0000000000000000000000
face_st08msp.anm	0	248	1	150	8	0	
face_st08msp.anm	0	256	-1	0	0	0	
face_st08sp.anm	0	128	3	0	12	0	00000000
face_st08sp.anm	0	140	8	0	12	0	00000000
face_st08sp.anm	0	152	22	0	8	0	
face_st08sp.anm	0	160	6	0	20	0	00000c430000e0c200000000
face_st08sp.anm	0	180	34	0	20	0	1e00000000000000c0000000
face_st08sp.anm	0	200	32	0	28	0	b40000000000000000000c430000104300000000
face_st08sp.anm	0	228	34	90	20	0	3c0000000000000000000000
face_st08sp.anm	0	248	1	150	8	0	
face_st08sp.anm	0	256	-1	0	0	0	
face_yk00.anm	0	152	3	0	12	0	00000000
face_yk00.anm	0	164	8	0	12	0	00000000
face_yk00.anm	0	176	22	0	8	0	
face_yk00.anm	0	184	6	0	20	0	000040420000104300000000
face_yk00.anm	0	204	34	0	20	0	1e0000000000000080000000
face_yk00.anm	0	224	32	0	28	0	b400000000000000000040420000e0c200000000
face_yk00.anm	0	252	34	90	20	0	3c0000000000000000000000
face_yk00.anm	0	272	1	150	8	0	
face_yk00.anm	0	280	-1	0	0	0	
face_yk00.anm	1	524736	3	0	12	0	02000000
face_yk00.anm	1	524748	22	0	8	0	
face_yk00.anm	1	524756	6	0	20	0	000060c30000004300000000
face_yk00.anm	1	524776	8	0	12	0	00000000
face_yk00.anm	1	524788	23	0	8	0	
face_yk00.anm	1	524796	21	0	12	0	01000000
face_yk00.anm	1	524808	8	0	12	0	00000000
face_yk00.anm	1	524820	6	0	20	0	000060c30000004300000000
face_yk00.anm	1	524840	32	0	28	0	1e00000004000000000040420000004300000000
face_yk00.anm	1	524868	34	0	20	0	1e00000000000000ff000000
face_yk00.anm	1	524888	20	30	8	0	
face_yk00.anm	1	524896	21	30	12	0	02000000
face_yk00.anm	1	524908	23	60	8	0	
face_yk00.anm	1	524916	21	60	12	0	03000000
face_yk00.anm	1	524928	33	60	28	0	0f00000000000000ff000000ff000000ff000000
face_yk00.anm	1	524956	34	60	20	0	0f00000000000000ff000000
face_yk00.anm	1	524976	32	60	28	0	0f00000004000000000040420000004300000000
face_yk00.anm	1	525004	20	75	8	0	
face_yk00.anm	1	525012	21	75	12	0	04000000
face_yk00.anm	1	525024	33	75	28	0	0f00000000000000800000008000000080000000
face_yk00.anm	1	525052	34	75	20	0	0f00000000000000c0000000
face_yk00.anm	1	525072	32	75	28	0	0f000000040000000000c041000008430ad7233c
face_yk00.anm	1	525100	20	90	8	0	
face_yk00.anm	1	525108	21	90	12	0	06000000
face_yk00.anm	1	525120	33	90	28	0	0f00000000000000800000008000000080000000
face_yk00.anm	1	525148	20	105	8	0	
face_yk00.anm	1	525156	21	105	12	0	05000000
face_yk00.anm	1	525168	34	105	20	0	1e0000000000000000000000
face_yk00.anm	1	525188	32	105	28	0	1e00000000000000000060c30000104300000000
face_yk00.anm	1	525216	1	135	8	0	
face_yk00.anm	1	525224	-1	0	0	0	
face_yk00.anm	2	656464	3	0	12	0	03000000
face_yk00.anm	2	656476	22	0	8	0	
face_yk00.anm	2	656484	6	0	20	0	000060c30000004300000000
face_yk00.anm	2	656504	8	0	12	0	00000000
face_yk00.anm	2	656516	23	0	8	0	
face_yk00.anm	2	656524	21	0	12	0	01000000
face_yk00.anm	2	656536	8	0	12	0	00000000
face_yk00.anm	2	656548	6	0	20	0	000060c30000004300000000
face_yk00.anm	2	656568	32	0	28	0	1e00000004000000000040420000004300000000
face_yk00.anm	2	656596	34	0	20	0	1e00000000000000ff000000
face_yk00.anm	2	656616	20	30	8	0	
face_yk00.anm	2	656624	21	30	12	0	02000000
face_yk00.anm	2	656636	23	60	8	0	
face_yk00.anm	2	656644	21	60	12	0	03000000
face_yk00.anm	2	656656	33	60	28	0	0f00000000000000ff000000ff000000ff000000
face_yk00.anm	2	656684	34	60	20	0	0f00000000000000ff000000
face_yk00.anm	2	656704	32	60	28	0	0f00000004000000000040420000004300000000
face_yk00.anm	2	656732	20	75	8	0	
face_yk00.anm	2	656740	21	75	12	0	04000000
face_yk00.anm	2	656752	33	75	28	0	0f00000000000000800000008000000080000000
face_yk00.anm	2	656780	34	75	20	0	0f00000000000000c0000000
face_yk00.anm	2	656800	32	75	28	0	0f000000040000000000c041000008430ad7233c
face_yk00.anm	2	656828	20	90	8	0	
face_yk00.anm	2	656836	21	90	12	0	06000000
face_yk00.anm	2	656848	33	90	28	0	0f00000000000000800000008000000080000000
face_yk00.anm	2	656876	20	105	8	0	
face_yk00.anm	2	656884	21	105	12	0	05000000
face_yk00.anm	2	656896	34	105	20	0	1e0000000000000000000000
face_yk00.anm	2	656916	32	105	28	0	1e00000000000000000060c30000104300000000
face_yk00.anm	2	656944	1	135	8	0	
face_yk00.anm	2	656952	-1	0	0	0	
face_yk00.anm	3	788192	3	0	12	0	04000000
face_yk00.anm	3	788204	22	0	8	0	
face_yk00.anm	3	788212	6	0	20	0	000060c30000004300000000
face_yk00.anm	3	788232	8	0	12	0	00000000
face_yk00.anm	3	788244	23	0	8	0	
face_yk00.anm	3	788252	21	0	12	0	01000000
face_yk00.anm	3	788264	8	0	12	0	00000000
face_yk00.anm	3	788276	6	0	20	0	000060c30000004300000000
face_yk00.anm	3	788296	32	0	28	0	1e00000004000000000040420000004300000000
face_yk00.anm	3	788324	34	0	20	0	1e00000000000000ff000000
face_yk00.anm	3	788344	20	30	8	0	
face_yk00.anm	3	788352	21	30	12	0	02000000
face_yk00.anm	3	788364	23	60	8	0	
face_yk00.anm	3	788372	21	60	12	0	03000000
face_yk00.anm	3	788384	33	60	28	0	0f00000000000000ff000000ff000000ff000000
face_yk00.anm	3	788412	34	60	20	0	0f00000000000000ff000000
face_yk00.anm	3	788432	32	60	28	0	0f00000004000000000040420000004300000000
face_yk00.anm	3	788460	20	75	8	0	
face_yk00.anm	3	788468	21	75	12	0	04000000
face_yk00.anm	3	788480	33	75	28	0	0f00000000000000800000008000000080000000
face_yk00.anm	3	788508	34	75	20	0	0f00000000000000c0000000
face_yk00.anm	3	788528	32	75	28	0	0f000000040000000000c041000008430ad7233c
face_yk00.anm	3	788556	20	90	8	0	
face_yk00.anm	3	788564	21	90	12	0	06000000
face_yk00.anm	3	788576	33	90	28	0	0f00000000000000800000008000000080000000
face_yk00.anm	3	788604	20	105	8	0	
face_yk00.anm	3	788612	21	105	12	0	05000000
face_yk00.anm	3	788624	34	105	20	0	1e0000000000000000000000
face_yk00.anm	3	788644	32	105	28	0	1e00000000000000000060c30000104300000000
face_yk00.anm	3	788672	1	135	8	0	
face_yk00.anm	3	788680	-1	0	0	0	
face_yk00.anm	4	919920	3	0	12	0	05000000
face_yk00.anm	4	919932	22	0	8	0	
face_yk00.anm	4	919940	6	0	20	0	000060c30000004300000000
face_yk00.anm	4	919960	8	0	12	0	00000000
face_yk00.anm	4	919972	23	0	8	0	
face_yk00.anm	4	919980	21	0	12	0	01000000
face_yk00.anm	4	919992	8	0	12	0	00000000
face_yk00.anm	4	920004	6	0	20	0	000060c30000004300000000
face_yk00.anm	4	920024	32	0	28	0	1e00000004000000000040420000004300000000
face_yk00.anm	4	920052	34	0	20	0	1e00000000000000ff000000
face_yk00.anm	4	920072	20	30	8	0	
face_yk00.anm	4	920080	21	30	12	0	02000000
face_yk00.anm	4	920092	23	60	8	0	
face_yk00.anm	4	920100	21	60	12	0	03000000
face_yk00.anm	4	920112	33	60	28	0	0f00000000000000ff000000ff000000ff000000
face_yk00.anm	4	920140	34	60	20	0	0f00000000000000ff000000
face_yk00.anm	4	920160	32	60	28	0	0f00000004000000000040420000004300000000
face_yk00.anm	4	920188	20	75	8	0	
face_yk00.anm	4	920196	21	75	12	0	04000000
face_yk00.anm	4	920208	33	75	28	0	0f00000000000000800000008000000080000000
face_yk00.anm	4	920236	34	75	20	0	0f00000000000000c0000000
face_yk00.anm	4	920256	32	75	28	0	0f000000040000000000c041000008430ad7233c
face_yk00.anm	4	920284	20	90	8	0	
face_yk00.anm	4	920292	21	90	12	0	06000000
face_yk00.anm	4	920304	33	90	28	0	0f00000000000000800000008000000080000000
face_yk00.anm	4	920332	20	105	8	0	
face_yk00.anm	4	920340	21	105	12	0	05000000
face_yk00.anm	4	920352	34	105	20	0	1e0000000000000000000000
face_yk00.anm	4	920372	32	105	28	0	1e00000000000000000060c30000104300000000
face_yk00.anm	4	920400	1	135	8	0	
face_yk00.anm	4	920408	-1	0	0	0	
face_yk00.anm	5	1051648	3	0	12	0	06000000
face_yk00.anm	5	1051660	22	0	8	0	
face_yk00.anm	5	1051668	6	0	20	0	000060c30000004300000000
face_yk00.anm	5	1051688	8	0	12	0	00000000
face_yk00.anm	5	1051700	23	0	8	0	
face_yk00.anm	5	1051708	21	0	12	0	01000000
face_yk00.anm	5	1051720	8	0	12	0	00000000
face_yk00.anm	5	1051732	6	0	20	0	000060c30000004300000000
face_yk00.anm	5	1051752	32	0	28	0	1e00000004000000000040420000004300000000
face_yk00.anm	5	1051780	34	0	20	0	1e00000000000000ff000000
face_yk00.anm	5	1051800	20	30	8	0	
face_yk00.anm	5	1051808	21	30	12	0	02000000
face_yk00.anm	5	1051820	23	60	8	0	
face_yk00.anm	5	1051828	21	60	12	0	03000000
face_yk00.anm	5	1051840	33	60	28	0	0f00000000000000ff000000ff000000ff000000
face_yk00.anm	5	1051868	34	60	20	0	0f00000000000000ff000000
face_yk00.anm	5	1051888	32	60	28	0	0f00000004000000000040420000004300000000
face_yk00.anm	5	1051916	20	75	8	0	
face_yk00.anm	5	1051924	21	75	12	0	04000000
face_yk00.anm	5	1051936	33	75	28	0	0f00000000000000800000008000000080000000
face_yk00.anm	5	1051964	34	75	20	0	0f00000000000000c0000000
face_yk00.anm	5	1051984	32	75	28	0	0f000000040000000000c041000008430ad7233c
face_yk00.anm	5	1052012	20	90	8	0	
face_yk00.anm	5	1052020	21	90	12	0	06000000
face_yk00.anm	5	1052032	33	90	28	0	0f00000000000000800000008000000080000000
face_yk00.anm	5	1052060	20	105	8	0	
face_yk00.anm	5	1052068	21	105	12	0	05000000
face_yk00.anm	5	1052080	34	105	20	0	1e0000000000000000000000
face_yk00.anm	5	1052100	32	105	28	0	1e00000000000000000060c30000104300000000
face_yk00.anm	5	1052128	1	135	8	0	
face_yk00.anm	5	1052136	-1	0	0	0	
face_yk00.anm	6	1183376	3	0	12	0	07000000
face_yk00.anm	6	1183388	22	0	8	0	
face_yk00.anm	6	1183396	6	0	20	0	000060c30000004300000000
face_yk00.anm	6	1183416	8	0	12	0	00000000
face_yk00.anm	6	1183428	23	0	8	0	
face_yk00.anm	6	1183436	21	0	12	0	01000000
face_yk00.anm	6	1183448	8	0	12	0	00000000
face_yk00.anm	6	1183460	6	0	20	0	000060c30000004300000000
face_yk00.anm	6	1183480	32	0	28	0	1e00000004000000000040420000004300000000
face_yk00.anm	6	1183508	34	0	20	0	1e00000000000000ff000000
face_yk00.anm	6	1183528	20	30	8	0	
face_yk00.anm	6	1183536	21	30	12	0	02000000
face_yk00.anm	6	1183548	23	60	8	0	
face_yk00.anm	6	1183556	21	60	12	0	03000000
face_yk00.anm	6	1183568	33	60	28	0	0f00000000000000ff000000ff000000ff000000
face_yk00.anm	6	1183596	34	60	20	0	0f00000000000000ff000000
face_yk00.anm	6	1183616	32	60	28	0	0f00000004000000000040420000004300000000
face_yk00.anm	6	1183644	20	75	8	0	
face_yk00.anm	6	1183652	21	75	12	0	04000000
face_yk00.anm	6	1183664	33	75	28	0	0f00000000000000800000008000000080000000
face_yk00.anm	6	1183692	34	75	20	0	0f00000000000000c0000000
face_yk00.anm	6	1183712	32	75	28	0	0f000000040000000000c041000008430ad7233c
face_yk00.anm	6	1183740	20	90	8	0	
face_yk00.anm	6	1183748	21	90	12	0	06000000
face_yk00.anm	6	1183760	33	90	28	0	0f00000000000000800000008000000080000000
face_yk00.anm	6	1183788	20	105	8	0	
face_yk00.anm	6	1183796	21	105	12	0	05000000
face_yk00.anm	6	1183808	34	105	20	0	1e0000000000000000000000
face_yk00.anm	6	1183828	32	105	28	0	1e00000000000000000060c30000104300000000
face_yk00.anm	6	1183856	1	135	8	0	
face_yk00.anm	6	1183864	-1	0	0	0	
face_yk00.anm	7	1315104	3	0	12	0	08000000
face_yk00.anm	7	1315116	22	0	8	0	
face_yk00.anm	7	1315124	6	0	20	0	000060c30000004300000000
face_yk00.anm	7	1315144	8	0	12	0	00000000
face_yk00.anm	7	1315156	23	0	8	0	
face_yk00.anm	7	1315164	21	0	12	0	01000000
face_yk00.anm	7	1315176	8	0	12	0	00000000
face_yk00.anm	7	1315188	6	0	20	0	000060c30000004300000000
face_yk00.anm	7	1315208	32	0	28	0	1e00000004000000000040420000004300000000
face_yk00.anm	7	1315236	34	0	20	0	1e00000000000000ff000000
face_yk00.anm	7	1315256	20	30	8	0	
face_yk00.anm	7	1315264	21	30	12	0	02000000
face_yk00.anm	7	1315276	23	60	8	0	
face_yk00.anm	7	1315284	21	60	12	0	03000000
face_yk00.anm	7	1315296	33	60	28	0	0f00000000000000ff000000ff000000ff000000
face_yk00.anm	7	1315324	34	60	20	0	0f00000000000000ff000000
face_yk00.anm	7	1315344	32	60	28	0	0f00000004000000000040420000004300000000
face_yk00.anm	7	1315372	20	75	8	0	
face_yk00.anm	7	1315380	21	75	12	0	04000000
face_yk00.anm	7	1315392	33	75	28	0	0f00000000000000800000008000000080000000
face_yk00.anm	7	1315420	34	75	20	0	0f00000000000000c0000000
face_yk00.anm	7	1315440	32	75	28	0	0f000000040000000000c041000008430ad7233c
face_yk00.anm	7	1315468	20	90	8	0	
face_yk00.anm	7	1315476	21	90	12	0	06000000
face_yk00.anm	7	1315488	33	90	28	0	0f00000000000000800000008000000080000000
face_yk00.anm	7	1315516	20	105	8	0	
face_yk00.anm	7	1315524	21	105	12	0	05000000
face_yk00.anm	7	1315536	34	105	20	0	1e0000000000000000000000
face_yk00.anm	7	1315556	32	105	28	0	1e00000000000000000060c30000104300000000
face_yk00.anm	7	1315584	1	135	8	0	
face_yk00.anm	7	1315592	-1	0	0	0	
face_yk00.anm	8	1446832	3	0	12	0	09000000
face_yk00.anm	8	1446844	22	0	8	0	
face_yk00.anm	8	1446852	6	0	20	0	000060c30000004300000000
face_yk00.anm	8	1446872	8	0	12	0	00000000
face_yk00.anm	8	1446884	23	0	8	0	
face_yk00.anm	8	1446892	21	0	12	0	01000000
face_yk00.anm	8	1446904	8	0	12	0	00000000
face_yk00.anm	8	1446916	6	0	20	0	000060c30000004300000000
face_yk00.anm	8	1446936	32	0	28	0	1e00000004000000000040420000004300000000
face_yk00.anm	8	1446964	34	0	20	0	1e00000000000000ff000000
face_yk00.anm	8	1446984	20	30	8	0	
face_yk00.anm	8	1446992	21	30	12	0	02000000
face_yk00.anm	8	1447004	23	60	8	0	
face_yk00.anm	8	1447012	21	60	12	0	03000000
face_yk00.anm	8	1447024	33	60	28	0	0f00000000000000ff000000ff000000ff000000
face_yk00.anm	8	1447052	34	60	20	0	0f00000000000000ff000000
face_yk00.anm	8	1447072	32	60	28	0	0f00000004000000000040420000004300000000
face_yk00.anm	8	1447100	20	75	8	0	
face_yk00.anm	8	1447108	21	75	12	0	04000000
face_yk00.anm	8	1447120	33	75	28	0	0f00000000000000800000008000000080000000
face_yk00.anm	8	1447148	34	75	20	0	0f00000000000000c0000000
face_yk00.anm	8	1447168	32	75	28	0	0f000000040000000000c041000008430ad7233c
face_yk00.anm	8	1447196	20	90	8	0	
face_yk00.anm	8	1447204	21	90	12	0	06000000
face_yk00.anm	8	1447216	33	90	28	0	0f00000000000000800000008000000080000000
face_yk00.anm	8	1447244	20	105	8	0	
face_yk00.anm	8	1447252	21	105	12	0	05000000
face_yk00.anm	8	1447264	34	105	20	0	1e0000000000000000000000
face_yk00.anm	8	1447284	32	105	28	0	1e00000000000000000060c30000104300000000
face_yk00.anm	8	1447312	1	135	8	0	
face_yk00.anm	8	1447320	-1	0	0	0	
face_yksp.anm	0	128	3	0	12	0	00000000
face_yksp.anm	0	140	8	0	12	0	00000000
face_yksp.anm	0	152	22	0	8	0	
face_yksp.anm	0	160	6	0	20	0	000000c20000e0c200000000
face_yksp.anm	0	180	34	0	20	0	1e00000000000000c0000000
face_yksp.anm	0	200	32	0	28	0	b400000000000000000000c20000104300000000
face_yksp.anm	0	228	34	90	20	0	3c0000000000000000000000
face_yksp.anm	0	248	1	150	8	0	
face_yksp.anm	0	256	-1	0	0	0	
face_ym00.anm	0	152	3	0	12	0	00000000
face_ym00.anm	0	164	8	0	12	0	00000000
face_ym00.anm	0	176	22	0	8	0	
face_ym00.anm	0	184	6	0	20	0	000040420000104300000000
face_ym00.anm	0	204	34	0	20	0	1e0000000000000080000000
face_ym00.anm	0	224	32	0	28	0	b400000000000000000040420000e0c200000000
face_ym00.anm	0	252	34	90	20	0	3c0000000000000000000000
face_ym00.anm	0	272	1	150	8	0	
face_ym00.anm	0	280	-1	0	0	0	
face_ym00.anm	1	524720	3	0	12	0	02000000
face_ym00.anm	1	524732	22	0	8	0	
face_ym00.anm	1	524740	6	0	20	0	000060c30000004300000000
face_ym00.anm	1	524760	8	0	12	0	00000000
face_ym00.anm	1	524772	23	0	8	0	
face_ym00.anm	1	524780	21	0	12	0	01000000
face_ym00.anm	1	524792	8	0	12	0	00000000
face_ym00.anm	1	524804	6	0	20	0	000060c30000004300000000
face_ym00.anm	1	524824	32	0	28	0	1e00000004000000000040420000004300000000
face_ym00.anm	1	524852	34	0	20	0	1e00000000000000ff000000
face_ym00.anm	1	524872	20	30	8	0	
face_ym00.anm	1	524880	21	30	12	0	02000000
face_ym00.anm	1	524892	23	60	8	0	
face_ym00.anm	1	524900	21	60	12	0	03000000
face_ym00.anm	1	524912	33	60	28	0	0f00000000000000ff000000ff000000ff000000
face_ym00.anm	1	524940	34	60	20	0	0f00000000000000ff000000
face_ym00.anm	1	524960	32	60	28	0	0f00000004000000000040420000004300000000
face_ym00.anm	1	524988	20	75	8	0	
face_ym00.anm	1	524996	21	75	12	0	04000000
face_ym00.anm	1	525008	33	75	28	0	0f00000000000000800000008000000080000000
face_ym00.anm	1	525036	34	75	20	0	0f00000000000000c0000000
face_ym00.anm	1	525056	32	75	28	0	0f000000040000000000c041000008430ad7233c
face_ym00.anm	1	525084	20	90	8	0	
face_ym00.anm	1	525092	21	90	12	0	06000000
face_ym00.anm	1	525104	33	90	28	0	0f00000000000000800000008000000080000000
face_ym00.anm	1	525132	20	105	8	0	
face_ym00.anm	1	525140	21	105	12	0	05000000
face_ym00.anm	1	525152	34	105	20	0	1e0000000000000000000000
face_ym00.anm	1	525172	32	105	28	0	1e00000000000000000060c30000104300000000
face_ym00.anm	1	525200	1	135	8	0	
face_ym00.anm	1	525208	-1	0	0	0	
face_ym00.anm	2	656432	3	0	12	0	03000000
face_ym00.anm	2	656444	22	0	8	0	
face_ym00.anm	2	656452	6	0	20	0	000060c30000004300000000
face_ym00.anm	2	656472	8	0	12	0	00000000
face_ym00.anm	2	656484	23	0	8	0	
face_ym00.anm	2	656492	21	0	12	0	01000000
face_ym00.anm	2	656504	8	0	12	0	00000000
face_ym00.anm	2	656516	6	0	20	0	000060c30000004300000000
face_ym00.anm	2	656536	32	0	28	0	1e00000004000000000040420000004300000000
face_ym00.anm	2	656564	34	0	20	0	1e00000000000000ff000000
face_ym00.anm	2	656584	20	30	8	0	
face_ym00.anm	2	656592	21	30	12	0	02000000
face_ym00.anm	2	656604	23	60	8	0	
face_ym00.anm	2	656612	21	60	12	0	03000000
face_ym00.anm	2	656624	33	60	28	0	0f00000000000000ff000000ff000000ff000000
face_ym00.anm	2	656652	34	60	20	0	0f00000000000000ff000000
face_ym00.anm	2	656672	32	60	28	0	0f00000004000000000040420000004300000000
face_ym00.anm	2	656700	20	75	8	0	
face_ym00.anm	2	656708	21	75	12	0	04000000
face_ym00.anm	2	656720	33	75	28	0	0f00000000000000800000008000000080000000
face_ym00.anm	2	656748	34	75	20	0	0f00000000000000c0000000
face_ym00.anm	2	656768	32	75	28	0	0f000000040000000000c041000008430ad7233c
face_ym00.anm	2	656796	20	90	8	0	
face_ym00.anm	2	656804	21	90	12	0	06000000
face_ym00.anm	2	656816	33	90	28	0	0f00000000000000800000008000000080000000
face_ym00.anm	2	656844	20	105	8	0	
face_ym00.anm	2	656852	21	105	12	0	05000000
face_ym00.anm	2	656864	34	105	20	0	1e0000000000000000000000
face_ym00.anm	2	656884	32	105	28	0	1e00000000000000000060c30000104300000000
face_ym00.anm	2	656912	1	135	8	0	
face_ym00.anm	2	656920	-1	0	0	0	
face_ym00.anm	3	788144	3	0	12	0	04000000
face_ym00.anm	3	788156	22	0	8	0	
face_ym00.anm	3	788164	6	0	20	0	000060c30000004300000000
face_ym00.anm	3	788184	8	0	12	0	00000000
face_ym00.anm	3	788196	23	0	8	0	
face_ym00.anm	3	788204	21	0	12	0	01000000
face_ym00.anm	3	788216	8	0	12	0	00000000
face_ym00.anm	3	788228	6	0	20	0	000060c30000004300000000
face_ym00.anm	3	788248	32	0	28	0	1e00000004000000000040420000004300000000
face_ym00.anm	3	788276	34	0	20	0	1e00000000000000ff000000
face_ym00.anm	3	788296	20	30	8	0	
face_ym00.anm	3	788304	21	30	12	0	02000000
face_ym00.anm	3	788316	23	60	8	0	
face_ym00.anm	3	788324	21	60	12	0	03000000
face_ym00.anm	3	788336	33	60	28	0	0f00000000000000ff000000ff000000ff000000
face_ym00.anm	3	788364	34	60	20	0	0f00000000000000ff000000
face_ym00.anm	3	788384	32	60	28	0	0f00000004000000000040420000004300000000
face_ym00.anm	3	788412	20	75	8	0	
face_ym00.anm	3	788420	21	75	12	0	04000000
face_ym00.anm	3	788432	33	75	28	0	0f00000000000000800000008000000080000000
face_ym00.anm	3	788460	34	75	20	0	0f00000000000000c0000000
face_ym00.anm	3	788480	32	75	28	0	0f000000040000000000c041000008430ad7233c
face_ym00.anm	3	788508	20	90	8	0	
face_ym00.anm	3	788516	21	90	12	0	06000000
face_ym00.anm	3	788528	33	90	28	0	0f00000000000000800000008000000080000000
face_ym00.anm	3	788556	20	105	8	0	
face_ym00.anm	3	788564	21	105	12	0	05000000
face_ym00.anm	3	788576	34	105	20	0	1e0000000000000000000000
face_ym00.anm	3	788596	32	105	28	0	1e00000000000000000060c30000104300000000
face_ym00.anm	3	788624	1	135	8	0	
face_ym00.anm	3	788632	-1	0	0	0	
face_ym00.anm	4	919856	3	0	12	0	05000000
face_ym00.anm	4	919868	22	0	8	0	
face_ym00.anm	4	919876	6	0	20	0	000060c30000004300000000
face_ym00.anm	4	919896	8	0	12	0	00000000
face_ym00.anm	4	919908	23	0	8	0	
face_ym00.anm	4	919916	21	0	12	0	01000000
face_ym00.anm	4	919928	8	0	12	0	00000000
face_ym00.anm	4	919940	6	0	20	0	000060c30000004300000000
face_ym00.anm	4	919960	32	0	28	0	1e00000004000000000040420000004300000000
face_ym00.anm	4	919988	34	0	20	0	1e00000000000000ff000000
face_ym00.anm	4	920008	20	30	8	0	
face_ym00.anm	4	920016	21	30	12	0	02000000
face_ym00.anm	4	920028	23	60	8	0	
face_ym00.anm	4	920036	21	60	12	0	03000000
face_ym00.anm	4	920048	33	60	28	0	0f00000000000000ff000000ff000000ff000000
face_ym00.anm	4	920076	34	60	20	0	0f00000000000000ff000000
face_ym00.anm	4	920096	32	60	28	0	0f00000004000000000040420000004300000000
face_ym00.anm	4	920124	20	75	8	0	
face_ym00.anm	4	920132	21	75	12	0	04000000
face_ym00.anm	4	920144	33	75	28	0	0f00000000000000800000008000000080000000
face_ym00.anm	4	920172	34	75	20	0	0f00000000000000c0000000
face_ym00.anm	4	920192	32	75	28	0	0f000000040000000000c041000008430ad7233c
face_ym00.anm	4	920220	20	90	8	0	
face_ym00.anm	4	920228	21	90	12	0	06000000
face_ym00.anm	4	920240	33	90	28	0	0f00000000000000800000008000000080000000
face_ym00.anm	4	920268	20	105	8	0	
face_ym00.anm	4	920276	21	105	12	0	05000000
face_ym00.anm	4	920288	34	105	20	0	1e0000000000000000000000
face_ym00.anm	4	920308	32	105	28	0	1e00000000000000000060c30000104300000000
face_ym00.anm	4	920336	1	135	8	0	
face_ym00.anm	4	920344	-1	0	0	0	
face_ym00.anm	5	1051568	3	0	12	0	06000000
face_ym00.anm	5	1051580	22	0	8	0	
face_ym00.anm	5	1051588	6	0	20	0	000060c30000004300000000
face_ym00.anm	5	1051608	8	0	12	0	00000000
face_ym00.anm	5	1051620	23	0	8	0	
face_ym00.anm	5	1051628	21	0	12	0	01000000
face_ym00.anm	5	1051640	8	0	12	0	00000000
face_ym00.anm	5	1051652	6	0	20	0	000060c30000004300000000
face_ym00.anm	5	1051672	32	0	28	0	1e00000004000000000040420000004300000000
face_ym00.anm	5	1051700	34	0	20	0	1e00000000000000ff000000
face_ym00.anm	5	1051720	20	30	8	0	
face_ym00.anm	5	1051728	21	30	12	0	02000000
face_ym00.anm	5	1051740	23	60	8	0	
face_ym00.anm	5	1051748	21	60	12	0	03000000
face_ym00.anm	5	1051760	33	60	28	0	0f00000000000000ff000000ff000000ff000000
face_ym00.anm	5	1051788	34	60	20	0	0f00000000000000ff000000
face_ym00.anm	5	1051808	32	60	28	0	0f00000004000000000040420000004300000000
face_ym00.anm	5	1051836	20	75	8	0	
face_ym00.anm	5	1051844	21	75	12	0	04000000
face_ym00.anm	5	1051856	33	75	28	0	0f00000000000000800000008000000080000000
face_ym00.anm	5	1051884	34	75	20	0	0f00000000000000c0000000
face_ym00.anm	5	1051904	32	75	28	0	0f000000040000000000c041000008430ad7233c
face_ym00.anm	5	1051932	20	90	8	0	
face_ym00.anm	5	1051940	21	90	12	0	06000000
face_ym00.anm	5	1051952	33	90	28	0	0f00000000000000800000008000000080000000
face_ym00.anm	5	1051980	20	105	8	0	
face_ym00.anm	5	1051988	21	105	12	0	05000000
face_ym00.anm	5	1052000	34	105	20	0	1e0000000000000000000000
face_ym00.anm	5	1052020	32	105	28	0	1e00000000000000000060c30000104300000000
face_ym00.anm	5	1052048	1	135	8	0	
face_ym00.anm	5	1052056	-1	0	0	0	
face_ym00.anm	6	1183280	3	0	12	0	07000000
face_ym00.anm	6	1183292	22	0	8	0	
face_ym00.anm	6	1183300	6	0	20	0	000060c30000004300000000
face_ym00.anm	6	1183320	8	0	12	0	00000000
face_ym00.anm	6	1183332	23	0	8	0	
face_ym00.anm	6	1183340	21	0	12	0	01000000
face_ym00.anm	6	1183352	8	0	12	0	00000000
face_ym00.anm	6	1183364	6	0	20	0	000060c30000004300000000
face_ym00.anm	6	1183384	32	0	28	0	1e00000004000000000040420000004300000000
face_ym00.anm	6	1183412	34	0	20	0	1e00000000000000ff000000
face_ym00.anm	6	1183432	20	30	8	0	
face_ym00.anm	6	1183440	21	30	12	0	02000000
face_ym00.anm	6	1183452	23	60	8	0	
face_ym00.anm	6	1183460	21	60	12	0	03000000
face_ym00.anm	6	1183472	33	60	28	0	0f00000000000000ff000000ff000000ff000000
face_ym00.anm	6	1183500	34	60	20	0	0f00000000000000ff000000
face_ym00.anm	6	1183520	32	60	28	0	0f00000004000000000040420000004300000000
face_ym00.anm	6	1183548	20	75	8	0	
face_ym00.anm	6	1183556	21	75	12	0	04000000
face_ym00.anm	6	1183568	33	75	28	0	0f00000000000000800000008000000080000000
face_ym00.anm	6	1183596	34	75	20	0	0f00000000000000c0000000
face_ym00.anm	6	1183616	32	75	28	0	0f000000040000000000c041000008430ad7233c
face_ym00.anm	6	1183644	20	90	8	0	
face_ym00.anm	6	1183652	21	90	12	0	06000000
face_ym00.anm	6	1183664	33	90	28	0	0f00000000000000800000008000000080000000
face_ym00.anm	6	1183692	20	105	8	0	
face_ym00.anm	6	1183700	21	105	12	0	05000000
face_ym00.anm	6	1183712	34	105	20	0	1e0000000000000000000000
face_ym00.anm	6	1183732	32	105	28	0	1e00000000000000000060c30000104300000000
face_ym00.anm	6	1183760	1	135	8	0	
face_ym00.anm	6	1183768	-1	0	0	0	
face_ym00.anm	7	1314992	3	0	12	0	08000000
face_ym00.anm	7	1315004	22	0	8	0	
face_ym00.anm	7	1315012	6	0	20	0	000060c30000004300000000
face_ym00.anm	7	1315032	8	0	12	0	00000000
face_ym00.anm	7	1315044	23	0	8	0	
face_ym00.anm	7	1315052	21	0	12	0	01000000
face_ym00.anm	7	1315064	8	0	12	0	00000000
face_ym00.anm	7	1315076	6	0	20	0	000060c30000004300000000
face_ym00.anm	7	1315096	32	0	28	0	1e00000004000000000040420000004300000000
face_ym00.anm	7	1315124	34	0	20	0	1e00000000000000ff000000
face_ym00.anm	7	1315144	20	30	8	0	
face_ym00.anm	7	1315152	21	30	12	0	02000000
face_ym00.anm	7	1315164	23	60	8	0	
face_ym00.anm	7	1315172	21	60	12	0	03000000
face_ym00.anm	7	1315184	33	60	28	0	0f00000000000000ff000000ff000000ff000000
face_ym00.anm	7	1315212	34	60	20	0	0f00000000000000ff000000
face_ym00.anm	7	1315232	32	60	28	0	0f00000004000000000040420000004300000000
face_ym00.anm	7	1315260	20	75	8	0	
face_ym00.anm	7	1315268	21	75	12	0	04000000
face_ym00.anm	7	1315280	33	75	28	0	0f00000000000000800000008000000080000000
face_ym00.anm	7	1315308	34	75	20	0	0f00000000000000c0000000
face_ym00.anm	7	1315328	32	75	28	0	0f000000040000000000c041000008430ad7233c
face_ym00.anm	7	1315356	20	90	8	0	
face_ym00.anm	7	1315364	21	90	12	0	06000000
face_ym00.anm	7	1315376	33	90	28	0	0f00000000000000800000008000000080000000
face_ym00.anm	7	1315404	20	105	8	0	
face_ym00.anm	7	1315412	21	105	12	0	05000000
face_ym00.anm	7	1315424	34	105	20	0	1e0000000000000000000000
face_ym00.anm	7	1315444	32	105	28	0	1e00000000000000000060c30000104300000000
face_ym00.anm	7	1315472	1	135	8	0	
face_ym00.anm	7	1315480	-1	0	0	0	
face_ym00.anm	8	1446704	3	0	12	0	09000000
face_ym00.anm	8	1446716	22	0	8	0	
face_ym00.anm	8	1446724	6	0	20	0	000060c30000004300000000
face_ym00.anm	8	1446744	8	0	12	0	00000000
face_ym00.anm	8	1446756	23	0	8	0	
face_ym00.anm	8	1446764	21	0	12	0	01000000
face_ym00.anm	8	1446776	8	0	12	0	00000000
face_ym00.anm	8	1446788	6	0	20	0	000060c30000004300000000
face_ym00.anm	8	1446808	32	0	28	0	1e00000004000000000040420000004300000000
face_ym00.anm	8	1446836	34	0	20	0	1e00000000000000ff000000
face_ym00.anm	8	1446856	20	30	8	0	
face_ym00.anm	8	1446864	21	30	12	0	02000000
face_ym00.anm	8	1446876	23	60	8	0	
face_ym00.anm	8	1446884	21	60	12	0	03000000
face_ym00.anm	8	1446896	33	60	28	0	0f00000000000000ff000000ff000000ff000000
face_ym00.anm	8	1446924	34	60	20	0	0f00000000000000ff000000
face_ym00.anm	8	1446944	32	60	28	0	0f00000004000000000040420000004300000000
face_ym00.anm	8	1446972	20	75	8	0	
face_ym00.anm	8	1446980	21	75	12	0	04000000
face_ym00.anm	8	1446992	33	75	28	0	0f00000000000000800000008000000080000000
face_ym00.anm	8	1447020	34	75	20	0	0f00000000000000c0000000
face_ym00.anm	8	1447040	32	75	28	0	0f000000040000000000c041000008430ad7233c
face_ym00.anm	8	1447068	20	90	8	0	
face_ym00.anm	8	1447076	21	90	12	0	06000000
face_ym00.anm	8	1447088	33	90	28	0	0f00000000000000800000008000000080000000
face_ym00.anm	8	1447116	20	105	8	0	
face_ym00.anm	8	1447124	21	105	12	0	05000000
face_ym00.anm	8	1447136	34	105	20	0	1e0000000000000000000000
face_ym00.anm	8	1447156	32	105	28	0	1e00000000000000000060c30000104300000000
face_ym00.anm	8	1447184	1	135	8	0	
face_ym00.anm	8	1447192	-1	0	0	0	
face_ymsp.anm	0	128	3	0	12	0	00000000
face_ymsp.anm	0	140	8	0	12	0	00000000
face_ymsp.anm	0	152	22	0	8	0	
face_ymsp.anm	0	160	6	0	20	0	000020430000e0c200000000
face_ymsp.anm	0	180	34	0	20	0	1e00000000000000c0000000
face_ymsp.anm	0	200	32	0	28	0	b400000000000000000020430000104300000000
face_ymsp.anm	0	228	34	90	20	0	3c0000000000000000000000
face_ymsp.anm	0	248	1	150	8	0	
face_ymsp.anm	0	256	-1	0	0	0	
face_yy00.anm	0	152	3	0	12	0	00000000
face_yy00.anm	0	164	8	0	12	0	00000000
face_yy00.anm	0	176	22	0	8	0	
face_yy00.anm	0	184	6	0	20	0	000040420000104300000000
face_yy00.anm	0	204	34	0	20	0	1e0000000000000080000000
face_yy00.anm	0	224	32	0	28	0	b400000000000000000040420000e0c200000000
face_yy00.anm	0	252	34	90	20	0	3c0000000000000000000000
face_yy00.anm	0	272	1	150	8	0	
face_yy00.anm	0	280	-1	0	0	0	
face_yy00.anm	1	524736	3	0	12	0	02000000
face_yy00.anm	1	524748	22	0	8	0	
face_yy00.anm	1	524756	6	0	20	0	000060c30000004300000000
face_yy00.anm	1	524776	8	0	12	0	00000000
face_yy00.anm	1	524788	23	0	8	0	
face_yy00.anm	1	524796	21	0	12	0	01000000
face_yy00.anm	1	524808	8	0	12	0	00000000
face_yy00.anm	1	524820	6	0	20	0	000060c30000004300000000
face_yy00.anm	1	524840	32	0	28	0	1e00000004000000000040420000004300000000
face_yy00.anm	1	524868	34	0	20	0	1e00000000000000ff000000
face_yy00.anm	1	524888	20	30	8	0	
face_yy00.anm	1	524896	21	30	12	0	02000000
face_yy00.anm	1	524908	23	60	8	0	
face_yy00.anm	1	524916	21	60	12	0	03000000
face_yy00.anm	1	524928	33	60	28	0	0f00000000000000ff000000ff000000ff000000
face_yy00.anm	1	524956	34	60	20	0	0f00000000000000ff000000
face_yy00.anm	1	524976	32	60	28	0	0f00000004000000000040420000004300000000
face_yy00.anm	1	525004	20	75	8	0	
face_yy00.anm	1	525012	21	75	12	0	04000000
face_yy00.anm	1	525024	33	75	28	0	0f00000000000000800000008000000080000000
face_yy00.anm	1	525052	34	75	20	0	0f00000000000000c0000000
face_yy00.anm	1	525072	32	75	28	0	0f000000040000000000c041000008430ad7233c
face_yy00.anm	1	525100	20	90	8	0	
face_yy00.anm	1	525108	21	90	12	0	06000000
face_yy00.anm	1	525120	33	90	28	0	0f00000000000000800000008000000080000000
face_yy00.anm	1	525148	20	105	8	0	
face_yy00.anm	1	525156	21	105	12	0	05000000
face_yy00.anm	1	525168	34	105	20	0	1e0000000000000000000000
face_yy00.anm	1	525188	32	105	28	0	1e00000000000000000060c30000104300000000
face_yy00.anm	1	525216	1	135	8	0	
face_yy00.anm	1	525224	-1	0	0	0	
face_yy00.anm	2	656464	3	0	12	0	03000000
face_yy00.anm	2	656476	22	0	8	0	
face_yy00.anm	2	656484	6	0	20	0	000060c30000004300000000
face_yy00.anm	2	656504	8	0	12	0	00000000
face_yy00.anm	2	656516	23	0	8	0	
face_yy00.anm	2	656524	21	0	12	0	01000000
face_yy00.anm	2	656536	8	0	12	0	00000000
face_yy00.anm	2	656548	6	0	20	0	000060c30000004300000000
face_yy00.anm	2	656568	32	0	28	0	1e00000004000000000040420000004300000000
face_yy00.anm	2	656596	34	0	20	0	1e00000000000000ff000000
face_yy00.anm	2	656616	20	30	8	0	
face_yy00.anm	2	656624	21	30	12	0	02000000
face_yy00.anm	2	656636	23	60	8	0	
face_yy00.anm	2	656644	21	60	12	0	03000000
face_yy00.anm	2	656656	33	60	28	0	0f00000000000000ff000000ff000000ff000000
face_yy00.anm	2	656684	34	60	20	0	0f00000000000000ff000000
face_yy00.anm	2	656704	32	60	28	0	0f00000004000000000040420000004300000000
face_yy00.anm	2	656732	20	75	8	0	
face_yy00.anm	2	656740	21	75	12	0	04000000
face_yy00.anm	2	656752	33	75	28	0	0f00000000000000800000008000000080000000
face_yy00.anm	2	656780	34	75	20	0	0f00000000000000c0000000
face_yy00.anm	2	656800	32	75	28	0	0f000000040000000000c041000008430ad7233c
face_yy00.anm	2	656828	20	90	8	0	
face_yy00.anm	2	656836	21	90	12	0	06000000
face_yy00.anm	2	656848	33	90	28	0	0f00000000000000800000008000000080000000
face_yy00.anm	2	656876	20	105	8	0	
face_yy00.anm	2	656884	21	105	12	0	05000000
face_yy00.anm	2	656896	34	105	20	0	1e0000000000000000000000
face_yy00.anm	2	656916	32	105	28	0	1e00000000000000000060c30000104300000000
face_yy00.anm	2	656944	1	135	8	0	
face_yy00.anm	2	656952	-1	0	0	0	
face_yy00.anm	3	788192	3	0	12	0	04000000
face_yy00.anm	3	788204	22	0	8	0	
face_yy00.anm	3	788212	6	0	20	0	000060c30000004300000000
face_yy00.anm	3	788232	8	0	12	0	00000000
face_yy00.anm	3	788244	23	0	8	0	
face_yy00.anm	3	788252	21	0	12	0	01000000
face_yy00.anm	3	788264	8	0	12	0	00000000
face_yy00.anm	3	788276	6	0	20	0	000060c30000004300000000
face_yy00.anm	3	788296	32	0	28	0	1e00000004000000000040420000004300000000
face_yy00.anm	3	788324	34	0	20	0	1e00000000000000ff000000
face_yy00.anm	3	788344	20	30	8	0	
face_yy00.anm	3	788352	21	30	12	0	02000000
face_yy00.anm	3	788364	23	60	8	0	
face_yy00.anm	3	788372	21	60	12	0	03000000
face_yy00.anm	3	788384	33	60	28	0	0f00000000000000ff000000ff000000ff000000
face_yy00.anm	3	788412	34	60	20	0	0f00000000000000ff000000
face_yy00.anm	3	788432	32	60	28	0	0f00000004000000000040420000004300000000
face_yy00.anm	3	788460	20	75	8	0	
face_yy00.anm	3	788468	21	75	12	0	04000000
face_yy00.anm	3	788480	33	75	28	0	0f00000000000000800000008000000080000000
face_yy00.anm	3	788508	34	75	20	0	0f00000000000000c0000000
face_yy00.anm	3	788528	32	75	28	0	0f000000040000000000c041000008430ad7233c
face_yy00.anm	3	788556	20	90	8	0	
face_yy00.anm	3	788564	21	90	12	0	06000000
face_yy00.anm	3	788576	33	90	28	0	0f00000000000000800000008000000080000000
face_yy00.anm	3	788604	20	105	8	0	
face_yy00.anm	3	788612	21	105	12	0	05000000
face_yy00.anm	3	788624	34	105	20	0	1e0000000000000000000000
face_yy00.anm	3	788644	32	105	28	0	1e00000000000000000060c30000104300000000
face_yy00.anm	3	788672	1	135	8	0	
face_yy00.anm	3	788680	-1	0	0	0	
face_yy00.anm	4	919920	3	0	12	0	05000000
face_yy00.anm	4	919932	22	0	8	0	
face_yy00.anm	4	919940	6	0	20	0	000060c30000004300000000
face_yy00.anm	4	919960	8	0	12	0	00000000
face_yy00.anm	4	919972	23	0	8	0	
face_yy00.anm	4	919980	21	0	12	0	01000000
face_yy00.anm	4	919992	8	0	12	0	00000000
face_yy00.anm	4	920004	6	0	20	0	000060c30000004300000000
face_yy00.anm	4	920024	32	0	28	0	1e00000004000000000040420000004300000000
face_yy00.anm	4	920052	34	0	20	0	1e00000000000000ff000000
face_yy00.anm	4	920072	20	30	8	0	
face_yy00.anm	4	920080	21	30	12	0	02000000
face_yy00.anm	4	920092	23	60	8	0	
face_yy00.anm	4	920100	21	60	12	0	03000000
face_yy00.anm	4	920112	33	60	28	0	0f00000000000000ff000000ff000000ff000000
face_yy00.anm	4	920140	34	60	20	0	0f00000000000000ff000000
face_yy00.anm	4	920160	32	60	28	0	0f00000004000000000040420000004300000000
face_yy00.anm	4	920188	20	75	8	0	
face_yy00.anm	4	920196	21	75	12	0	04000000
face_yy00.anm	4	920208	33	75	28	0	0f00000000000000800000008000000080000000
face_yy00.anm	4	920236	34	75	20	0	0f00000000000000c0000000
face_yy00.anm	4	920256	32	75	28	0	0f000000040000000000c041000008430ad7233c
face_yy00.anm	4	920284	20	90	8	0	
face_yy00.anm	4	920292	21	90	12	0	06000000
face_yy00.anm	4	920304	33	90	28	0	0f00000000000000800000008000000080000000
face_yy00.anm	4	920332	20	105	8	0	
face_yy00.anm	4	920340	21	105	12	0	05000000
face_yy00.anm	4	920352	34	105	20	0	1e0000000000000000000000
face_yy00.anm	4	920372	32	105	28	0	1e00000000000000000060c30000104300000000
face_yy00.anm	4	920400	1	135	8	0	
face_yy00.anm	4	920408	-1	0	0	0	
face_yy00.anm	5	1051648	3	0	12	0	06000000
face_yy00.anm	5	1051660	22	0	8	0	
face_yy00.anm	5	1051668	6	0	20	0	000060c30000004300000000
face_yy00.anm	5	1051688	8	0	12	0	00000000
face_yy00.anm	5	1051700	23	0	8	0	
face_yy00.anm	5	1051708	21	0	12	0	01000000
face_yy00.anm	5	1051720	8	0	12	0	00000000
face_yy00.anm	5	1051732	6	0	20	0	000060c30000004300000000
face_yy00.anm	5	1051752	32	0	28	0	1e00000004000000000040420000004300000000
face_yy00.anm	5	1051780	34	0	20	0	1e00000000000000ff000000
face_yy00.anm	5	1051800	20	30	8	0	
face_yy00.anm	5	1051808	21	30	12	0	02000000
face_yy00.anm	5	1051820	23	60	8	0	
face_yy00.anm	5	1051828	21	60	12	0	03000000
face_yy00.anm	5	1051840	33	60	28	0	0f00000000000000ff000000ff000000ff000000
face_yy00.anm	5	1051868	34	60	20	0	0f00000000000000ff000000
face_yy00.anm	5	1051888	32	60	28	0	0f00000004000000000040420000004300000000
face_yy00.anm	5	1051916	20	75	8	0	
face_yy00.anm	5	1051924	21	75	12	0	04000000
face_yy00.anm	5	1051936	33	75	28	0	0f00000000000000800000008000000080000000
face_yy00.anm	5	1051964	34	75	20	0	0f00000000000000c0000000
face_yy00.anm	5	1051984	32	75	28	0	0f000000040000000000c041000008430ad7233c
face_yy00.anm	5	1052012	20	90	8	0	
face_yy00.anm	5	1052020	21	90	12	0	06000000
face_yy00.anm	5	1052032	33	90	28	0	0f00000000000000800000008000000080000000
face_yy00.anm	5	1052060	20	105	8	0	
face_yy00.anm	5	1052068	21	105	12	0	05000000
face_yy00.anm	5	1052080	34	105	20	0	1e0000000000000000000000
face_yy00.anm	5	1052100	32	105	28	0	1e00000000000000000060c30000104300000000
face_yy00.anm	5	1052128	1	135	8	0	
face_yy00.anm	5	1052136	-1	0	0	0	
face_yy00.anm	6	1183376	3	0	12	0	07000000
face_yy00.anm	6	1183388	22	0	8	0	
face_yy00.anm	6	1183396	6	0	20	0	000060c30000004300000000
face_yy00.anm	6	1183416	8	0	12	0	00000000
face_yy00.anm	6	1183428	23	0	8	0	
face_yy00.anm	6	1183436	21	0	12	0	01000000
face_yy00.anm	6	1183448	8	0	12	0	00000000
face_yy00.anm	6	1183460	6	0	20	0	000060c30000004300000000
face_yy00.anm	6	1183480	32	0	28	0	1e00000004000000000040420000004300000000
face_yy00.anm	6	1183508	34	0	20	0	1e00000000000000ff000000
face_yy00.anm	6	1183528	20	30	8	0	
face_yy00.anm	6	1183536	21	30	12	0	02000000
face_yy00.anm	6	1183548	23	60	8	0	
face_yy00.anm	6	1183556	21	60	12	0	03000000
face_yy00.anm	6	1183568	33	60	28	0	0f00000000000000ff000000ff000000ff000000
face_yy00.anm	6	1183596	34	60	20	0	0f00000000000000ff000000
face_yy00.anm	6	1183616	32	60	28	0	0f00000004000000000040420000004300000000
face_yy00.anm	6	1183644	20	75	8	0	
face_yy00.anm	6	1183652	21	75	12	0	04000000
face_yy00.anm	6	1183664	33	75	28	0	0f00000000000000800000008000000080000000
face_yy00.anm	6	1183692	34	75	20	0	0f00000000000000c0000000
face_yy00.anm	6	1183712	32	75	28	0	0f000000040000000000c041000008430ad7233c
face_yy00.anm	6	1183740	20	90	8	0	
face_yy00.anm	6	1183748	21	90	12	0	06000000
face_yy00.anm	6	1183760	33	90	28	0	0f00000000000000800000008000000080000000
face_yy00.anm	6	1183788	20	105	8	0	
face_yy00.anm	6	1183796	21	105	12	0	05000000
face_yy00.anm	6	1183808	34	105	20	0	1e0000000000000000000000
face_yy00.anm	6	1183828	32	105	28	0	1e00000000000000000060c30000104300000000
face_yy00.anm	6	1183856	1	135	8	0	
face_yy00.anm	6	1183864	-1	0	0	0	
face_yy00.anm	7	1315104	3	0	12	0	08000000
face_yy00.anm	7	1315116	22	0	8	0	
face_yy00.anm	7	1315124	6	0	20	0	000060c30000004300000000
face_yy00.anm	7	1315144	8	0	12	0	00000000
face_yy00.anm	7	1315156	23	0	8	0	
face_yy00.anm	7	1315164	21	0	12	0	01000000
face_yy00.anm	7	1315176	8	0	12	0	00000000
face_yy00.anm	7	1315188	6	0	20	0	000060c30000004300000000
face_yy00.anm	7	1315208	32	0	28	0	1e00000004000000000040420000004300000000
face_yy00.anm	7	1315236	34	0	20	0	1e00000000000000ff000000
face_yy00.anm	7	1315256	20	30	8	0	
face_yy00.anm	7	1315264	21	30	12	0	02000000
face_yy00.anm	7	1315276	23	60	8	0	
face_yy00.anm	7	1315284	21	60	12	0	03000000
face_yy00.anm	7	1315296	33	60	28	0	0f00000000000000ff000000ff000000ff000000
face_yy00.anm	7	1315324	34	60	20	0	0f00000000000000ff000000
face_yy00.anm	7	1315344	32	60	28	0	0f00000004000000000040420000004300000000
face_yy00.anm	7	1315372	20	75	8	0	
face_yy00.anm	7	1315380	21	75	12	0	04000000
face_yy00.anm	7	1315392	33	75	28	0	0f00000000000000800000008000000080000000
face_yy00.anm	7	1315420	34	75	20	0	0f00000000000000c0000000
face_yy00.anm	7	1315440	32	75	28	0	0f000000040000000000c041000008430ad7233c
face_yy00.anm	7	1315468	20	90	8	0	
face_yy00.anm	7	1315476	21	90	12	0	06000000
face_yy00.anm	7	1315488	33	90	28	0	0f00000000000000800000008000000080000000
face_yy00.anm	7	1315516	20	105	8	0	
face_yy00.anm	7	1315524	21	105	12	0	05000000
face_yy00.anm	7	1315536	34	105	20	0	1e0000000000000000000000
face_yy00.anm	7	1315556	32	105	28	0	1e00000000000000000060c30000104300000000
face_yy00.anm	7	1315584	1	135	8	0	
face_yy00.anm	7	1315592	-1	0	0	0	
face_yy00.anm	8	1446832	3	0	12	0	09000000
face_yy00.anm	8	1446844	22	0	8	0	
face_yy00.anm	8	1446852	6	0	20	0	000060c30000004300000000
face_yy00.anm	8	1446872	8	0	12	0	00000000
face_yy00.anm	8	1446884	23	0	8	0	
face_yy00.anm	8	1446892	21	0	12	0	01000000
face_yy00.anm	8	1446904	8	0	12	0	00000000
face_yy00.anm	8	1446916	6	0	20	0	000060c30000004300000000
face_yy00.anm	8	1446936	32	0	28	0	1e00000004000000000040420000004300000000
face_yy00.anm	8	1446964	34	0	20	0	1e00000000000000ff000000
face_yy00.anm	8	1446984	20	30	8	0	
face_yy00.anm	8	1446992	21	30	12	0	02000000
face_yy00.anm	8	1447004	23	60	8	0	
face_yy00.anm	8	1447012	21	60	12	0	03000000
face_yy00.anm	8	1447024	33	60	28	0	0f00000000000000ff000000ff000000ff000000
face_yy00.anm	8	1447052	34	60	20	0	0f00000000000000ff000000
face_yy00.anm	8	1447072	32	60	28	0	0f00000004000000000040420000004300000000
face_yy00.anm	8	1447100	20	75	8	0	
face_yy00.anm	8	1447108	21	75	12	0	04000000
face_yy00.anm	8	1447120	33	75	28	0	0f00000000000000800000008000000080000000
face_yy00.anm	8	1447148	34	75	20	0	0f00000000000000c0000000
face_yy00.anm	8	1447168	32	75	28	0	0f000000040000000000c041000008430ad7233c
face_yy00.anm	8	1447196	20	90	8	0	
face_yy00.anm	8	1447204	21	90	12	0	06000000
face_yy00.anm	8	1447216	33	90	28	0	0f00000000000000800000008000000080000000
face_yy00.anm	8	1447244	20	105	8	0	
face_yy00.anm	8	1447252	21	105	12	0	05000000
face_yy00.anm	8	1447264	34	105	20	0	1e0000000000000000000000
face_yy00.anm	8	1447284	32	105	28	0	1e00000000000000000060c30000104300000000
face_yy00.anm	8	1447312	1	135	8	0	
face_yy00.anm	8	1447320	-1	0	0	0	
face_yysp.anm	0	128	3	0	12	0	00000000
face_yysp.anm	0	140	8	0	12	0	00000000
face_yysp.anm	0	152	22	0	8	0	
face_yysp.anm	0	160	6	0	20	0	000020430000e0c200000000
face_yysp.anm	0	180	34	0	20	0	1e00000000000000c0000000
face_yysp.anm	0	200	32	0	28	0	b400000000000000000020430000104300000000
face_yysp.anm	0	228	34	90	20	0	3c0000000000000000000000
face_yysp.anm	0	248	1	150	8	0	
face_yysp.anm	0	256	-1	0	0	0	
front.anm	0	608	3	0	12	0	00000000
front.anm	0	620	22	0	8	0	
front.anm	0	628	30	0	12	0	01000000
front.anm	0	640	8	0	12	0	00000000
front.anm	0	652	34	0	20	0	b400000000000000ff000000
front.anm	0	672	6	0	20	0	0000f0430000504300000000
front.anm	0	692	2	180	8	0	
front.anm	0	700	-1	0	0	0	
front.anm	1	708	3	0	12	0	01000000
front.anm	1	720	30	0	12	0	01000000
front.anm	1	732	8	0	12	0	00000000
front.anm	1	744	7	60	16	0	0000c03f0000c03f
front.anm	1	760	36	60	24	0	78000000000000000000803f0000803f
front.anm	1	784	34	60	20	0	7800000000000000ff000000
front.anm	1	804	6	60	20	0	000000440000d04300000000
front.anm	1	824	2	180	8	0	
front.anm	1	832	-1	0	0	0	
front.anm	2	840	3	0	12	0	02000000
front.anm	2	852	22	0	8	0	
front.anm	2	860	30	0	12	0	01000000
front.anm	2	872	8	0	12	0	00000000
front.anm	2	884	6	0	20	0	0000d0430000204200000000
front.anm	2	904	15	0	16	0	ff00000010000000
front.anm	2	920	32	0	28	0	3c000000000000000000d8430000204200000000
front.anm	2	948	2	60	8	0	
front.anm	2	956	-1	0	0	0	
front.anm	3	964	3	0	12	0	03000000
front.anm	3	976	22	0	8	0	
front.anm	3	984	30	0	12	0	01000000
front.anm	3	996	8	0	12	0	00000000
front.anm	3	1008	6	0	20	0	0000e0430000604200000000
front.anm	3	1028	15	8	16	0	ff00000010000000
front.anm	3	1044	32	8	28	0	3c000000000000000000d8430000604200000000
front.anm	3	1072	2	68	8	0	
front.anm	3	1080	-1	0	0	0	
front.anm	4	1088	3	0	12	0	04000000
front.anm	4	1100	22	0	8	0	
front.anm	4	1108	30	0	12	0	01000000
front.anm	4	1120	8	0	12	0	00000000
front.anm	4	1132	6	0	20	0	0000d8430000d04200000000
front.anm	4	1152	15	16	16	0	ff00000010000000
front.anm	4	1168	32	16	28	0	3c000000000000000000d8430000b04200000000
front.anm	4	1196	2	76	8	0	
front.anm	4	1204	-1	0	0	0	
front.anm	5	1212	3	0	12	0	05000000
front.anm	5	1224	22	0	8	0	
front.anm	5	1232	30	0	12	0	01000000
front.anm	5	1244	8	0	12	0	00000000
front.anm	5	1256	6	0	20	0	0000e8430000d04200000000
front.anm	5	1276	15	24	16	0	ff00000010000000
front.anm	5	1292	32	24	28	0	3c000000000000000000d8430000d04200000000
front.anm	5	1320	2	84	8	0	
front.anm	5	1328	-1	0	0	0	
front.anm	6	1336	3	0	12	0	06000000
front.anm	6	1348	22	0	8	0	
front.anm	6	1356	30	0	12	0	01000000
front.anm	6	1368	8	0	12	0	00000000
front.anm	6	1380	6	0	20	0	0000d4430000084300000000
front.anm	6	1400	15	32	16	0	ff00000010000000
front.anm	6	1416	32	32	28	0	3c000000000000000000d8430000084300000000
front.anm	6	1444	2	92	8	0	
front.anm	6	1452	-1	0	0	0	
front.anm	7	1460	3	0	12	0	07000000
front.anm	7	1472	22	0	8	0	
front.anm	7	1480	30	0	12	0	01000000
front.anm	7	1492	8	0	12	0	00000000
front.anm	7	1504	6	0	20	0	0000d8430000084300000000
front.anm	7	1524	15	40	16	0	ff00000010000000
front.anm	7	1540	32	40	28	0	3c000000000000000000d8430000184300000000
front.anm	7	1568	2	100	8	0	
front.anm	7	1576	-1	0	0	0	
front.anm	8	1584	3	0	12	0	08000000
front.anm	8	1596	22	0	8	0	
front.anm	8	1604	30	0	12	0	01000000
front.anm	8	1616	8	0	12	0	00000000
front.anm	8	1628	6	0	20	0	0000e0430000284300000000
front.anm	8	1648	15	48	16	0	ff00000010000000
front.anm	8	1664	32	48	28	0	3c000000000000000000d8430000284300000000
front.anm	8	1692	2	108	8	0	
front.anm	8	1700	-1	0	0	0	
front.anm	9	1708	3	0	12	0	09000000
front.anm	9	1720	22	0	8	0	
front.anm	9	1728	30	0	12	0	01000000
front.anm	9	1740	8	0	12	0	00000000
front.anm	9	1752	6	0	20	0	0000d0430000384300000000
front.anm	9	1772	15	56	16	0	ff00000010000000
front.anm	9	1788	32	56	28	0	3c000000000000000000d8430000384300000000
front.anm	9	1816	2	116	8	0	
front.anm	9	1824	-1	0	0	0	
front.anm	10	1832	3	0	12	0	0b000000
front.anm	10	1844	22	0	8	0	
front.anm	10	1852	2	0	8	0	
front.anm	10	1860	-1	0	0	0	
front.anm	11	1868	3	0	12	0	0c000000
front.anm	11	1880	22	0	8	0	
front.anm	11	1888	2	0	8	0	
front.anm	11	1896	-1	0	0	0	
front.anm	12	1904	3	0	12	0	0a000000
front.anm	12	1916	22	0	8	0	
front.anm	12	1924	30	0	12	0	01000000
front.anm	12	1936	8	0	12	0	00000000
front.anm	12	1948	6	0	20	0	0000a0420000d04100000000
front.anm	12	1968	23	0	8	0	
front.anm	12	1976	21	0	12	0	01000000
front.anm	12	1988	15	0	16	0	ff00000010000000
front.anm	12	2004	32	0	28	0	1e00000000000000000000420000d04100000000
front.anm	12	2032	20	30	8	0	
front.anm	12	2040	21	30	12	0	ffffffff
front.anm	12	2052	15	30	16	0	000000001e000000
front.anm	12	2068	32	30	28	0	1e000000000000000000a0420000d04100000000
front.anm	12	2096	23	60	8	0	
front.anm	12	2104	1	60	8	0	
front.anm	12	2112	-1	0	0	0	
front.anm	13	2120	3	0	12	0	0d000000
front.anm	13	2132	22	0	8	0	
front.anm	13	2140	2	200	8	0	
front.anm	13	2148	-1	0	0	0	
front.anm	14	2156	3	0	12	0	0e000000
front.anm	14	2168	22	0	8	0	
front.anm	14	2176	2	0	8	0	
front.anm	14	2184	-1	0	0	0	
front.anm	15	2192	3	0	12	0	0f000000
front.anm	15	2204	22	0	8	0	
front.anm	15	2212	2	0	8	0	
front.anm	15	2220	-1	0	0	0	
loading00.anm	0	128	3	0	12	0	00000000
loading00.anm	0	140	22	0	8	0	
loading00.anm	0	148	6	0	20	0	000000420000804100000000
loading00.anm	0	168	20	0	8	0	
loading00.anm	0	176	21	0	12	0	01000000
loading00.anm	0	188	1	0	8	0	
loading00.anm	0	196	-1	0	0	0	
loading00a.anm	0	128	3	0	12	0	00000000
loading00a.anm	0	140	22	0	8	0	
loading00a.anm	0	148	6	0	20	0	000000420000804100000000
loading00a.anm	0	168	20	0	8	0	
loading00a.anm	0	176	21	0	12	0	01000000
loading00a.anm	0	188	1	0	8	0	
loading00a.anm	0	196	-1	0	0	0	
loading00h.anm	0	128	3	0	12	0	00000000
loading00h.anm	0	140	22	0	8	0	
loading00h.anm	0	148	6	0	20	0	000000420000804100000000
loading00h.anm	0	168	20	0	8	0	
loading00h.anm	0	176	21	0	12	0	01000000
loading00h.anm	0	188	1	0	8	0	
loading00h.anm	0	196	-1	0	0	0	
loading01.anm	0	128	3	0	12	0	00000000
loading01.anm	0	140	22	0	8	0	
loading01.anm	0	148	6	0	20	0	000000420000804100000000
loading01.anm	0	168	20	0	8	0	
loading01.anm	0	176	21	0	12	0	01000000
loading01.anm	0	188	1	0	8	0	
loading01.anm	0	196	-1	0	0	0	
loading01a.anm	0	128	3	0	12	0	00000000
loading01a.anm	0	140	22	0	8	0	
loading01a.anm	0	148	6	0	20	0	000000420000804100000000
loading01a.anm	0	168	20	0	8	0	
loading01a.anm	0	176	21	0	12	0	01000000
loading01a.anm	0	188	1	0	8	0	
loading01a.anm	0	196	-1	0	0	0	
loading01h.anm	0	128	3	0	12	0	00000000
loading01h.anm	0	140	22	0	8	0	
loading01h.anm	0	148	6	0	20	0	000000420000804100000000
loading01h.anm	0	168	20	0	8	0	
loading01h.anm	0	176	21	0	12	0	01000000
loading01h.anm	0	188	1	0	8	0	
loading01h.anm	0	196	-1	0	0	0	
loading02.anm	0	128	3	0	12	0	00000000
loading02.anm	0	140	22	0	8	0	
loading02.anm	0	148	6	0	20	0	000000420000804100000000
loading02.anm	0	168	20	0	8	0	
loading02.anm	0	176	21	0	12	0	01000000
loading02.anm	0	188	1	0	8	0	
loading02.anm	0	196	-1	0	0	0	
loading02a.anm	0	128	3	0	12	0	00000000
loading02a.anm	0	140	22	0	8	0	
loading02a.anm	0	148	6	0	20	0	000000420000804100000000
loading02a.anm	0	168	20	0	8	0	
loading02a.anm	0	176	21	0	12	0	01000000
loading02a.anm	0	188	1	0	8	0	
loading02a.anm	0	196	-1	0	0	0	
loading02h.anm	0	128	3	0	12	0	00000000
loading02h.anm	0	140	22	0	8	0	
loading02h.anm	0	148	6	0	20	0	000000420000804100000000
loading02h.anm	0	168	20	0	8	0	
loading02h.anm	0	176	21	0	12	0	01000000
loading02h.anm	0	188	1	0	8	0	
loading02h.anm	0	196	-1	0	0	0	
loading03.anm	0	128	3	0	12	0	00000000
loading03.anm	0	140	22	0	8	0	
loading03.anm	0	148	6	0	20	0	000000420000804100000000
loading03.anm	0	168	20	0	8	0	
loading03.anm	0	176	21	0	12	0	01000000
loading03.anm	0	188	1	0	8	0	
loading03.anm	0	196	-1	0	0	0	
loading03a.anm	0	128	3	0	12	0	00000000
loading03a.anm	0	140	22	0	8	0	
loading03a.anm	0	148	6	0	20	0	000000420000804100000000
loading03a.anm	0	168	20	0	8	0	
loading03a.anm	0	176	21	0	12	0	01000000
loading03a.anm	0	188	1	0	8	0	
loading03a.anm	0	196	-1	0	0	0	
loading03h.anm	0	128	3	0	12	0	00000000
loading03h.anm	0	140	22	0	8	0	
loading03h.anm	0	148	6	0	20	0	000000420000804100000000
loading03h.anm	0	168	20	0	8	0	
loading03h.anm	0	176	21	0	12	0	01000000
loading03h.anm	0	188	1	0	8	0	
loading03h.anm	0	196	-1	0	0	0	
music00.anm	0	128	3	0	12	0	00000000
music00.anm	0	140	22	0	8	0	
music00.anm	0	148	6	0	20	0	0000c041000080c200000000
music00.anm	0	168	18	0	24	0	0000c0410000c041000000001e000000
music00.anm	0	192	20	30	8	0	
music00.anm	0	200	21	30	12	0	ffffffff
music00.anm	0	212	18	30	24	0	0000c041000080c2000000001e000000
music00.anm	0	236	23	60	8	0	
music00.anm	0	244	-1	0	0	0	
music00.anm	1	132380	3	0	12	0	01000000
music00.anm	1	132392	8	0	12	0	00000000
music00.anm	1	132404	23	0	8	0	
music00.anm	1	132412	21	0	12	0	01000000
music00.anm	1	132424	34	0	20	0	0800000000000000ff000000
music00.anm	1	132444	33	0	28	0	0800000000000000ff000000ff000000ff000000
music00.anm	1	132472	20	8	8	0	
music00.anm	1	132480	21	8	12	0	02000000
music00.anm	1	132492	34	8	20	0	0800000000000000e0000000
music00.anm	1	132512	33	8	28	0	0800000000000000800000008000000080000000
music00.anm	1	132540	20	16	8	0	
music00.anm	1	132548	21	16	12	0	ffffffff
music00.anm	1	132560	34	16	20	0	3c0000000000000000000000
music00.anm	1	132580	1	46	8	0	
music00.anm	1	132588	-1	0	0	0	
music00.anm	2	132596	3	0	12	0	02000000
music00.anm	2	132608	8	0	12	0	00000000
music00.anm	2	132620	23	0	8	0	
music00.anm	2	132628	21	0	12	0	01000000
music00.anm	2	132640	34	0	20	0	0800000000000000ff000000
music00.anm	2	132660	33	0	28	0	0800000000000000ff000000ff000000ff000000
music00.anm	2	132688	20	8	8	0	
music00.anm	2	132696	21	8	12	0	02000000
music00.anm	2	132708	34	8	20	0	0800000000000000e0000000
music00.anm	2	132728	33	8	28	0	0800000000000000800000008000000080000000
music00.anm	2	132756	20	16	8	0	
music00.anm	2	132764	21	16	12	0	ffffffff
music00.anm	2	132776	34	16	20	0	3c0000000000000000000000
music00.anm	2	132796	1	46	8	0	
music00.anm	2	132804	-1	0	0	0	
music00.anm	3	132812	3	0	12	0	03000000
music00.anm	3	132824	8	0	12	0	00000000
music00.anm	3	132836	23	0	8	0	
music00.anm	3	132844	21	0	12	0	01000000
music00.anm	3	132856	34	0	20	0	0800000000000000ff000000
music00.anm	3	132876	33	0	28	0	0800000000000000ff000000ff000000ff000000
music00.anm	3	132904	20	8	8	0	
music00.anm	3	132912	21	8	12	0	02000000
music00.anm	3	132924	34	8	20	0	0800000000000000e0000000
music00.anm	3	132944	33	8	28	0	0800000000000000800000008000000080000000
music00.anm	3	132972	20	16	8	0	
music00.anm	3	132980	21	16	12	0	ffffffff
music00.anm	3	132992	34	16	20	0	3c0000000000000000000000
music00.anm	3	133012	1	46	8	0	
music00.anm	3	133020	-1	0	0	0	
music00.anm	4	133028	3	0	12	0	04000000
music00.anm	4	133040	8	0	12	0	00000000
music00.anm	4	133052	23	0	8	0	
music00.anm	4	133060	21	0	12	0	01000000
music00.anm	4	133072	34	0	20	0	0800000000000000ff000000
music00.anm	4	133092	33	0	28	0	0800000000000000ff000000ff000000ff000000
music00.anm	4	133120	20	8	8	0	
music00.anm	4	133128	21	8	12	0	02000000
music00.anm	4	133140	34	8	20	0	0800000000000000e0000000
music00.anm	4	133160	33	8	28	0	0800000000000000800000008000000080000000
music00.anm	4	133188	20	16	8	0	
music00.anm	4	133196	21	16	12	0	ffffffff
music00.anm	4	133208	34	16	20	0	3c0000000000000000000000
music00.anm	4	133228	1	46	8	0	
music00.anm	4	133236	-1	0	0	0	
music00.anm	5	133244	3	0	12	0	05000000
music00.anm	5	133256	8	0	12	0	00000000
music00.anm	5	133268	23	0	8	0	
music00.anm	5	133276	21	0	12	0	01000000
music00.anm	5	133288	34	0	20	0	0800000000000000ff000000
music00.anm	5	133308	33	0	28	0	0800000000000000ff000000ff000000ff000000
music00.anm	5	133336	20	8	8	0	
music00.anm	5	133344	21	8	12	0	02000000
music00.anm	5	133356	34	8	20	0	0800000000000000e0000000
music00.anm	5	133376	33	8	28	0	0800000000000000800000008000000080000000
music00.anm	5	133404	20	16	8	0	
music00.anm	5	133412	21	16	12	0	ffffffff
music00.anm	5	133424	34	16	20	0	3c0000000000000000000000
music00.anm	5	133444	1	46	8	0	
music00.anm	5	133452	-1	0	0	0	
music00.anm	6	133460	3	0	12	0	06000000
music00.anm	6	133472	8	0	12	0	00000000
music00.anm	6	133484	23	0	8	0	
music00.anm	6	133492	21	0	12	0	01000000
music00.anm	6	133504	34	0	20	0	0800000000000000ff000000
music00.anm	6	133524	33	0	28	0	0800000000000000ff000000ff000000ff000000
music00.anm	6	133552	20	8	8	0	
music00.anm	6	133560	21	8	12	0	02000000
music00.anm	6	133572	34	8	20	0	0800000000000000e0000000
music00.anm	6	133592	33	8	28	0	0800000000000000800000008000000080000000
music00.anm	6	133620	20	16	8	0	
music00.anm	6	133628	21	16	12	0	ffffffff
music00.anm	6	133640	34	16	20	0	3c0000000000000000000000
music00.anm	6	133660	1	46	8	0	
music00.anm	6	133668	-1	0	0	0	
music00.anm	7	133676	3	0	12	0	07000000
music00.anm	7	133688	8	0	12	0	00000000
music00.anm	7	133700	23	0	8	0	
music00.anm	7	133708	21	0	12	0	01000000
music00.anm	7	133720	34	0	20	0	0800000000000000ff000000
music00.anm	7	133740	33	0	28	0	0800000000000000ff000000ff000000ff000000
music00.anm	7	133768	20	8	8	0	
music00.anm	7	133776	21	8	12	0	02000000
music00.anm	7	133788	34	8	20	0	0800000000000000e0000000
music00.anm	7	133808	33	8	28	0	0800000000000000800000008000000080000000
music00.anm	7	133836	20	16	8	0	
music00.anm	7	133844	21	16	12	0	ffffffff
music00.anm	7	133856	34	16	20	0	3c0000000000000000000000
music00.anm	7	133876	1	46	8	0	
music00.anm	7	133884	-1	0	0	0	
music00.anm	8	133892	3	0	12	0	08000000
music00.anm	8	133904	8	0	12	0	00000000
music00.anm	8	133916	23	0	8	0	
music00.anm	8	133924	21	0	12	0	01000000
music00.anm	8	133936	34	0	20	0	0800000000000000ff000000
music00.anm	8	133956	33	0	28	0	0800000000000000ff000000ff000000ff000000
music00.anm	8	133984	20	8	8	0	
music00.anm	8	133992	21	8	12	0	02000000
music00.anm	8	134004	34	8	20	0	0800000000000000e0000000
music00.anm	8	134024	33	8	28	0	0800000000000000800000008000000080000000
music00.anm	8	134052	20	16	8	0	
music00.anm	8	134060	21	16	12	0	ffffffff
music00.anm	8	134072	34	16	20	0	3c0000000000000000000000
music00.anm	8	134092	1	46	8	0	
music00.anm	8	134100	-1	0	0	0	
music00.anm	9	134108	3	0	12	0	09000000
music00.anm	9	134120	8	0	12	0	00000000
music00.anm	9	134132	23	0	8	0	
music00.anm	9	134140	21	0	12	0	01000000
music00.anm	9	134152	34	0	20	0	0800000000000000ff000000
music00.anm	9	134172	33	0	28	0	0800000000000000ff000000ff000000ff000000
music00.anm	9	134200	20	8	8	0	
music00.anm	9	134208	21	8	12	0	02000000
music00.anm	9	134220	34	8	20	0	0800000000000000e0000000
music00.anm	9	134240	33	8	28	0	0800000000000000800000008000000080000000
music00.anm	9	134268	20	16	8	0	
music00.anm	9	134276	21	16	12	0	ffffffff
music00.anm	9	134288	34	16	20	0	3c0000000000000000000000
music00.anm	9	134308	1	46	8	0	
music00.anm	9	134316	-1	0	0	0	
music00.anm	10	134324	3	0	12	0	0a000000
music00.anm	10	134336	8	0	12	0	00000000
music00.anm	10	134348	23	0	8	0	
music00.anm	10	134356	21	0	12	0	01000000
music00.anm	10	134368	34	0	20	0	0800000000000000ff000000
music00.anm	10	134388	33	0	28	0	0800000000000000ff000000ff000000ff000000
music00.anm	10	134416	20	8	8	0	
music00.anm	10	134424	21	8	12	0	02000000
music00.anm	10	134436	34	8	20	0	0800000000000000e0000000
music00.anm	10	134456	33	8	28	0	0800000000000000800000008000000080000000
music00.anm	10	134484	20	16	8	0	
music00.anm	10	134492	21	16	12	0	ffffffff
music00.anm	10	134504	34	16	20	0	3c0000000000000000000000
music00.anm	10	134524	1	46	8	0	
music00.anm	10	134532	-1	0	0	0	
music00.anm	11	134540	3	0	12	0	0b000000
music00.anm	11	134552	8	0	12	0	00000000
music00.anm	11	134564	23	0	8	0	
music00.anm	11	134572	21	0	12	0	01000000
music00.anm	11	134584	34	0	20	0	0800000000000000ff000000
music00.anm	11	134604	33	0	28	0	0800000000000000ff000000ff000000ff000000
music00.anm	11	134632	20	8	8	0	
music00.anm	11	134640	21	8	12	0	02000000
music00.anm	11	134652	34	8	20	0	0800000000000000e0000000
music00.anm	11	134672	33	8	28	0	0800000000000000800000008000000080000000
music00.anm	11	134700	20	16	8	0	
music00.anm	11	134708	21	16	12	0	ffffffff
music00.anm	11	134720	34	16	20	0	3c0000000000000000000000
music00.anm	11	134740	1	46	8	0	
music00.anm	11	134748	-1	0	0	0	
music00.anm	12	134756	3	0	12	0	0c000000
music00.anm	12	134768	8	0	12	0	00000000
music00.anm	12	134780	23	0	8	0	
music00.anm	12	134788	21	0	12	0	01000000
music00.anm	12	134800	34	0	20	0	0800000000000000ff000000
music00.anm	12	134820	33	0	28	0	0800000000000000ff000000ff000000ff000000
music00.anm	12	134848	20	8	8	0	
music00.anm	12	134856	21	8	12	0	02000000
music00.anm	12	134868	34	8	20	0	0800000000000000e0000000
music00.anm	12	134888	33	8	28	0	0800000000000000800000008000000080000000
music00.anm	12	134916	20	16	8	0	
music00.anm	12	134924	21	16	12	0	ffffffff
music00.anm	12	134936	34	16	20	0	3c0000000000000000000000
music00.anm	12	134956	1	46	8	0	
music00.anm	12	134964	-1	0	0	0	
music00.anm	13	134972	3	0	12	0	0d000000
music00.anm	13	134984	8	0	12	0	00000000
music00.anm	13	134996	23	0	8	0	
music00.anm	13	135004	21	0	12	0	01000000
music00.anm	13	135016	34	0	20	0	0800000000000000ff000000
music00.anm	13	135036	33	0	28	0	0800000000000000ff000000ff000000ff000000
music00.anm	13	135064	20	8	8	0	
music00.anm	13	135072	21	8	12	0	02000000
music00.anm	13	135084	34	8	20	0	0800000000000000e0000000
music00.anm	13	135104	33	8	28	0	0800000000000000800000008000000080000000
music00.anm	13	135132	20	16	8	0	
music00.anm	13	135140	21	16	12	0	ffffffff
music00.anm	13	135152	34	16	20	0	3c0000000000000000000000
music00.anm	13	135172	1	46	8	0	
music00.anm	13	135180	-1	0	0	0	
music00.anm	14	135188	3	0	12	0	0e000000
music00.anm	14	135200	8	0	12	0	00000000
music00.anm	14	135212	23	0	8	0	
music00.anm	14	135220	21	0	12	0	01000000
music00.anm	14	135232	34	0	20	0	0800000000000000ff000000
music00.anm	14	135252	33	0	28	0	0800000000000000ff000000ff000000ff000000
music00.anm	14	135280	20	8	8	0	
music00.anm	14	135288	21	8	12	0	02000000
music00.anm	14	135300	34	8	20	0	0800000000000000e0000000
music00.anm	14	135320	33	8	28	0	0800000000000000800000008000000080000000
music00.anm	14	135348	20	16	8	0	
music00.anm	14	135356	21	16	12	0	ffffffff
music00.anm	14	135368	34	16	20	0	3c0000000000000000000000
music00.anm	14	135388	1	46	8	0	
music00.anm	14	135396	-1	0	0	0	
music00.anm	15	135404	3	0	12	0	0f000000
music00.anm	15	135416	8	0	12	0	00000000
music00.anm	15	135428	23	0	8	0	
music00.anm	15	135436	21	0	12	0	01000000
music00.anm	15	135448	34	0	20	0	0800000000000000ff000000
music00.anm	15	135468	33	0	28	0	0800000000000000ff000000ff000000ff000000
music00.anm	15	135496	20	8	8	0	
music00.anm	15	135504	21	8	12	0	02000000
music00.anm	15	135516	34	8	20	0	0800000000000000e0000000
music00.anm	15	135536	33	8	28	0	0800000000000000800000008000000080000000
music00.anm	15	135564	20	16	8	0	
music00.anm	15	135572	21	16	12	0	ffffffff
music00.anm	15	135584	34	16	20	0	3c0000000000000000000000
music00.anm	15	135604	1	46	8	0	
music00.anm	15	135612	-1	0	0	0	
music00.anm	16	135620	3	0	12	0	10000000
music00.anm	16	135632	8	0	12	0	00000000
music00.anm	16	135644	23	0	8	0	
music00.anm	16	135652	21	0	12	0	01000000
music00.anm	16	135664	34	0	20	0	0800000000000000ff000000
music00.anm	16	135684	33	0	28	0	0800000000000000ff000000ff000000ff000000
music00.anm	16	135712	20	8	8	0	
music00.anm	16	135720	21	8	12	0	02000000
music00.anm	16	135732	34	8	20	0	0800000000000000e0000000
music00.anm	16	135752	33	8	28	0	0800000000000000800000008000000080000000
music00.anm	16	135780	20	16	8	0	
music00.anm	16	135788	21	16	12	0	ffffffff
music00.anm	16	135800	34	16	20	0	3c0000000000000000000000
music00.anm	16	135820	1	46	8	0	
music00.anm	16	135828	-1	0	0	0	
music00.anm	17	135836	3	0	12	0	11000000
music00.anm	17	135848	8	0	12	0	00000000
music00.anm	17	135860	23	0	8	0	
music00.anm	17	135868	21	0	12	0	01000000
music00.anm	17	135880	34	0	20	0	0800000000000000ff000000
music00.anm	17	135900	33	0	28	0	0800000000000000ff000000ff000000ff000000
music00.anm	17	135928	20	8	8	0	
music00.anm	17	135936	21	8	12	0	02000000
music00.anm	17	135948	34	8	20	0	0800000000000000e0000000
music00.anm	17	135968	33	8	28	0	0800000000000000800000008000000080000000
music00.anm	17	135996	20	16	8	0	
music00.anm	17	136004	21	16	12	0	ffffffff
music00.anm	17	136016	34	16	20	0	3c0000000000000000000000
music00.anm	17	136036	1	46	8	0	
music00.anm	17	136044	-1	0	0	0	
music00.anm	18	136052	3	0	12	0	12000000
music00.anm	18	136064	8	0	12	0	00000000
music00.anm	18	136076	23	0	8	0	
music00.anm	18	136084	21	0	12	0	01000000
music00.anm	18	136096	34	0	20	0	0800000000000000ff000000
music00.anm	18	136116	33	0	28	0	0800000000000000ff000000ff000000ff000000
music00.anm	18	136144	20	8	8	0	
music00.anm	18	136152	21	8	12	0	02000000
music00.anm	18	136164	34	8	20	0	0800000000000000e0000000
music00.anm	18	136184	33	8	28	0	0800000000000000800000008000000080000000
music00.anm	18	136212	20	16	8	0	
music00.anm	18	136220	21	16	12	0	ffffffff
music00.anm	18	136232	34	16	20	0	3c0000000000000000000000
music00.anm	18	136252	1	46	8	0	
music00.anm	18	136260	-1	0	0	0	
music00.anm	19	136268	3	0	12	0	13000000
music00.anm	19	136280	8	0	12	0	00000000
music00.anm	19	136292	23	0	8	0	
music00.anm	19	136300	21	0	12	0	01000000
music00.anm	19	136312	34	0	20	0	0800000000000000ff000000
music00.anm	19	136332	33	0	28	0	0800000000000000ff000000ff000000ff000000
music00.anm	19	136360	20	8	8	0	
music00.anm	19	136368	21	8	12	0	02000000
music00.anm	19	136380	34	8	20	0	0800000000000000e0000000
music00.anm	19	136400	33	8	28	0	0800000000000000800000008000000080000000
music00.anm	19	136428	20	16	8	0	
music00.anm	19	136436	21	16	12	0	ffffffff
music00.anm	19	136448	34	16	20	0	3c0000000000000000000000
music00.anm	19	136468	1	46	8	0	
music00.anm	19	136476	-1	0	0	0	
music00.anm	20	136484	3	0	12	0	14000000
music00.anm	20	136496	8	0	12	0	00000000
music00.anm	20	136508	23	0	8	0	
music00.anm	20	136516	21	0	12	0	01000000
music00.anm	20	136528	34	0	20	0	0800000000000000ff000000
music00.anm	20	136548	33	0	28	0	0800000000000000ff000000ff000000ff000000
music00.anm	20	136576	20	8	8	0	
music00.anm	20	136584	21	8	12	0	02000000
music00.anm	20	136596	34	8	20	0	0800000000000000e0000000
music00.anm	20	136616	33	8	28	0	0800000000000000800000008000000080000000
music00.anm	20	136644	20	16	8	0	
music00.anm	20	136652	21	16	12	0	ffffffff
music00.anm	20	136664	34	16	20	0	3c0000000000000000000000
music00.anm	20	136684	1	46	8	0	
music00.anm	20	136692	-1	0	0	0	
music00.anm	21	136700	3	0	12	0	15000000
music00.anm	21	136712	8	0	12	0	00000000
music00.anm	21	136724	23	0	8	0	
music00.anm	21	136732	21	0	12	0	01000000
music00.anm	21	136744	34	0	20	0	0800000000000000ff000000
music00.anm	21	136764	33	0	28	0	0800000000000000ff000000ff000000ff000000
music00.anm	21	136792	20	8	8	0	
music00.anm	21	136800	21	8	12	0	02000000
music00.anm	21	136812	34	8	20	0	0800000000000000e0000000
music00.anm	21	136832	33	8	28	0	0800000000000000800000008000000080000000
music00.anm	21	136860	20	16	8	0	
music00.anm	21	136868	21	16	12	0	ffffffff
music00.anm	21	136880	34	16	20	0	3c0000000000000000000000
music00.anm	21	136900	1	46	8	0	
music00.anm	21	136908	-1	0	0	0	
music00.anm	22	136916	3	0	12	0	16000000
music00.anm	22	136928	8	0	12	0	00000000
music00.anm	22	136940	23	0	8	0	
music00.anm	22	136948	21	0	12	0	01000000
music00.anm	22	136960	34	0	20	0	0800000000000000ff000000
music00.anm	22	136980	33	0	28	0	0800000000000000ff000000ff000000ff000000
music00.anm	22	137008	20	8	8	0	
music00.anm	22	137016	21	8	12	0	02000000
music00.anm	22	137028	34	8	20	0	0800000000000000e0000000
music00.anm	22	137048	33	8	28	0	0800000000000000800000008000000080000000
music00.anm	22	137076	20	16	8	0	
music00.anm	22	137084	21	16	12	0	ffffffff
music00.anm	22	137096	34	16	20	0	3c0000000000000000000000
music00.anm	22	137116	1	46	8	0	
music00.anm	22	137124	-1	0	0	0	
music00.anm	23	137132	3	0	12	0	17000000
music00.anm	23	137144	8	0	12	0	00000000
music00.anm	23	137156	23	0	8	0	
music00.anm	23	137164	21	0	12	0	01000000
music00.anm	23	137176	34	0	20	0	0800000000000000ff000000
music00.anm	23	137196	33	0	28	0	0800000000000000ff000000ff000000ff000000
music00.anm	23	137224	20	8	8	0	
music00.anm	23	137232	21	8	12	0	02000000
music00.anm	23	137244	34	8	20	0	0800000000000000e0000000
music00.anm	23	137264	33	8	28	0	0800000000000000800000008000000080000000
music00.anm	23	137292	20	16	8	0	
music00.anm	23	137300	21	16	12	0	ffffffff
music00.anm	23	137312	34	16	20	0	3c0000000000000000000000
music00.anm	23	137332	1	46	8	0	
music00.anm	23	137340	-1	0	0	0	
music00.anm	24	137348	3	0	12	0	18000000
music00.anm	24	137360	8	0	12	0	00000000
music00.anm	24	137372	23	0	8	0	
music00.anm	24	137380	21	0	12	0	01000000
music00.anm	24	137392	34	0	20	0	0800000000000000ff000000
music00.anm	24	137412	33	0	28	0	0800000000000000ff000000ff000000ff000000
music00.anm	24	137440	20	8	8	0	
music00.anm	24	137448	21	8	12	0	02000000
music00.anm	24	137460	34	8	20	0	0800000000000000e0000000
music00.anm	24	137480	33	8	28	0	0800000000000000800000008000000080000000
music00.anm	24	137508	20	16	8	0	
music00.anm	24	137516	21	16	12	0	ffffffff
music00.anm	24	137528	34	16	20	0	3c0000000000000000000000
music00.anm	24	137548	1	46	8	0	
music00.anm	24	137556	-1	0	0	0	
music00.anm	25	137564	3	0	12	0	19000000
music00.anm	25	137576	8	0	12	0	00000000
music00.anm	25	137588	23	0	8	0	
music00.anm	25	137596	21	0	12	0	01000000
music00.anm	25	137608	34	0	20	0	0800000000000000ff000000
music00.anm	25	137628	33	0	28	0	0800000000000000ff000000ff000000ff000000
music00.anm	25	137656	20	8	8	0	
music00.anm	25	137664	21	8	12	0	02000000
music00.anm	25	137676	34	8	20	0	0800000000000000e0000000
music00.anm	25	137696	33	8	28	0	0800000000000000800000008000000080000000
music00.anm	25	137724	20	16	8	0	
music00.anm	25	137732	21	16	12	0	ffffffff
music00.anm	25	137744	34	16	20	0	3c0000000000000000000000
music00.anm	25	137764	1	46	8	0	
music00.anm	25	137772	-1	0	0	0	
music00.anm	26	137780	3	0	12	0	1a000000
music00.anm	26	137792	8	0	12	0	00000000
music00.anm	26	137804	23	0	8	0	
music00.anm	26	137812	21	0	12	0	01000000
music00.anm	26	137824	34	0	20	0	0800000000000000ff000000
music00.anm	26	137844	33	0	28	0	0800000000000000ff000000ff000000ff000000
music00.anm	26	137872	20	8	8	0	
music00.anm	26	137880	21	8	12	0	02000000
music00.anm	26	137892	34	8	20	0	0800000000000000e0000000
music00.anm	26	137912	33	8	28	0	0800000000000000800000008000000080000000
music00.anm	26	137940	20	16	8	0	
music00.anm	26	137948	21	16	12	0	ffffffff
music00.anm	26	137960	34	16	20	0	3c0000000000000000000000
music00.anm	26	137980	1	46	8	0	
music00.anm	26	137988	-1	0	0	0	
music00.anm	27	137996	3	0	12	0	1b000000
music00.anm	27	138008	8	0	12	0	00000000
music00.anm	27	138020	23	0	8	0	
music00.anm	27	138028	21	0	12	0	01000000
music00.anm	27	138040	34	0	20	0	0800000000000000ff000000
music00.anm	27	138060	33	0	28	0	0800000000000000ff000000ff000000ff000000
music00.anm	27	138088	20	8	8	0	
music00.anm	27	138096	21	8	12	0	02000000
music00.anm	27	138108	34	8	20	0	0800000000000000e0000000
music00.anm	27	138128	33	8	28	0	0800000000000000800000008000000080000000
music00.anm	27	138156	20	16	8	0	
music00.anm	27	138164	21	16	12	0	ffffffff
music00.anm	27	138176	34	16	20	0	3c0000000000000000000000
music00.anm	27	138196	1	46	8	0	
music00.anm	27	138204	-1	0	0	0	
music00.anm	28	138212	3	0	12	0	1c000000
music00.anm	28	138224	8	0	12	0	00000000
music00.anm	28	138236	23	0	8	0	
music00.anm	28	138244	21	0	12	0	01000000
music00.anm	28	138256	34	0	20	0	0800000000000000ff000000
music00.anm	28	138276	33	0	28	0	0800000000000000ff000000ff000000ff000000
music00.anm	28	138304	20	8	8	0	
music00.anm	28	138312	21	8	12	0	02000000
music00.anm	28	138324	34	8	20	0	0800000000000000e0000000
music00.anm	28	138344	33	8	28	0	0800000000000000800000008000000080000000
music00.anm	28	138372	20	16	8	0	
music00.anm	28	138380	21	16	12	0	ffffffff
music00.anm	28	138392	34	16	20	0	3c0000000000000000000000
music00.anm	28	138412	1	46	8	0	
music00.anm	28	138420	-1	0	0	0	
music00.anm	29	138428	3	0	12	0	1d000000
music00.anm	29	138440	8	0	12	0	00000000
music00.anm	29	138452	23	0	8	0	
music00.anm	29	138460	21	0	12	0	01000000
music00.anm	29	138472	34	0	20	0	0800000000000000ff000000
music00.anm	29	138492	33	0	28	0	0800000000000000ff000000ff000000ff000000
music00.anm	29	138520	20	8	8	0	
music00.anm	29	138528	21	8	12	0	02000000
music00.anm	29	138540	34	8	20	0	0800000000000000e0000000
music00.anm	29	138560	33	8	28	0	0800000000000000800000008000000080000000
music00.anm	29	138588	20	16	8	0	
music00.anm	29	138596	21	16	12	0	ffffffff
music00.anm	29	138608	34	16	20	0	3c0000000000000000000000
music00.anm	29	138628	1	46	8	0	
music00.anm	29	138636	-1	0	0	0	
music00.anm	30	138644	3	0	12	0	1e000000
music00.anm	30	138656	8	0	12	0	00000000
music00.anm	30	138668	23	0	8	0	
music00.anm	30	138676	21	0	12	0	01000000
music00.anm	30	138688	34	0	20	0	0800000000000000ff000000
music00.anm	30	138708	33	0	28	0	0800000000000000ff000000ff000000ff000000
music00.anm	30	138736	20	8	8	0	
music00.anm	30	138744	21	8	12	0	02000000
music00.anm	30	138756	34	8	20	0	0800000000000000e0000000
music00.anm	30	138776	33	8	28	0	0800000000000000800000008000000080000000
music00.anm	30	138804	20	16	8	0	
music00.anm	30	138812	21	16	12	0	ffffffff
music00.anm	30	138824	34	16	20	0	3c0000000000000000000000
music00.anm	30	138844	1	46	8	0	
music00.anm	30	138852	-1	0	0	0	
nowloading.anm	0	216	3	0	12	0	00000000
nowloading.anm	0	228	24	0	12	0	01000000
nowloading.anm	0	240	6	0	20	0	00000000000000000ad7233c
nowloading.anm	0	260	8	0	12	0	00000000
nowloading.anm	0	272	34	0	20	0	0800000000000000ff000000
nowloading.anm	0	292	0	20	8	0	
nowloading.anm	0	300	34	20	20	0	1400000000000000ff000000
nowloading.anm	0	320	34	40	20	0	140000000000000080000000
nowloading.anm	0	340	4	60	16	0	5400000014000000
nowloading.anm	0	356	21	60	12	0	01000000
nowloading.anm	0	368	34	60	20	0	1e0000000000000000000000
nowloading.anm	0	388	1	90	8	0	
nowloading.anm	0	396	21	90	12	0	02000000
nowloading.anm	0	408	1	90	8	0	
nowloading.anm	0	416	-1	0	0	0	
nowloading.anm	1	424	3	0	12	0	01000000
nowloading.anm	1	436	24	0	12	0	01000000
nowloading.anm	1	448	6	0	20	0	000000430000804100000000
nowloading.anm	1	468	8	0	12	0	00000000
nowloading.anm	1	480	32	8	28	0	0400000004000000000040420000804100000000
nowloading.anm	1	508	34	8	20	0	0800000000000000ff000000
nowloading.anm	1	528	0	38	8	0	
nowloading.anm	1	536	34	38	20	0	1e00000000000000ff000000
nowloading.anm	1	556	34	68	20	0	1e0000000000000080000000
nowloading.anm	1	576	4	98	16	0	7000000026000000
nowloading.anm	1	592	21	98	12	0	01000000
nowloading.anm	1	604	32	98	28	0	1e000000040000000000f0420000804100000000
nowloading.anm	1	632	34	98	20	0	1e0000000000000000000000
nowloading.anm	1	652	1	128	8	0	
nowloading.anm	1	660	21	128	12	0	02000000
nowloading.anm	1	672	1	128	8	0	
nowloading.anm	1	680	-1	0	0	0	
nowloading.anm	2	688	3	0	12	0	02000000
nowloading.anm	2	700	24	0	12	0	01000000
nowloading.anm	2	712	6	0	20	0	000000c2000000000ad7a33c
nowloading.anm	2	732	13	0	20	0	00000000000000005077d63d
nowloading.anm	2	752	8	0	12	0	00000000
nowloading.anm	2	764	34	0	20	0	140000000000000060000000
nowloading.anm	2	784	0	30	8	0	
nowloading.anm	2	792	34	30	20	0	1e0000000000000030000000
nowloading.anm	2	812	34	60	20	0	1e0000000000000060000000
nowloading.anm	2	832	4	90	16	0	680000001e000000
nowloading.anm	2	848	21	90	12	0	01000000
nowloading.anm	2	860	34	90	20	0	1e0000000000000000000000
nowloading.anm	2	880	1	120	8	0	
nowloading.anm	2	888	21	120	12	0	02000000
nowloading.anm	2	900	1	120	8	0	
nowloading.anm	2	908	-1	0	0	0	
player00.anm	0	1304	3	0	12	0	00000000
player00.anm	0	1316	3	6	12	0	01000000
player00.anm	0	1328	3	12	12	0	02000000
player00.anm	0	1340	3	18	12	0	03000000
player00.anm	0	1352	4	24	16	0	0000000000000000
player00.anm	0	1368	-1	0	0	0	
player00.anm	1	1376	3	0	12	0	04000000
player00.anm	1	1388	3	1	12	0	05000000
player00.anm	1	1400	3	2	12	0	06000000
player00.anm	1	1412	3	3	12	0	07000000
player00.anm	1	1424	3	9	12	0	08000000
player00.anm	1	1436	3	15	12	0	09000000
player00.anm	1	1448	3	21	12	0	0a000000
player00.anm	1	1460	4	26	16	0	2400000002000000
player00.anm	1	1476	-1	0	0	0	
player00.anm	2	1484	3	0	12	0	07000000
player00.anm	2	1496	3	1	12	0	06000000
player00.anm	2	1508	3	2	12	0	05000000
player00.anm	2	1520	3	3	12	0	04000000
player00.anm	2	1532	3	4	12	0	00000000
player00.anm	2	1544	3	10	12	0	01000000
player00.anm	2	1556	3	16	12	0	02000000
player00.anm	2	1568	3	22	12	0	03000000
player00.anm	2	1580	4	27	16	0	3000000003000000
player00.anm	2	1596	-1	0	0	0	
player00.anm	3	1604	10	0	8	0	
player00.anm	3	1612	3	0	12	0	04000000
player00.anm	3	1624	3	1	12	0	05000000
player00.anm	3	1636	3	2	12	0	06000000
player00.anm	3	1648	3	3	12	0	07000000
player00.anm	3	1660	3	9	12	0	08000000
player00.anm	3	1672	3	15	12	0	09000000
player00.anm	3	1684	3	21	12	0	0a000000
player00.anm	3	1696	4	26	16	0	2c00000002000000
player00.anm	3	1712	-1	0	0	0	
player00.anm	4	1720	10	0	8	0	
player00.anm	4	1728	3	0	12	0	07000000
player00.anm	4	1740	3	1	12	0	06000000
player00.anm	4	1752	3	2	12	0	05000000
player00.anm	4	1764	3	3	12	0	04000000
player00.anm	4	1776	3	4	12	0	00000000
player00.anm	4	1788	3	10	12	0	01000000
player00.anm	4	1800	3	16	12	0	02000000
player00.anm	4	1812	3	22	12	0	03000000
player00.anm	4	1824	4	27	16	0	3800000003000000
player00.anm	4	1840	-1	0	0	0	
player00.anm	5	1848	3	0	12	0	0b000000
player00.anm	5	1860	3	6	12	0	0c000000
player00.anm	5	1872	3	12	12	0	0d000000
player00.anm	5	1884	3	18	12	0	0e000000
player00.anm	5	1896	4	24	16	0	0000000000000000
player00.anm	5	1912	-1	0	0	0	
player00.anm	6	1920	3	0	12	0	0f000000
player00.anm	6	1932	3	1	12	0	10000000
player00.anm	6	1944	3	2	12	0	11000000
player00.anm	6	1956	3	3	12	0	12000000
player00.anm	6	1968	3	9	12	0	13000000
player00.anm	6	1980	3	15	12	0	14000000
player00.anm	6	1992	3	21	12	0	15000000
player00.anm	6	2004	4	26	16	0	2400000002000000
player00.anm	6	2020	-1	0	0	0	
player00.anm	7	2028	3	0	12	0	12000000
player00.anm	7	2040	3	1	12	0	11000000
player00.anm	7	2052	3	2	12	0	10000000
player00.anm	7	2064	3	3	12	0	0f000000
player00.anm	7	2076	3	4	12	0	0b000000
player00.anm	7	2088	3	10	12	0	0c000000
player00.anm	7	2100	3	16	12	0	0d000000
player00.anm	7	2112	3	22	12	0	0e000000
player00.anm	7	2124	4	27	16	0	3000000003000000
player00.anm	7	2140	-1	0	0	0	
player00.anm	8	2148	10	0	8	0	
player00.anm	8	2156	3	0	12	0	0f000000
player00.anm	8	2168	3	1	12	0	10000000
player00.anm	8	2180	3	2	12	0	11000000
player00.anm	8	2192	3	3	12	0	12000000
player00.anm	8	2204	3	9	12	0	13000000
player00.anm	8	2216	3	15	12	0	14000000
player00.anm	8	2228	3	21	12	0	15000000
player00.anm	8	2240	4	26	16	0	2c00000002000000
player00.anm	8	2256	-1	0	0	0	
player00.anm	9	2264	10	0	8	0	
player00.anm	9	2272	3	0	12	0	12000000
player00.anm	9	2284	3	1	12	0	11000000
player00.anm	9	2296	3	2	12	0	10000000
player00.anm	9	2308	3	3	12	0	0f000000
player00.anm	9	2320	3	4	12	0	0b000000
player00.anm	9	2332	3	10	12	0	0c000000
player00.anm	9	2344	3	16	12	0	0d000000
player00.anm	9	2356	3	22	12	0	0e000000
player00.anm	9	2368	4	27	16	0	3800000003000000
player00.anm	9	2384	-1	0	0	0	
player00.anm	10	2392	3	0	12	0	1f000000
player00.anm	10	2404	83	0	12	0	02000000
player00.anm	10	2416	25	0	12	0	01000000
player00.anm	10	2428	8	0	12	0	80000000
player00.anm	10	2440	30	0	12	0	01000000
player00.anm	10	2452	2	10000	8	0	
player00.anm	10	2460	-1	0	0	0	
player00.anm	11	2468	13	0	20	0	0000000000000000cdcc4c3e
player00.anm	11	2488	8	0	12	0	c0000000
player00.anm	11	2500	34	0	20	0	1e0000000000000000000000
player00.anm	11	2520	82	0	12	0	01000000
player00.anm	11	2532	3	0	12	0	20000000
player00.anm	11	2544	83	0	12	0	02000000
player00.anm	11	2556	1	30	8	0	
player00.anm	11	2564	-1	0	0	0	
player00.anm	12	2572	3	0	12	0	21000000
player00.anm	12	2584	83	0	12	0	02000000
player00.anm	12	2596	25	0	12	0	01000000
player00.anm	12	2608	8	0	12	0	60000000
player00.anm	12	2620	30	0	12	0	01000000
player00.anm	12	2632	2	10000	8	0	
player00.anm	12	2640	-1	0	0	0	
player00.anm	13	2648	13	0	20	0	00000000000000009a9999be
player00.anm	13	2668	8	0	12	0	80000000
player00.anm	13	2680	34	0	20	0	1e0000000000000000000000
player00.anm	13	2700	36	0	24	0	1e000000000000000000c03f0000c03f
player00.anm	13	2724	82	0	12	0	01000000
player00.anm	13	2736	3	0	12	0	22000000
player00.anm	13	2748	83	0	12	0	02000000
player00.anm	13	2760	1	30	8	0	
player00.anm	13	2768	-1	0	0	0	
player00.anm	14	2776	3	0	12	0	23000000
player00.anm	14	2788	83	0	12	0	02000000
player00.anm	14	2800	25	0	12	0	01000000
player00.anm	14	2812	8	0	12	0	80000000
player00.anm	14	2824	30	0	12	0	01000000
player00.anm	14	2836	2	10000	8	0	
player00.anm	14	2844	-1	0	0	0	
player00.anm	15	2852	3	0	12	0	23000000
player00.anm	15	2864	83	0	12	0	02000000
player00.anm	15	2876	25	0	12	0	01000000
player00.anm	15	2888	8	0	12	0	c0000000
player00.anm	15	2900	82	0	12	0	01000000
player00.anm	15	2912	30	0	12	0	01000000
player00.anm	15	2924	36	0	24	0	0a000000010000000000004100000000
player00.anm	15	2948	1	10	8	0	
player00.anm	15	2956	-1	0	0	0	
player00.anm	16	2964	3	0	12	0	24000000
player00.anm	16	2976	83	0	12	0	02000000
player00.anm	16	2988	25	0	12	0	01000000
player00.anm	16	3000	8	0	12	0	c0000000
player00.anm	16	3012	30	0	12	0	01000000
player00.anm	16	3024	2	10000	8	0	
player00.anm	16	3032	-1	0	0	0	
player00.anm	17	3040	3	0	12	0	24000000
player00.anm	17	3052	83	0	12	0	02000000
player00.anm	17	3064	25	0	12	0	01000000
player00.anm	17	3076	8	0	12	0	c0000000
player00.anm	17	3088	82	0	12	0	01000000
player00.anm	17	3100	30	0	12	0	01000000
player00.anm	17	3112	36	0	24	0	0a000000010000000000a04000000000
player00.anm	17	3136	1	10	8	0	
player00.anm	17	3144	-1	0	0	0	
player00.anm	18	3152	3	0	12	0	19000000
player00.anm	18	3164	8	0	12	0	00000000
player00.anm	18	3176	34	0	20	0	0800000000000000ff000000
player00.anm	18	3196	7	0	16	0	000000000000c040
player00.anm	18	3212	36	0	24	0	08000000000000000000803f0000803f
player00.anm	18	3236	83	0	12	0	02000000
player00.anm	18	3248	21	0	12	0	01000000
player00.anm	18	3260	12	0	20	0	000000000000000000000000
player00.anm	18	3280	13	0	20	0	000000000000000000000000
player00.anm	18	3300	3	4	12	0	16000000
player00.anm	18	3312	3	8	12	0	17000000
player00.anm	18	3324	3	12	12	0	18000000
player00.anm	18	3336	3	16	12	0	19000000
player00.anm	18	3348	4	16	16	0	9400000000000000
player00.anm	18	3364	21	16	12	0	02000000
player00.anm	18	3376	12	16	20	0	000000000000000000000000
player00.anm	18	3396	13	16	20	0	000000000000000000000000
player00.anm	18	3416	3	20	12	0	1a000000
player00.anm	18	3428	3	24	12	0	1b000000
player00.anm	18	3440	3	28	12	0	1c000000
player00.anm	18	3452	3	32	12	0	1d000000
player00.anm	18	3464	4	32	16	0	0801000010000000
player00.anm	18	3480	21	32	12	0	03000000
player00.anm	18	3492	3	32	12	0	1e000000
player00.anm	18	3504	13	32	20	0	00000000000000007cd9203f
player00.anm	18	3524	20	32	8	0	
player00.anm	18	3532	21	32	12	0	04000000
player00.anm	18	3544	3	32	12	0	1e000000
player00.anm	18	3556	13	32	20	0	00000000000000007cd920bf
player00.anm	18	3576	20	32	8	0	
player00.anm	18	3584	21	32	12	0	05000000
player00.anm	18	3596	82	32	12	0	01000000
player00.anm	18	3608	8	32	12	0	60000000
player00.anm	18	3620	34	32	20	0	080000000000000000000000
player00.anm	18	3640	36	32	24	0	1000000004000000cdcc6c4000000000
player00.anm	18	3664	1	48	8	0	
player00.anm	18	3672	-1	0	0	0	
player00.anm	19	134968	3	0	12	0	2c000000
player00.anm	19	134980	82	0	12	0	01000000
player00.anm	19	134992	7	0	16	0	0000000000000000
player00.anm	19	135008	36	0	24	0	1e000000040000000000803f0000803f
player00.anm	19	135032	9	0	20	0	ff000000ff000000ff000000
player00.anm	19	135052	33	0	28	0	1e00000000000000ff0000008000000060000000
player00.anm	19	135080	0	30	8	0	
player00.anm	19	135088	33	30	28	0	c8000000000000006000000060000000ff000000
player00.anm	19	135116	36	30	24	0	1e000000040000009a99193f9a99193f
player00.anm	19	135140	36	60	24	0	1e000000040000009a99993f9a99993f
player00.anm	19	135164	4	90	16	0	940000001e000000
player00.anm	19	135180	21	90	12	0	01000000
player00.anm	19	135192	36	90	24	0	14000000040000000000c0400000c040
player00.anm	19	135216	34	90	20	0	140000000400000000000000
player00.anm	19	135236	1	110	8	0	
player00.anm	19	135244	-1	0	0	0	
player00.anm	20	135252	3	0	12	0	2c000000
player00.anm	20	135264	82	0	12	0	01000000
player00.anm	20	135276	7	0	16	0	0000000000000000
player00.anm	20	135292	36	0	24	0	14000000040000000000804000008040
player00.anm	20	135316	34	0	20	0	140000000500000000000000
player00.anm	20	135336	33	0	28	0	1400000000000000ff0000008000000060000000
player00.anm	20	135364	1	20	8	0	
player00.anm	20	135372	-1	0	0	0	
player00.anm	21	135380	3	0	12	0	2d000000
player00.anm	21	135392	7	0	16	0	0000404000004040
player00.anm	21	135408	36	0	24	0	1e000000040000000000004000000040
player00.anm	21	135432	8	0	12	0	00000000
player00.anm	21	135444	34	0	20	0	1e00000000000000c0000000
player00.anm	21	135464	21	120	12	0	01000000
player00.anm	21	135476	34	120	20	0	1e0000000400000000000000
player00.anm	21	135496	1	150	8	0	
player00.anm	21	135504	-1	0	0	0	
player00.anm	22	135512	3	0	12	0	2e000000
player00.anm	22	135524	82	0	12	0	01000000
player00.anm	22	135536	8	0	12	0	00000000
player00.anm	22	135548	34	30	20	0	1e00000000000000c0000000
player00.anm	22	135568	7	30	16	0	0000804000008040
player00.anm	22	135584	36	30	24	0	1e000000040000000000204000002040
player00.anm	22	135608	13	30	20	0	000000000000000085f6693d
player00.anm	22	135628	21	120	12	0	01000000
player00.anm	22	135640	34	120	20	0	1e0000000400000000000000
player00.anm	22	135660	1	150	8	0	
player00.anm	22	135668	-1	0	0	0	
player01.anm	0	1128	3	0	12	0	00000000
player01.anm	0	1140	3	6	12	0	01000000
player01.anm	0	1152	3	12	12	0	02000000
player01.anm	0	1164	3	18	12	0	03000000
player01.anm	0	1176	4	24	16	0	0000000000000000
player01.anm	0	1192	-1	0	0	0	
player01.anm	1	1200	3	0	12	0	04000000
player01.anm	1	1212	3	1	12	0	05000000
player01.anm	1	1224	3	2	12	0	06000000
player01.anm	1	1236	3	3	12	0	07000000
player01.anm	1	1248	3	9	12	0	08000000
player01.anm	1	1260	3	15	12	0	09000000
player01.anm	1	1272	3	21	12	0	0a000000
player01.anm	1	1284	4	26	16	0	2400000002000000
player01.anm	1	1300	-1	0	0	0	
player01.anm	2	1308	3	0	12	0	07000000
player01.anm	2	1320	3	1	12	0	06000000
player01.anm	2	1332	3	2	12	0	05000000
player01.anm	2	1344	3	3	12	0	04000000
player01.anm	2	1356	3	4	12	0	00000000
player01.anm	2	1368	3	10	12	0	01000000
player01.anm	2	1380	3	16	12	0	02000000
player01.anm	2	1392	3	22	12	0	03000000
player01.anm	2	1404	4	27	16	0	3000000003000000
player01.anm	2	1420	-1	0	0	0	
player01.anm	3	1428	10	0	8	0	
player01.anm	3	1436	3	0	12	0	04000000
player01.anm	3	1448	3	1	12	0	05000000
player01.anm	3	1460	3	2	12	0	06000000
player01.anm	3	1472	3	3	12	0	07000000
player01.anm	3	1484	3	9	12	0	08000000
player01.anm	3	1496	3	15	12	0	09000000
player01.anm	3	1508	3	21	12	0	0a000000
player01.anm	3	1520	4	26	16	0	2c00000002000000
player01.anm	3	1536	-1	0	0	0	
player01.anm	4	1544	10	0	8	0	
player01.anm	4	1552	3	0	12	0	07000000
player01.anm	4	1564	3	1	12	0	06000000
player01.anm	4	1576	3	2	12	0	05000000
player01.anm	4	1588	3	3	12	0	04000000
player01.anm	4	1600	3	4	12	0	00000000
player01.anm	4	1612	3	10	12	0	01000000
player01.anm	4	1624	3	16	12	0	02000000
player01.anm	4	1636	3	22	12	0	03000000
player01.anm	4	1648	4	27	16	0	3800000003000000
player01.anm	4	1664	-1	0	0	0	
player01.anm	5	1672	3	0	12	0	0b000000
player01.anm	5	1684	3	6	12	0	0c000000
player01.anm	5	1696	3	12	12	0	0d000000
player01.anm	5	1708	3	18	12	0	0e000000
player01.anm	5	1720	4	24	16	0	0000000000000000
player01.anm	5	1736	-1	0	0	0	
player01.anm	6	1744	3	0	12	0	0f000000
player01.anm	6	1756	3	1	12	0	10000000
player01.anm	6	1768	3	2	12	0	11000000
player01.anm	6	1780	3	3	12	0	12000000
player01.anm	6	1792	3	9	12	0	13000000
player01.anm	6	1804	3	15	12	0	14000000
player01.anm	6	1816	3	21	12	0	15000000
player01.anm	6	1828	4	26	16	0	2400000002000000
player01.anm	6	1844	-1	0	0	0	
player01.anm	7	1852	3	0	12	0	12000000
player01.anm	7	1864	3	1	12	0	11000000
player01.anm	7	1876	3	2	12	0	10000000
player01.anm	7	1888	3	3	12	0	0f000000
player01.anm	7	1900	3	4	12	0	0b000000
player01.anm	7	1912	3	10	12	0	0c000000
player01.anm	7	1924	3	16	12	0	0d000000
player01.anm	7	1936	3	22	12	0	0e000000
player01.anm	7	1948	4	27	16	0	3000000003000000
player01.anm	7	1964	-1	0	0	0	
player01.anm	8	1972	10	0	8	0	
player01.anm	8	1980	3	0	12	0	0f000000
player01.anm	8	1992	3	1	12	0	10000000
player01.anm	8	2004	3	2	12	0	11000000
player01.anm	8	2016	3	3	12	0	12000000
player01.anm	8	2028	3	9	12	0	13000000
player01.anm	8	2040	3	15	12	0	14000000
player01.anm	8	2052	3	21	12	0	15000000
player01.anm	8	2064	4	26	16	0	2c00000002000000
player01.anm	8	2080	-1	0	0	0	
player01.anm	9	2088	10	0	8	0	
player01.anm	9	2096	3	0	12	0	12000000
player01.anm	9	2108	3	1	12	0	11000000
player01.anm	9	2120	3	2	12	0	10000000
player01.anm	9	2132	3	3	12	0	0f000000
player01.anm	9	2144	3	4	12	0	0b000000
player01.anm	9	2156	3	10	12	0	0c000000
player01.anm	9	2168	3	16	12	0	0d000000
player01.anm	9	2180	3	22	12	0	0e000000
player01.anm	9	2192	4	27	16	0	3800000003000000
player01.anm	9	2208	-1	0	0	0	
player01.anm	10	2216	3	0	12	0	1a000000
player01.anm	10	2228	83	0	12	0	02000000
player01.anm	10	2240	25	0	12	0	01000000
player01.anm	10	2252	8	0	12	0	a0000000
player01.anm	10	2264	30	0	12	0	01000000
player01.anm	10	2276	2	10000	8	0	
player01.anm	10	2284	-1	0	0	0	
player01.anm	11	2292	13	0	20	0	0000000000000000cdcc4c3e
player01.anm	11	2312	25	0	12	0	01000000
player01.anm	11	2324	8	0	12	0	aa000000
player01.anm	11	2336	34	0	20	0	1e0000000000000000000000
player01.anm	11	2356	36	0	24	0	1e000000000000009a99993f6666e63f
player01.anm	11	2380	82	0	12	0	01000000
player01.anm	11	2392	3	0	12	0	1b000000
player01.anm	11	2404	83	0	12	0	02000000
player01.anm	11	2416	1	30	8	0	
player01.anm	11	2424	-1	0	0	0	
player01.anm	12	2432	3	0	12	0	1c000000
player01.anm	12	2444	83	0	12	0	02000000
player01.anm	12	2456	8	0	12	0	60000000
player01.anm	12	2468	30	0	12	0	01000000
player01.anm	12	2480	7	0	16	0	cdcc4c3fcdcc4c3f
player01.anm	12	2496	2	10000	8	0	
player01.anm	12	2504	-1	0	0	0	
player01.anm	13	2512	13	0	20	0	00000000000000009a9999be
player01.anm	13	2532	8	0	12	0	80000000
player01.anm	13	2544	34	0	20	0	140000000000000000000000
player01.anm	13	2564	36	0	24	0	14000000000000000000c03f0000c03f
player01.anm	13	2588	82	0	12	0	01000000
player01.anm	13	2600	3	0	12	0	1d000000
player01.anm	13	2612	83	0	12	0	02000000
player01.anm	13	2624	7	0	16	0	cdcc4c3ecdcc4c3e
player01.anm	13	2640	36	0	24	0	14000000040000000000803f0000803f
player01.anm	13	2664	1	20	8	0	
player01.anm	13	2672	-1	0	0	0	
player01.anm	14	2680	3	0	12	0	1c000000
player01.anm	14	2692	83	0	12	0	02000000
player01.anm	14	2704	8	0	12	0	60000000
player01.anm	14	2716	30	0	12	0	01000000
player01.anm	14	2728	7	0	16	0	0000803f0000803f
player01.anm	14	2744	2	10000	8	0	
player01.anm	14	2752	-1	0	0	0	
player01.anm	15	2760	13	0	20	0	00000000000000009a9999be
player01.anm	15	2780	8	0	12	0	84000000
player01.anm	15	2792	34	0	20	0	140000000000000000000000
player01.anm	15	2812	36	0	24	0	14000000000000000000c03f0000c03f
player01.anm	15	2836	82	0	12	0	01000000
player01.anm	15	2848	3	0	12	0	1d000000
player01.anm	15	2860	83	0	12	0	02000000
player01.anm	15	2872	7	0	16	0	cdcc4c3ecdcc4c3e
player01.anm	15	2888	36	0	24	0	14000000040000009a99993f9a99993f
player01.anm	15	2912	1	20	8	0	
player01.anm	15	2920	-1	0	0	0	
player01.anm	16	2928	3	0	12	0	1c000000
player01.anm	16	2940	83	0	12	0	02000000
player01.anm	16	2952	8	0	12	0	60000000
player01.anm	16	2964	30	0	12	0	01000000
player01.anm	16	2976	7	0	16	0	0000803fcdcc8c3f
player01.anm	16	2992	2	10000	8	0	
player01.anm	16	3000	-1	0	0	0	
player01.anm	17	3008	13	0	20	0	00000000000000009a9999be
player01.anm	17	3028	8	0	12	0	90000000
player01.anm	17	3040	34	0	20	0	140000000000000000000000
player01.anm	17	3060	36	0	24	0	14000000000000000000c03f0000c03f
player01.anm	17	3084	82	0	12	0	01000000
player01.anm	17	3096	3	0	12	0	1d000000
player01.anm	17	3108	83	0	12	0	02000000
player01.anm	17	3120	7	0	16	0	cdcc4c3ecdcc4c3e
player01.anm	17	3136	36	0	24	0	14000000040000003333b33f3333b33f
player01.anm	17	3160	1	20	8	0	
player01.anm	17	3168	-1	0	0	0	
player01.anm	18	3176	3	0	12	0	1c000000
player01.anm	18	3188	83	0	12	0	02000000
player01.anm	18	3200	8	0	12	0	60000000
player01.anm	18	3212	30	0	12	0	01000000
player01.anm	18	3224	7	0	16	0	0000803f9a99993f
player01.anm	18	3240	2	10000	8	0	
player01.anm	18	3248	-1	0	0	0	
player01.anm	19	3256	13	0	20	0	00000000000000009a9999be
player01.anm	19	3276	8	0	12	0	a0000000
player01.anm	19	3288	34	0	20	0	140000000000000000000000
player01.anm	19	3308	36	0	24	0	14000000000000000000c03f0000c03f
player01.anm	19	3332	82	0	12	0	01000000
player01.anm	19	3344	3	0	12	0	1d000000
player01.anm	19	3356	83	0	12	0	02000000
player01.anm	19	3368	7	0	16	0	cdcc4c3ecdcc4c3e
player01.anm	19	3384	36	0	24	0	1400000004000000cdcccc3fcdcccc3f
player01.anm	19	3408	1	20	8	0	
player01.anm	19	3416	-1	0	0	0	
player01.anm	20	3424	3	0	12	0	1c000000
player01.anm	20	3436	83	0	12	0	02000000
player01.anm	20	3448	8	0	12	0	60000000
player01.anm	20	3460	30	0	12	0	01000000
player01.anm	20	3472	7	0	16	0	0000803f6666a63f
player01.anm	20	3488	2	10000	8	0	
player01.anm	20	3496	-1	0	0	0	
player01.anm	21	3504	13	0	20	0	00000000000000009a9999be
player01.anm	21	3524	8	0	12	0	aa000000
player01.anm	21	3536	34	0	20	0	140000000000000000000000
player01.anm	21	3556	36	0	24	0	14000000000000000000c03f0000c03f
player01.anm	21	3580	82	0	12	0	01000000
player01.anm	21	3592	3	0	12	0	1d000000
player01.anm	21	3604	83	0	12	0	02000000
player01.anm	21	3616	7	0	16	0	cdcc4c3ecdcc4c3e
player01.anm	21	3632	36	0	24	0	14000000040000000000004000000040
player01.anm	21	3656	1	20	8	0	
player01.anm	21	3664	-1	0	0	0	
player01.anm	22	3672	3	0	12	0	1e000000
player01.anm	22	3684	83	0	12	0	02000000
player01.anm	22	3696	25	0	12	0	01000000
player01.anm	22	3708	8	0	12	0	60000000
player01.anm	22	3720	30	0	12	0	01000000
player01.anm	22	3732	2	10000	8	0	
player01.anm	22	3740	-1	0	0	0	
player01.anm	23	3748	13	0	20	0	0000000000000000cdcc4c3e
player01.anm	23	3768	25	0	12	0	01000000
player01.anm	23	3780	8	0	12	0	80000000
player01.anm	23	3792	34	0	20	0	1e0000000000000000000000
player01.anm	23	3812	36	0	24	0	1e000000000000009a99993f6666e63f
player01.anm	23	3836	82	0	12	0	01000000
player01.anm	23	3848	3	0	12	0	1f000000
player01.anm	23	3860	83	0	12	0	02000000
player01.anm	23	3872	1	30	8	0	
player01.anm	23	3880	-1	0	0	0	
player01.anm	24	3888	3	0	12	0	20000000
player01.anm	24	3900	83	0	12	0	02000000
player01.anm	24	3912	8	0	12	0	46000000
player01.anm	24	3924	7	0	16	0	0000803f0000003f
player01.anm	24	3940	30	0	12	0	01000000
player01.anm	24	3952	12	0	20	0	0000000000000000db0fc93f
player01.anm	24	3972	80	0	12	0	0000803d
player01.anm	24	3984	0	0	8	0	
player01.anm	24	3992	4	10000	16	0	6000000000000000
player01.anm	24	4008	21	10000	12	0	01000000
player01.anm	24	4020	34	10000	20	0	140000000000000000000000
player01.anm	24	4040	1	10020	8	0	
player01.anm	24	4048	-1	0	0	0	
player01.anm	25	4056	3	0	12	0	20000000
player01.anm	25	4068	83	0	12	0	02000000
player01.anm	25	4080	8	0	12	0	46000000
player01.anm	25	4092	7	0	16	0	0000803f9a99193f
player01.anm	25	4108	30	0	12	0	01000000
player01.anm	25	4120	12	0	20	0	0000000000000000db0fc93f
player01.anm	25	4140	80	0	12	0	0000803d
player01.anm	25	4152	0	0	8	0	
player01.anm	25	4160	4	10000	16	0	6000000000000000
player01.anm	25	4176	21	10000	12	0	01000000
player01.anm	25	4188	34	10000	20	0	140000000000000000000000
player01.anm	25	4208	1	10020	8	0	
player01.anm	25	4216	-1	0	0	0	
player01.anm	26	4224	3	0	12	0	20000000
player01.anm	26	4236	83	0	12	0	02000000
player01.anm	26	4248	8	0	12	0	46000000
player01.anm	26	4260	7	0	16	0	0000803f3333333f
player01.anm	26	4276	30	0	12	0	01000000
player01.anm	26	4288	12	0	20	0	0000000000000000db0fc93f
player01.anm	26	4308	80	0	12	0	0000803d
player01.anm	26	4320	0	0	8	0	
player01.anm	26	4328	4	10000	16	0	6000000000000000
player01.anm	26	4344	21	10000	12	0	01000000
player01.anm	26	4356	34	10000	20	0	140000000000000000000000
player01.anm	26	4376	1	10020	8	0	
player01.anm	26	4384	-1	0	0	0	
player01.anm	27	4392	3	0	12	0	20000000
player01.anm	27	4404	83	0	12	0	02000000
player01.anm	27	4416	8	0	12	0	46000000
player01.anm	27	4428	7	0	16	0	0000803fcdcc4c3f
player01.anm	27	4444	30	0	12	0	01000000
player01.anm	27	4456	12	0	20	0	0000000000000000db0fc93f
player01.anm	27	4476	80	0	12	0	0000803d
player01.anm	27	4488	0	0	8	0	
player01.anm	27	4496	4	10000	16	0	6000000000000000
player01.anm	27	4512	21	10000	12	0	01000000
player01.anm	27	4524	34	10000	20	0	140000000000000000000000
player01.anm	27	4544	1	10020	8	0	
player01.anm	27	4552	-1	0	0	0	
player01.anm	28	4560	3	0	12	0	20000000
player01.anm	28	4572	83	0	12	0	02000000
player01.anm	28	4584	8	0	12	0	46000000
player01.anm	28	4596	7	0	16	0	0000803f0000803f
player01.anm	28	4612	30	0	12	0	01000000
player01.anm	28	4624	12	0	20	0	0000000000000000db0fc93f
player01.anm	28	4644	80	0	12	0	0000803d
player01.anm	28	4656	0	0	8	0	
player01.anm	28	4664	4	10000	16	0	6000000000000000
player01.anm	28	4680	21	10000	12	0	01000000
player01.anm	28	4692	34	10000	20	0	140000000000000000000000
player01.anm	28	4712	1	10020	8	0	
player01.anm	28	4720	-1	0	0	0	
player01.anm	29	4728	3	0	12	0	19000000
player01.anm	29	4740	8	0	12	0	00000000
player01.anm	29	4752	34	0	20	0	0800000000000000ff000000
player01.anm	29	4772	7	0	16	0	000000000000c040
player01.anm	29	4788	36	0	24	0	08000000000000000000803f0000803f
player01.anm	29	4812	83	0	12	0	02000000
player01.anm	29	4824	21	0	12	0	01000000
player01.anm	29	4836	12	0	20	0	000000000000000000000000
player01.anm	29	4856	13	0	20	0	000000000000000000000000
player01.anm	29	4876	3	4	12	0	16000000
player01.anm	29	4888	3	8	12	0	17000000
player01.anm	29	4900	3	12	12	0	18000000
player01.anm	29	4912	3	16	12	0	19000000
player01.anm	29	4924	4	16	16	0	9400000000000000
player01.anm	29	4940	21	16	12	0	05000000
player01.anm	29	4952	82	16	12	0	01000000
player01.anm	29	4964	8	16	12	0	60000000
player01.anm	29	4976	34	16	20	0	080000000000000000000000
player01.anm	29	4996	36	16	24	0	1000000004000000cdcc6c4000000000
player01.anm	29	5020	1	32	8	0	
player01.anm	29	5028	-1	0	0	0	
player01.anm	30	136324	3	0	12	0	21000000
player01.anm	30	136336	82	0	12	0	01000000
player01.anm	30	136348	9	0	20	0	ff000000ff000000ff000000
player01.anm	30	136368	33	0	28	0	3c0000000000000080000000ff00000080000000
player01.anm	30	136396	8	0	12	0	00000000
player01.anm	30	136408	34	0	20	0	3c0000000000000050000000
player01.anm	30	136428	7	0	16	0	000000400000a040
player01.anm	30	136444	36	0	24	0	3c000000040000000000004000000040
player01.anm	30	136468	30	0	12	0	01000000
player01.anm	30	136480	34	250	20	0	3c0000000000000000000000
player01.anm	30	136500	1	310	8	0	
player01.anm	30	136508	-1	0	0	0	
player01.anm	31	136516	3	0	12	0	21000000
player01.anm	31	136528	82	0	12	0	01000000
player01.anm	31	136540	9	0	20	0	ff000000ff000000ff000000
player01.anm	31	136560	33	0	28	0	3c0000000000000080000000ff000000c0000000
player01.anm	31	136588	8	0	12	0	00000000
player01.anm	31	136600	34	0	20	0	3c0000000000000080000000
player01.anm	31	136620	7	0	16	0	000000400000a040
player01.anm	31	136636	36	0	24	0	3c000000040000000000004000000040
player01.anm	31	136660	30	0	12	0	01000000
player01.anm	31	136672	34	250	20	0	3c0000000000000000000000
player01.anm	31	136692	1	310	8	0	
player01.anm	31	136700	-1	0	0	0	
player01.anm	32	136708	3	0	12	0	21000000
player01.anm	32	136720	82	0	12	0	01000000
player01.anm	32	136732	9	0	20	0	ff000000ff000000ff000000
player01.anm	32	136752	33	0	28	0	3c00000000000000ff000000ff000000ff000000
player01.anm	32	136780	8	0	12	0	00000000
player01.anm	32	136792	34	0	20	0	3c00000000000000ff000000
player01.anm	32	136812	7	0	16	0	00000040cdcccc3d
player01.anm	32	136828	36	0	24	0	3c000000040000000000004000000040
player01.anm	32	136852	30	0	12	0	01000000
player01.anm	32	136864	34	250	20	0	3c0000000000000000000000
player01.anm	32	136884	1	310	8	0	
player01.anm	32	136892	-1	0	0	0	
player01.anm	33	136900	3	0	12	0	21000000
player01.anm	33	136912	82	0	12	0	01000000
player01.anm	33	136924	9	0	20	0	ff000000ff000000ff000000
player01.anm	33	136944	33	0	28	0	3c0000000000000080000000c0000000ff000000
player01.anm	33	136972	8	0	12	0	00000000
player01.anm	33	136984	34	0	20	0	3c0000000000000080000000
player01.anm	33	137004	7	0	16	0	000000400000a040
player01.anm	33	137020	36	0	24	0	3c000000040000000000004000000040
player01.anm	33	137044	30	0	12	0	01000000
player01.anm	33	137056	34	250	20	0	3c0000000000000000000000
player01.anm	33	137076	1	310	8	0	
player01.anm	33	137084	-1	0	0	0	
player01.anm	34	137092	3	0	12	0	21000000
player01.anm	34	137104	82	0	12	0	01000000
player01.anm	34	137116	9	0	20	0	ff000000ff000000ff000000
player01.anm	34	137136	33	0	28	0	3c000000000000008000000080000000ff000000
player01.anm	34	137164	8	0	12	0	00000000
player01.anm	34	137176	34	0	20	0	3c0000000000000050000000
player01.anm	34	137196	7	0	16	0	000000400000a040
player01.anm	34	137212	36	0	24	0	3c000000040000000000004000000040
player01.anm	34	137236	30	0	12	0	01000000
player01.anm	34	137248	34	250	20	0	3c0000000000000000000000
player01.anm	34	137268	1	310	8	0	
player01.anm	34	137276	-1	0	0	0	
player01.anm	35	137284	3	0	12	0	21000000
player01.anm	35	137296	82	0	12	0	01000000
player01.anm	35	137308	9	0	20	0	ff000000ff000000ff000000
player01.anm	35	137328	33	0	28	0	3c00000000000000ff000000ff00000080000000
player01.anm	35	137356	8	0	12	0	00000000
player01.anm	35	137368	34	0	20	0	3c0000000000000050000000
player01.anm	35	137388	7	0	16	0	000000400000a040
player01.anm	35	137404	36	0	24	0	3c000000040000000000004000000040
player01.anm	35	137428	30	0	12	0	01000000
player01.anm	35	137440	34	300	20	0	3c0000000000000000000000
player01.anm	35	137460	1	360	8	0	
player01.anm	35	137468	-1	0	0	0	
player01.anm	36	137476	3	0	12	0	21000000
player01.anm	36	137488	82	0	12	0	01000000
player01.anm	36	137500	9	0	20	0	ff000000ff000000ff000000
player01.anm	36	137520	33	0	28	0	3c00000000000000ff000000ff000000c0000000
player01.anm	36	137548	8	0	12	0	00000000
player01.anm	36	137560	34	0	20	0	3c0000000000000080000000
player01.anm	36	137580	7	0	16	0	000000400000a040
player01.anm	36	137596	36	0	24	0	3c000000040000000000004000000040
player01.anm	36	137620	30	0	12	0	01000000
player01.anm	36	137632	34	300	20	0	3c0000000000000000000000
player01.anm	36	137652	1	360	8	0	
player01.anm	36	137660	-1	0	0	0	
player01.anm	37	137668	3	0	12	0	21000000
player01.anm	37	137680	82	0	12	0	01000000
player01.anm	37	137692	9	0	20	0	ff000000ff000000ff000000
player01.anm	37	137712	33	0	28	0	3c00000000000000ff000000ff000000ff000000
player01.anm	37	137740	8	0	12	0	00000000
player01.anm	37	137752	34	0	20	0	3c00000000000000ff000000
player01.anm	37	137772	7	0	16	0	00000040cdcccc3d
player01.anm	37	137788	36	0	24	0	3c000000040000000000004000000040
player01.anm	37	137812	30	0	12	0	01000000
player01.anm	37	137824	34	300	20	0	3c0000000000000000000000
player01.anm	37	137844	1	360	8	0	
player01.anm	37	137852	-1	0	0	0	
player01.anm	38	137860	3	0	12	0	21000000
player01.anm	38	137872	82	0	12	0	01000000
player01.anm	38	137884	9	0	20	0	ff000000ff000000ff000000
player01.anm	38	137904	33	0	28	0	3c00000000000000ff000000c0000000ff000000
player01.anm	38	137932	8	0	12	0	00000000
player01.anm	38	137944	34	0	20	0	3c0000000000000080000000
player01.anm	38	137964	7	0	16	0	000000400000a040
player01.anm	38	137980	36	0	24	0	3c000000040000000000004000000040
player01.anm	38	138004	30	0	12	0	01000000
player01.anm	38	138016	34	300	20	0	3c0000000000000000000000
player01.anm	38	138036	1	360	8	0	
player01.anm	38	138044	-1	0	0	0	
player01.anm	39	138052	3	0	12	0	21000000
player01.anm	39	138064	82	0	12	0	01000000
player01.anm	39	138076	9	0	20	0	ff000000ff000000ff000000
player01.anm	39	138096	33	0	28	0	3c00000000000000ff00000080000000ff000000
player01.anm	39	138124	8	0	12	0	00000000
player01.anm	39	138136	34	0	20	0	3c0000000000000050000000
player01.anm	39	138156	7	0	16	0	000000400000a040
player01.anm	39	138172	36	0	24	0	3c000000040000000000004000000040
player01.anm	39	138196	30	0	12	0	01000000
player01.anm	39	138208	34	300	20	0	3c0000000000000000000000
player01.anm	39	138228	1	360	8	0	
player01.anm	39	138236	-1	0	0	0	
player02.anm	0	896	3	0	12	0	00000000
player02.anm	0	908	3	6	12	0	01000000
player02.anm	0	920	3	12	12	0	02000000
player02.anm	0	932	3	18	12	0	03000000
player02.anm	0	944	4	24	16	0	0000000000000000
player02.anm	0	960	-1	0	0	0	
player02.anm	1	968	3	0	12	0	04000000
player02.anm	1	980	3	1	12	0	05000000
player02.anm	1	992	3	2	12	0	06000000
player02.anm	1	1004	3	3	12	0	07000000
player02.anm	1	1016	3	9	12	0	08000000
player02.anm	1	1028	3	15	12	0	09000000
player02.anm	1	1040	3	21	12	0	0a000000
player02.anm	1	1052	4	26	16	0	480000000f000000
player02.anm	1	1068	-1	0	0	0	
player02.anm	2	1076	3	0	12	0	07000000
player02.anm	2	1088	3	1	12	0	06000000
player02.anm	2	1100	3	2	12	0	05000000
player02.anm	2	1112	3	3	12	0	04000000
player02.anm	2	1124	3	4	12	0	00000000
player02.anm	2	1136	3	10	12	0	01000000
player02.anm	2	1148	3	16	12	0	02000000
player02.anm	2	1160	3	22	12	0	03000000
player02.anm	2	1172	4	27	16	0	3000000003000000
player02.anm	2	1188	-1	0	0	0	
player02.anm	3	1196	10	0	8	0	
player02.anm	3	1204	3	0	12	0	04000000
player02.anm	3	1216	3	1	12	0	05000000
player02.anm	3	1228	3	2	12	0	06000000
player02.anm	3	1240	3	3	12	0	07000000
player02.anm	3	1252	3	9	12	0	08000000
player02.anm	3	1264	3	15	12	0	09000000
player02.anm	3	1276	3	21	12	0	0a000000
player02.anm	3	1288	4	26	16	0	500000000f000000
player02.anm	3	1304	-1	0	0	0	
player02.anm	4	1312	10	0	8	0	
player02.anm	4	1320	3	0	12	0	07000000
player02.anm	4	1332	3	1	12	0	06000000
player02.anm	4	1344	3	2	12	0	05000000
player02.anm	4	1356	3	3	12	0	04000000
player02.anm	4	1368	3	4	12	0	00000000
player02.anm	4	1380	3	10	12	0	01000000
player02.anm	4	1392	3	16	12	0	02000000
player02.anm	4	1404	3	22	12	0	03000000
player02.anm	4	1416	4	27	16	0	3800000003000000
player02.anm	4	1432	-1	0	0	0	
player02.anm	5	1440	3	0	12	0	0b000000
player02.anm	5	1452	3	6	12	0	0c000000
player02.anm	5	1464	3	12	12	0	0d000000
player02.anm	5	1476	3	18	12	0	0e000000
player02.anm	5	1488	4	24	16	0	0000000000000000
player02.anm	5	1504	-1	0	0	0	
player02.anm	6	1512	3	0	12	0	0f000000
player02.anm	6	1524	3	2	12	0	10000000
player02.anm	6	1536	3	8	12	0	11000000
player02.anm	6	1548	3	14	12	0	12000000
player02.anm	6	1560	3	20	12	0	13000000
player02.anm	6	1572	4	26	16	0	1800000002000000
player02.anm	6	1588	-1	0	0	0	
player02.anm	7	1596	3	0	12	0	10000000
player02.anm	7	1608	3	1	12	0	0f000000
player02.anm	7	1620	3	2	12	0	0b000000
player02.anm	7	1632	3	8	12	0	0c000000
player02.anm	7	1644	3	14	12	0	0d000000
player02.anm	7	1656	3	20	12	0	0e000000
player02.anm	7	1668	4	25	16	0	1800000001000000
player02.anm	7	1684	-1	0	0	0	
player02.anm	8	1692	10	0	8	0	
player02.anm	8	1700	3	0	12	0	0f000000
player02.anm	8	1712	3	2	12	0	10000000
player02.anm	8	1724	3	8	12	0	11000000
player02.anm	8	1736	3	14	12	0	12000000
player02.anm	8	1748	3	20	12	0	13000000
player02.anm	8	1760	4	26	16	0	2000000002000000
player02.anm	8	1776	-1	0	0	0	
player02.anm	9	1784	10	0	8	0	
player02.anm	9	1792	3	0	12	0	10000000
player02.anm	9	1804	3	1	12	0	0f000000
player02.anm	9	1816	3	2	12	0	0b000000
player02.anm	9	1828	3	8	12	0	0c000000
player02.anm	9	1840	3	14	12	0	0d000000
player02.anm	9	1852	3	20	12	0	0e000000
player02.anm	9	1864	4	25	16	0	2000000001000000
player02.anm	9	1880	-1	0	0	0	
player02.anm	10	1888	3	0	12	0	15000000
player02.anm	10	1900	83	0	12	0	02000000
player02.anm	10	1912	25	0	12	0	01000000
player02.anm	10	1924	8	0	12	0	80000000
player02.anm	10	1936	30	0	12	0	01000000
player02.anm	10	1948	2	10000	8	0	
player02.anm	10	1956	-1	0	0	0	
player02.anm	11	1964	3	0	12	0	15000000
player02.anm	11	1976	25	0	12	0	01000000
player02.anm	11	1988	8	0	12	0	80000000
player02.anm	11	2000	34	0	20	0	1e0000000000000000000000
player02.anm	11	2020	36	0	24	0	1e000000000000000000000000007041
player02.anm	11	2044	82	0	12	0	01000000
player02.anm	11	2056	83	0	12	0	02000000
player02.anm	11	2068	1	30	8	0	
player02.anm	11	2076	-1	0	0	0	
player02.anm	12	2084	3	0	12	0	16000000
player02.anm	12	2096	83	0	12	0	02000000
player02.anm	12	2108	25	0	12	0	01000000
player02.anm	12	2120	8	0	12	0	80000000
player02.anm	12	2132	30	0	12	0	01000000
player02.anm	12	2144	2	10000	8	0	
player02.anm	12	2152	-1	0	0	0	
player02.anm	13	2160	3	0	12	0	16000000
player02.anm	13	2172	25	0	12	0	01000000
player02.anm	13	2184	8	0	12	0	80000000
player02.anm	13	2196	34	0	20	0	1e0000000000000000000000
player02.anm	13	2216	36	0	24	0	1e00000000000000000000000000a041
player02.anm	13	2240	82	0	12	0	01000000
player02.anm	13	2252	83	0	12	0	02000000
player02.anm	13	2264	1	30	8	0	
player02.anm	13	2272	-1	0	0	0	
player02.anm	14	2280	3	0	12	0	17000000
player02.anm	14	2292	83	0	12	0	02000000
player02.anm	14	2304	25	0	12	0	01000000
player02.anm	14	2316	8	0	12	0	80000000
player02.anm	14	2328	30	0	12	0	01000000
player02.anm	14	2340	2	10000	8	0	
player02.anm	14	2348	-1	0	0	0	
player02.anm	15	2356	3	0	12	0	17000000
player02.anm	15	2368	25	0	12	0	01000000
player02.anm	15	2380	8	0	12	0	80000000
player02.anm	15	2392	34	0	20	0	1e0000000000000000000000
player02.anm	15	2412	36	0	24	0	1e000000000000000000a0400000a040
player02.anm	15	2436	82	0	12	0	01000000
player02.anm	15	2448	83	0	12	0	02000000
player02.anm	15	2460	1	30	8	0	
player02.anm	15	2468	-1	0	0	0	
player02.anm	16	2476	3	0	12	0	18000000
player02.anm	16	2488	83	0	12	0	02000000
player02.anm	16	2500	25	0	12	0	01000000
player02.anm	16	2512	8	0	12	0	80000000
player02.anm	16	2524	30	0	12	0	01000000
player02.anm	16	2536	2	10000	8	0	
player02.anm	16	2544	-1	0	0	0	
player02.anm	17	2552	3	0	12	0	18000000
player02.anm	17	2564	25	0	12	0	01000000
player02.anm	17	2576	8	0	12	0	80000000
player02.anm	17	2588	34	0	20	0	1e0000000000000000000000
player02.anm	17	2608	36	0	24	0	1e00000000000000000000000000a041
player02.anm	17	2632	82	0	12	0	01000000
player02.anm	17	2644	83	0	12	0	02000000
player02.anm	17	2656	1	30	8	0	
player02.anm	17	2664	-1	0	0	0	
player02.anm	18	2672	3	0	12	0	17000000
player02.anm	18	2684	83	0	12	0	02000000
player02.anm	18	2696	25	0	12	0	01000000
player02.anm	18	2708	82	0	12	0	01000000
player02.anm	18	2720	8	0	12	0	ff000000
player02.anm	18	2732	7	0	16	0	0000004000000040
player02.anm	18	2748	36	0	24	0	06000000000000000000804000008040
player02.anm	18	2772	9	0	20	0	ff000000e0000000e0000000
player02.anm	18	2792	33	0	28	0	0600000000000000ff0000004000000040000000
player02.anm	18	2820	30	0	12	0	01000000
player02.anm	18	2832	36	60	24	0	14000000010000000000a0410000003f
player02.anm	18	2856	2	10000	8	0	
player02.anm	18	2864	-1	0	0	0	
player02.anm	19	2872	3	0	12	0	17000000
player02.anm	19	2884	25	0	12	0	01000000
player02.anm	19	2896	8	0	12	0	80000000
player02.anm	19	2908	34	0	20	0	1e0000000000000000000000
player02.anm	19	2928	9	0	20	0	ff0000004000000040000000
player02.anm	19	2948	7	0	16	0	0000004000000040
player02.anm	19	2964	36	0	24	0	1e000000000000000000e0400000e040
player02.anm	19	2988	82	0	12	0	01000000
player02.anm	19	3000	83	0	12	0	02000000
player02.anm	19	3012	1	30	8	0	
player02.anm	19	3020	-1	0	0	0	
player02.anm	20	3028	3	0	12	0	18000000
player02.anm	20	3040	83	0	12	0	02000000
player02.anm	20	3052	25	0	12	0	01000000
player02.anm	20	3064	8	0	12	0	ff000000
player02.anm	20	3076	30	0	12	0	01000000
player02.anm	20	3088	82	0	12	0	01000000
player02.anm	20	3100	7	0	16	0	0000004000000040
player02.anm	20	3116	36	30	24	0	3c000000010000000000a0410000803f
player02.anm	20	3140	2	10000	8	0	
player02.anm	20	3148	-1	0	0	0	
player02.anm	21	3156	3	0	12	0	18000000
player02.anm	21	3168	25	0	12	0	01000000
player02.anm	21	3180	8	0	12	0	80000000
player02.anm	21	3192	34	0	20	0	1e0000000000000000000000
player02.anm	21	3212	36	0	24	0	1e00000000000000000000000000a041
player02.anm	21	3236	82	0	12	0	01000000
player02.anm	21	3248	83	0	12	0	02000000
player02.anm	21	3260	82	0	12	0	01000000
player02.anm	21	3272	1	30	8	0	
player02.anm	21	3280	-1	0	0	0	
player02.anm	22	3288	3	0	12	0	15000000
player02.anm	22	3300	83	0	12	0	02000000
player02.anm	22	3312	25	0	12	0	01000000
player02.anm	22	3324	8	0	12	0	ff000000
player02.anm	22	3336	30	0	12	0	01000000
player02.anm	22	3348	82	0	12	0	01000000
player02.anm	22	3360	36	30	24	0	3c000000010000000000a0410000003f
player02.anm	22	3384	2	10000	8	0	
player02.anm	22	3392	-1	0	0	0	
player02.anm	23	3400	3	0	12	0	15000000
player02.anm	23	3412	25	0	12	0	01000000
player02.anm	23	3424	8	0	12	0	80000000
player02.anm	23	3436	34	0	20	0	1e0000000000000000000000
player02.anm	23	3456	7	0	16	0	000000000000a040
player02.anm	23	3472	36	0	24	0	1e000000000000000000000000007041
player02.anm	23	3496	82	0	12	0	01000000
player02.anm	23	3508	83	0	12	0	02000000
player02.anm	23	3520	82	0	12	0	01000000
player02.anm	23	3532	1	30	8	0	
player02.anm	23	3540	-1	0	0	0	
player02.anm	24	3548	3	0	12	0	14000000
player02.anm	24	3560	8	0	12	0	00000000
player02.anm	24	3572	12	0	20	0	000000000000000000000000
player02.anm	24	3592	13	0	20	0	0000000000000000db0fc93e
player02.anm	24	3612	34	0	20	0	0800000000000000ff000000
player02.anm	24	3632	7	0	16	0	0000000000000000
player02.anm	24	3648	36	0	24	0	08000000000000000000803f0000803f
player02.anm	24	3672	83	0	12	0	02000000
player02.anm	24	3684	21	0	12	0	01000000
player02.anm	24	3696	82	0	12	0	00000000
player02.anm	24	3708	13	8	20	0	000000000000000000000000
player02.anm	24	3728	7	8	16	0	0000803f0000803f
player02.anm	24	3744	4	408	16	0	c400000008000000
player02.anm	24	3760	21	408	12	0	02000000
player02.anm	24	3772	82	408	12	0	01000000
player02.anm	24	3784	36	408	24	0	0f000000000000000000004000000040
player02.anm	24	3808	4	808	16	0	0401000098010000
player02.anm	24	3824	21	808	12	0	05000000
player02.anm	24	3836	82	808	12	0	01000000
player02.anm	24	3848	8	808	12	0	60000000
player02.anm	24	3860	34	808	20	0	080000000000000000000000
player02.anm	24	3880	36	808	24	0	1000000004000000cdcc6c4000000000
player02.anm	24	3904	1	824	8	0	
player02.anm	24	3912	-1	0	0	0	
player03.anm	0	944	3	0	12	0	00000000
player03.anm	0	956	3	6	12	0	01000000
player03.anm	0	968	3	12	12	0	02000000
player03.anm	0	980	3	18	12	0	03000000
player03.anm	0	992	4	24	16	0	0000000000000000
player03.anm	0	1008	-1	0	0	0	
player03.anm	1	1016	3	0	12	0	04000000
player03.anm	1	1028	3	1	12	0	05000000
player03.anm	1	1040	3	7	12	0	06000000
player03.anm	1	1052	3	13	12	0	07000000
player03.anm	1	1064	4	18	16	0	0c00000000000000
player03.anm	1	1080	-1	0	0	0	
player03.anm	2	1088	3	0	12	0	05000000
player03.anm	2	1100	3	1	12	0	04000000
player03.anm	2	1112	3	2	12	0	00000000
player03.anm	2	1124	3	8	12	0	01000000
player03.anm	2	1136	3	14	12	0	02000000
player03.anm	2	1148	3	20	12	0	03000000
player03.anm	2	1160	4	25	16	0	1800000001000000
player03.anm	2	1176	-1	0	0	0	
player03.anm	3	1184	10	0	8	0	
player03.anm	3	1192	3	0	12	0	04000000
player03.anm	3	1204	3	1	12	0	05000000
player03.anm	3	1216	3	7	12	0	06000000
player03.anm	3	1228	3	13	12	0	07000000
player03.anm	3	1240	4	18	16	0	1400000000000000
player03.anm	3	1256	-1	0	0	0	
player03.anm	4	1264	10	0	8	0	
player03.anm	4	1272	3	0	12	0	05000000
player03.anm	4	1284	3	1	12	0	04000000
player03.anm	4	1296	3	2	12	0	00000000
player03.anm	4	1308	3	8	12	0	01000000
player03.anm	4	1320	3	14	12	0	02000000
player03.anm	4	1332	3	20	12	0	03000000
player03.anm	4	1344	4	25	16	0	2000000001000000
player03.anm	4	1360	-1	0	0	0	
player03.anm	5	1368	3	0	12	0	08000000
player03.anm	5	1380	3	6	12	0	09000000
player03.anm	5	1392	3	12	12	0	0a000000
player03.anm	5	1404	3	18	12	0	0b000000
player03.anm	5	1416	4	24	16	0	0000000000000000
player03.anm	5	1432	-1	0	0	0	
player03.anm	6	1440	3	0	12	0	0c000000
player03.anm	6	1452	3	3	12	0	0d000000
player03.anm	6	1464	3	9	12	0	0e000000
player03.anm	6	1476	3	15	12	0	0f000000
player03.anm	6	1488	4	18	16	0	0c00000000000000
player03.anm	6	1504	-1	0	0	0	
player03.anm	7	1512	3	0	12	0	0d000000
player03.anm	7	1524	3	3	12	0	0c000000
player03.anm	7	1536	3	6	12	0	08000000
player03.anm	7	1548	3	12	12	0	09000000
player03.anm	7	1560	3	18	12	0	0a000000
player03.anm	7	1572	3	24	12	0	0b000000
player03.anm	7	1584	4	27	16	0	1800000003000000
player03.anm	7	1600	-1	0	0	0	
player03.anm	8	1608	10	0	8	0	
player03.anm	8	1616	3	0	12	0	0c000000
player03.anm	8	1628	3	3	12	0	0d000000
player03.anm	8	1640	3	9	12	0	0e000000
player03.anm	8	1652	3	15	12	0	0f000000
player03.anm	8	1664	4	18	16	0	1400000000000000
player03.anm	8	1680	-1	0	0	0	
player03.anm	9	1688	10	0	8	0	
player03.anm	9	1696	3	0	12	0	0d000000
player03.anm	9	1708	3	3	12	0	0c000000
player03.anm	9	1720	3	6	12	0	08000000
player03.anm	9	1732	3	12	12	0	09000000
player03.anm	9	1744	3	18	12	0	0a000000
player03.anm	9	1756	3	24	12	0	0b000000
player03.anm	9	1768	4	27	16	0	2000000003000000
player03.anm	9	1784	-1	0	0	0	
player03.anm	10	1792	3	0	12	0	18000000
player03.anm	10	1804	83	0	12	0	02000000
player03.anm	10	1816	25	0	12	0	01000000
player03.anm	10	1828	8	0	12	0	80000000
player03.anm	10	1840	30	0	12	0	01000000
player03.anm	10	1852	2	10000	8	0	
player03.anm	10	1860	-1	0	0	0	
player03.anm	11	1868	3	0	12	0	18000000
player03.anm	11	1880	25	0	12	0	01000000
player03.anm	11	1892	33	0	28	0	08000000ff000000000000000000000000000000
player03.anm	11	1920	8	0	12	0	ff000000
player03.anm	11	1932	34	0	20	0	1e0000000000000000000000
player03.anm	11	1952	36	0	24	0	1e000000000000000000704100000000
player03.anm	11	1976	82	0	12	0	01000000
player03.anm	11	1988	83	0	12	0	02000000
player03.anm	11	2000	1	30	8	0	
player03.anm	11	2008	-1	0	0	0	
player03.anm	12	2016	3	0	12	0	19000000
player03.anm	12	2028	83	0	12	0	02000000
player03.anm	12	2040	25	0	12	0	01000000
player03.anm	12	2052	8	0	12	0	80000000
player03.anm	12	2064	30	0	12	0	01000000
player03.anm	12	2076	2	10000	8	0	
player03.anm	12	2084	-1	0	0	0	
player03.anm	13	2092	3	0	12	0	19000000
player03.anm	13	2104	25	0	12	0	01000000
player03.anm	13	2116	8	0	12	0	80000000
player03.anm	13	2128	34	0	20	0	1e0000000000000000000000
player03.anm	13	2148	36	0	24	0	1e000000000000000000000000002041
player03.anm	13	2172	82	0	12	0	01000000
player03.anm	13	2184	83	0	12	0	02000000
player03.anm	13	2196	1	30	8	0	
player03.anm	13	2204	-1	0	0	0	
player03.anm	14	2212	3	0	12	0	1a000000
player03.anm	14	2224	83	0	12	0	02000000
player03.anm	14	2236	25	0	12	0	01000000
player03.anm	14	2248	8	0	12	0	80000000
player03.anm	14	2260	30	0	12	0	01000000
player03.anm	14	2272	2	10000	8	0	
player03.anm	14	2280	-1	0	0	0	
player03.anm	15	2288	3	0	12	0	1a000000
player03.anm	15	2300	25	0	12	0	01000000
player03.anm	15	2312	8	0	12	0	80000000
player03.anm	15	2324	34	0	20	0	1e0000000000000000000000
player03.anm	15	2344	36	0	24	0	1e000000000000000000000000002041
player03.anm	15	2368	82	0	12	0	01000000
player03.anm	15	2380	83	0	12	0	02000000
player03.anm	15	2392	1	30	8	0	
player03.anm	15	2400	-1	0	0	0	
player03.anm	16	2408	3	0	12	0	1b000000
player03.anm	16	2420	83	0	12	0	02000000
player03.anm	16	2432	25	0	12	0	01000000
player03.anm	16	2444	8	0	12	0	80000000
player03.anm	16	2456	30	0	12	0	01000000
player03.anm	16	2468	2	10000	8	0	
player03.anm	16	2476	-1	0	0	0	
player03.anm	17	2484	3	0	12	0	1b000000
player03.anm	17	2496	25	0	12	0	01000000
player03.anm	17	2508	8	0	12	0	80000000
player03.anm	17	2520	34	0	20	0	1e0000000000000000000000
player03.anm	17	2540	36	0	24	0	1e000000000000000000000000002041
player03.anm	17	2564	82	0	12	0	01000000
player03.anm	17	2576	83	0	12	0	02000000
player03.anm	17	2588	1	30	8	0	
player03.anm	17	2596	-1	0	0	0	
player03.anm	18	2604	3	0	12	0	19000000
player03.anm	18	2616	83	0	12	0	02000000
player03.anm	18	2628	25	0	12	0	01000000
player03.anm	18	2640	8	0	12	0	ff000000
player03.anm	18	2652	30	0	12	0	01000000
player03.anm	18	2664	36	0	24	0	78000000000000000000004000000040
player03.anm	18	2688	2	10000	8	0	
player03.anm	18	2696	21	10000	12	0	01000000
player03.anm	18	2708	36	10000	24	0	10000000000000000000000000000000
player03.anm	18	2732	1	10016	8	0	
player03.anm	18	2740	-1	0	0	0	
player03.anm	19	2748	3	0	12	0	1a000000
player03.anm	19	2760	83	0	12	0	02000000
player03.anm	19	2772	25	0	12	0	01000000
player03.anm	19	2784	8	0	12	0	ff000000
player03.anm	19	2796	30	0	12	0	01000000
player03.anm	19	2808	36	0	24	0	78000000000000000000004000000040
player03.anm	19	2832	2	10000	8	0	
player03.anm	19	2840	21	10000	12	0	01000000
player03.anm	19	2852	36	10000	24	0	10000000000000000000000000000000
player03.anm	19	2876	1	10016	8	0	
player03.anm	19	2884	-1	0	0	0	
player03.anm	20	2892	3	0	12	0	1b000000
player03.anm	20	2904	83	0	12	0	02000000
player03.anm	20	2916	25	0	12	0	01000000
player03.anm	20	2928	8	0	12	0	ff000000
player03.anm	20	2940	30	0	12	0	01000000
player03.anm	20	2952	7	0	16	0	0000404000004040
player03.anm	20	2968	2	10000	8	0	
player03.anm	20	2976	21	10000	12	0	01000000
player03.anm	20	2988	36	10000	24	0	10000000000000000000000000000000
player03.anm	20	3012	1	10016	8	0	
player03.anm	20	3020	-1	0	0	0	
player03.anm	21	3028	3	0	12	0	10000000
player03.anm	21	3040	8	0	12	0	00000000
player03.anm	21	3052	34	0	20	0	0800000000000000ff000000
player03.anm	21	3072	7	0	16	0	0000000000000000
player03.anm	21	3088	36	0	24	0	08000000000000000000803f0000803f
player03.anm	21	3112	83	0	12	0	02000000
player03.anm	21	3124	21	0	12	0	01000000
player03.anm	21	3136	82	0	12	0	00000000
player03.anm	21	3148	3	3	12	0	11000000
player03.anm	21	3160	3	6	12	0	12000000
player03.anm	21	3172	3	9	12	0	13000000
player03.anm	21	3184	3	12	12	0	14000000
player03.anm	21	3196	3	15	12	0	15000000
player03.anm	21	3208	3	18	12	0	16000000
player03.anm	21	3220	3	21	12	0	17000000
player03.anm	21	3232	3	24	12	0	10000000
player03.anm	21	3244	4	24	16	0	7800000000000000
player03.anm	21	3260	21	24	12	0	05000000
player03.anm	21	3272	82	24	12	0	01000000
player03.anm	21	3284	8	24	12	0	60000000
player03.anm	21	3296	34	24	20	0	080000000000000000000000
player03.anm	21	3316	36	24	24	0	10000000040000000000000000000000
player03.anm	21	3340	1	40	8	0	
player03.anm	21	3348	-1	0	0	0	
result00.anm	0	1024	3	0	12	0	15000000
result00.anm	0	1036	22	0	8	0	
result00.anm	0	1044	6	0	20	0	000080c30000804200000000
result00.anm	0	1064	23	0	8	0	
result00.anm	0	1072	21	0	12	0	16000000
result00.anm	0	1084	18	0	24	0	00008042000080420000000014000000
result00.anm	0	1108	20	20	8	0	
result00.anm	0	1116	21	20	12	0	14000000
result00.anm	0	1128	33	20	28	0	0400000000000000ff000000ff000000ff000000
result00.anm	0	1156	24	20	12	0	01000000
result00.anm	0	1168	6	20	20	0	000080c0000080c000000000
result00.anm	0	1188	24	20	12	0	00000000
result00.anm	0	1200	37	20	16	1	1027000000000000
result00.anm	0	1216	89	20	8	0	
result00.anm	0	1224	21	20	12	0	15000000
result00.anm	0	1236	33	20	28	0	0400000000000000800000008000000080000000
result00.anm	0	1264	24	20	12	0	01000000
result00.anm	0	1276	6	20	20	0	000000000000000000000000
result00.anm	0	1296	24	20	12	0	00000000
result00.anm	0	1308	37	20	16	1	1027000001000000
result00.anm	0	1324	89	20	8	0	
result00.anm	0	1332	21	20	12	0	17000000
result00.anm	0	1344	18	20	24	0	00000042000000420000000014000000
result00.anm	0	1368	89	20	8	0	
result00.anm	0	1376	21	20	12	0	19000000
result00.anm	0	1388	24	20	12	0	01000000
result00.anm	0	1400	6	20	20	0	000000000000000000000000
result00.anm	0	1420	24	20	12	0	00000000
result00.anm	0	1432	33	20	28	0	0800000000000000ff000000ff000000ff000000
result00.anm	0	1460	6	20	20	0	000020440000004200000000
result00.anm	0	1480	18	30	24	0	0000004200000042000000000a000000
result00.anm	0	1504	20	40	8	0	
result00.anm	0	1512	89	40	8	0	
result00.anm	0	1520	21	40	12	0	18000000
result00.anm	0	1532	24	40	12	0	01000000
result00.anm	0	1544	6	40	20	0	000000000000000000000000
result00.anm	0	1564	24	40	12	0	00000000
result00.anm	0	1576	33	40	28	0	0800000000000000800000008000000080000000
result00.anm	0	1604	18	40	24	0	0000204400000042000000000a000000
result00.anm	0	1628	20	50	8	0	
result00.anm	0	1636	89	50	8	0	
result00.anm	0	1644	21	50	12	0	ffffffff
result00.anm	0	1656	6	50	20	0	000080c30000804200000000
result00.anm	0	1676	18	50	24	0	000080c3000080420000000014000000
result00.anm	0	1700	23	70	8	0	
result00.anm	0	1708	-1	0	0	0	
result00.anm	1	1716	3	0	12	0	16000000
result00.anm	1	1728	22	0	8	0	
result00.anm	1	1736	6	0	20	0	000080c30000c04200000000
result00.anm	1	1756	23	0	8	0	
result00.anm	1	1764	21	0	12	0	16000000
result00.anm	1	1776	18	4	24	0	000080420000c0420000000014000000
result00.anm	1	1800	20	24	8	0	
result00.anm	1	1808	21	24	12	0	14000000
result00.anm	1	1820	33	24	28	0	0400000000000000ff000000ff000000ff000000
result00.anm	1	1848	24	24	12	0	01000000
result00.anm	1	1860	6	24	20	0	000080c0000080c000000000
result00.anm	1	1880	24	24	12	0	00000000
result00.anm	1	1892	37	24	16	1	1027000000000000
result00.anm	1	1908	89	24	8	0	
result00.anm	1	1916	21	24	12	0	15000000
result00.anm	1	1928	33	24	28	0	0400000000000000800000008000000080000000
result00.anm	1	1956	24	24	12	0	01000000
result00.anm	1	1968	6	24	20	0	000000000000000000000000
result00.anm	1	1988	24	24	12	0	00000000
result00.anm	1	2000	37	24	16	1	1027000001000000
result00.anm	1	2016	89	24	8	0	
result00.anm	1	2024	21	24	12	0	17000000
result00.anm	1	2036	18	24	24	0	00000042000000420000000014000000
result00.anm	1	2060	89	24	8	0	
result00.anm	1	2068	21	24	12	0	19000000
result00.anm	1	2080	24	24	12	0	01000000
result00.anm	1	2092	6	24	20	0	000000000000000000000000
result00.anm	1	2112	24	24	12	0	00000000
result00.anm	1	2124	33	24	28	0	0800000000000000ff000000ff000000ff000000
result00.anm	1	2152	6	24	20	0	000020440000004200000000
result00.anm	1	2172	18	34	24	0	0000004200000042000000000a000000
result00.anm	1	2196	20	44	8	0	
result00.anm	1	2204	89	44	8	0	
result00.anm	1	2212	21	44	12	0	18000000
result00.anm	1	2224	24	44	12	0	01000000
result00.anm	1	2236	6	44	20	0	000000000000000000000000
result00.anm	1	2256	24	44	12	0	00000000
result00.anm	1	2268	33	44	28	0	0800000000000000800000008000000080000000
result00.anm	1	2296	18	44	24	0	0000204400000042000000000a000000
result00.anm	1	2320	20	54	8	0	
result00.anm	1	2328	89	54	8	0	
result00.anm	1	2336	21	54	12	0	ffffffff
result00.anm	1	2348	6	54	20	0	000080c30000c04200000000
result00.anm	1	2368	18	54	24	0	000080c30000c0420000000014000000
result00.anm	1	2392	23	74	8	0	
result00.anm	1	2400	-1	0	0	0	
result00.anm	2	2408	3	0	12	0	17000000
result00.anm	2	2420	22	0	8	0	
result00.anm	2	2428	6	0	20	0	000080c30000004300000000
result00.anm	2	2448	23	0	8	0	
result00.anm	2	2456	21	0	12	0	16000000
result00.anm	2	2468	18	8	24	0	00008042000000430000000014000000
result00.anm	2	2492	20	28	8	0	
result00.anm	2	2500	21	28	12	0	14000000
result00.anm	2	2512	33	28	28	0	0400000000000000ff000000ff000000ff000000
result00.anm	2	2540	24	28	12	0	01000000
result00.anm	2	2552	6	28	20	0	000080c0000080c000000000
result00.anm	2	2572	24	28	12	0	00000000
result00.anm	2	2584	37	28	16	1	1027000000000000
result00.anm	2	2600	89	28	8	0	
result00.anm	2	2608	21	28	12	0	15000000
result00.anm	2	2620	33	28	28	0	0400000000000000800000008000000080000000
result00.anm	2	2648	24	28	12	0	01000000
result00.anm	2	2660	6	28	20	0	000000000000000000000000
result00.anm	2	2680	24	28	12	0	00000000
result00.anm	2	2692	37	28	16	1	1027000001000000
result00.anm	2	2708	89	28	8	0	
result00.anm	2	2716	21	28	12	0	17000000
result00.anm	2	2728	18	28	24	0	00000042000000420000000014000000
result00.anm	2	2752	89	28	8	0	
result00.anm	2	2760	21	28	12	0	19000000
result00.anm	2	2772	24	28	12	0	01000000
result00.anm	2	2784	6	28	20	0	000000000000000000000000
result00.anm	2	2804	24	28	12	0	00000000
result00.anm	2	2816	33	28	28	0	0800000000000000ff000000ff000000ff000000
result00.anm	2	2844	6	28	20	0	000020440000004200000000
result00.anm	2	2864	18	38	24	0	0000004200000042000000000a000000
result00.anm	2	2888	20	48	8	0	
result00.anm	2	2896	89	48	8	0	
result00.anm	2	2904	21	48	12	0	18000000
result00.anm	2	2916	24	48	12	0	01000000
result00.anm	2	2928	6	48	20	0	000000000000000000000000
result00.anm	2	2948	24	48	12	0	00000000
result00.anm	2	2960	33	48	28	0	0800000000000000800000008000000080000000
result00.anm	2	2988	18	48	24	0	0000204400000042000000000a000000
result00.anm	2	3012	20	58	8	0	
result00.anm	2	3020	89	58	8	0	
result00.anm	2	3028	21	58	12	0	ffffffff
result00.anm	2	3040	6	58	20	0	000080c30000004300000000
result00.anm	2	3060	18	58	24	0	000080c3000000430000000014000000
result00.anm	2	3084	23	78	8	0	
result00.anm	2	3092	-1	0	0	0	
result00.anm	3	3100	3	0	12	0	18000000
result00.anm	3	3112	22	0	8	0	
result00.anm	3	3120	6	0	20	0	000080c30000204300000000
result00.anm	3	3140	23	0	8	0	
result00.anm	3	3148	21	0	12	0	16000000
result00.anm	3	3160	18	12	24	0	00008042000020430000000014000000
result00.anm	3	3184	20	32	8	0	
result00.anm	3	3192	21	32	12	0	14000000
result00.anm	3	3204	33	32	28	0	0400000000000000ff000000ff000000ff000000
result00.anm	3	3232	24	32	12	0	01000000
result00.anm	3	3244	6	32	20	0	000080c0000080c000000000
result00.anm	3	3264	24	32	12	0	00000000
result00.anm	3	3276	37	32	16	1	1027000000000000
result00.anm	3	3292	89	32	8	0	
result00.anm	3	3300	21	32	12	0	15000000
result00.anm	3	3312	33	32	28	0	0400000000000000800000008000000080000000
result00.anm	3	3340	24	32	12	0	01000000
result00.anm	3	3352	6	32	20	0	000000000000000000000000
result00.anm	3	3372	24	32	12	0	00000000
result00.anm	3	3384	37	32	16	1	1027000001000000
result00.anm	3	3400	89	32	8	0	
result00.anm	3	3408	21	32	12	0	17000000
result00.anm	3	3420	18	32	24	0	00000042000000420000000014000000
result00.anm	3	3444	89	32	8	0	
result00.anm	3	3452	21	32	12	0	19000000
result00.anm	3	3464	24	32	12	0	01000000
result00.anm	3	3476	6	32	20	0	000000000000000000000000
result00.anm	3	3496	24	32	12	0	00000000
result00.anm	3	3508	33	32	28	0	0800000000000000ff000000ff000000ff000000
result00.anm	3	3536	6	32	20	0	000020440000004200000000
result00.anm	3	3556	18	42	24	0	0000004200000042000000000a000000
result00.anm	3	3580	20	52	8	0	
result00.anm	3	3588	89	52	8	0	
result00.anm	3	3596	21	52	12	0	18000000
result00.anm	3	3608	24	52	12	0	01000000
result00.anm	3	3620	6	52	20	0	000000000000000000000000
result00.anm	3	3640	24	52	12	0	00000000
result00.anm	3	3652	33	52	28	0	0800000000000000800000008000000080000000
result00.anm	3	3680	18	52	24	0	0000204400000042000000000a000000
result00.anm	3	3704	20	62	8	0	
result00.anm	3	3712	89	62	8	0	
result00.anm	3	3720	21	62	12	0	ffffffff
result00.anm	3	3732	6	62	20	0	000080c30000204300000000
result00.anm	3	3752	18	62	24	0	000080c3000020430000000014000000
result00.anm	3	3776	23	82	8	0	
result00.anm	3	3784	-1	0	0	0	
result00.anm	4	3792	3	0	12	0	00000000
result00.anm	4	3804	22	0	8	0	
result00.anm	4	3812	6	0	20	0	000080c30000804200000000
result00.anm	4	3832	23	0	8	0	
result00.anm	4	3840	21	0	12	0	16000000
result00.anm	4	3852	18	0	24	0	00008042000080420000000014000000
result00.anm	4	3876	20	20	8	0	
result00.anm	4	3884	21	20	12	0	14000000
result00.anm	4	3896	33	20	28	0	0400000000000000ff000000ff000000ff000000
result00.anm	4	3924	24	20	12	0	01000000
result00.anm	4	3936	6	20	20	0	000080c0000080c000000000
result00.anm	4	3956	24	20	12	0	00000000
result00.anm	4	3968	37	20	16	1	1027000000000000
result00.anm	4	3984	89	20	8	0	
result00.anm	4	3992	21	20	12	0	15000000
result00.anm	4	4004	33	20	28	0	0400000000000000800000008000000080000000
result00.anm	4	4032	24	20	12	0	01000000
result00.anm	4	4044	6	20	20	0	000000000000000000000000
result00.anm	4	4064	24	20	12	0	00000000
result00.anm	4	4076	37	20	16	1	1027000001000000
result00.anm	4	4092	89	20	8	0	
result00.anm	4	4100	21	20	12	0	17000000
result00.anm	4	4112	18	20	24	0	00000042000080420000000014000000
result00.anm	4	4136	89	20	8	0	
result00.anm	4	4144	21	20	12	0	19000000
result00.anm	4	4156	24	20	12	0	01000000
result00.anm	4	4168	6	20	20	0	000000000000000000000000
result00.anm	4	4188	24	20	12	0	00000000
result00.anm	4	4200	33	20	28	0	0800000000000000ff000000ff000000ff000000
result00.anm	4	4228	6	20	20	0	000020440000804200000000
result00.anm	4	4248	18	30	24	0	0000004200008042000000000a000000
result00.anm	4	4272	20	40	8	0	
result00.anm	4	4280	89	40	8	0	
result00.anm	4	4288	21	40	12	0	18000000
result00.anm	4	4300	24	40	12	0	01000000
result00.anm	4	4312	6	40	20	0	000000000000000000000000
result00.anm	4	4332	24	40	12	0	00000000
result00.anm	4	4344	33	40	28	0	0800000000000000800000008000000080000000
result00.anm	4	4372	18	40	24	0	0000204400008042000000000a000000
result00.anm	4	4396	20	50	8	0	
result00.anm	4	4404	89	50	8	0	
result00.anm	4	4412	21	50	12	0	ffffffff
result00.anm	4	4424	6	50	20	0	000080c30000804200000000
result00.anm	4	4444	18	50	24	0	000080c3000080420000000014000000
result00.anm	4	4468	23	70	8	0	
result00.anm	4	4476	-1	0	0	0	
result00.anm	5	4484	3	0	12	0	01000000
result00.anm	5	4496	22	0	8	0	
result00.anm	5	4504	6	0	20	0	000080c30000c04200000000
result00.anm	5	4524	23	0	8	0	
result00.anm	5	4532	21	0	12	0	16000000
result00.anm	5	4544	18	4	24	0	000080420000c0420000000014000000
result00.anm	5	4568	20	24	8	0	
result00.anm	5	4576	21	24	12	0	14000000
result00.anm	5	4588	33	24	28	0	0400000000000000ff000000ff000000ff000000
result00.anm	5	4616	24	24	12	0	01000000
result00.anm	5	4628	6	24	20	0	000080c0000080c000000000
result00.anm	5	4648	24	24	12	0	00000000
result00.anm	5	4660	37	24	16	1	1027000000000000
result00.anm	5	4676	89	24	8	0	
result00.anm	5	4684	21	24	12	0	15000000
result00.anm	5	4696	33	24	28	0	0400000000000000800000008000000080000000
result00.anm	5	4724	24	24	12	0	01000000
result00.anm	5	4736	6	24	20	0	000000000000000000000000
result00.anm	5	4756	24	24	12	0	00000000
result00.anm	5	4768	37	24	16	1	1027000001000000
result00.anm	5	4784	89	24	8	0	
result00.anm	5	4792	21	24	12	0	17000000
result00.anm	5	4804	18	24	24	0	00000042000080420000000014000000
result00.anm	5	4828	89	24	8	0	
result00.anm	5	4836	21	24	12	0	19000000
result00.anm	5	4848	24	24	12	0	01000000
result00.anm	5	4860	6	24	20	0	000000000000000000000000
result00.anm	5	4880	24	24	12	0	00000000
result00.anm	5	4892	33	24	28	0	0800000000000000ff000000ff000000ff000000
result00.anm	5	4920	6	24	20	0	000020440000804200000000
result00.anm	5	4940	18	34	24	0	0000004200008042000000000a000000
result00.anm	5	4964	20	44	8	0	
result00.anm	5	4972	89	44	8	0	
result00.anm	5	4980	21	44	12	0	18000000
result00.anm	5	4992	24	44	12	0	01000000
result00.anm	5	5004	6	44	20	0	000000000000000000000000
result00.anm	5	5024	24	44	12	0	00000000
result00.anm	5	5036	33	44	28	0	0800000000000000800000008000000080000000
result00.anm	5	5064	18	44	24	0	0000204400008042000000000a000000
result00.anm	5	5088	20	54	8	0	
result00.anm	5	5096	89	54	8	0	
result00.anm	5	5104	21	54	12	0	ffffffff
result00.anm	5	5116	6	54	20	0	000080c30000c04200000000
result00.anm	5	5136	18	54	24	0	000080c30000c0420000000014000000
result00.anm	5	5160	23	74	8	0	
result00.anm	5	5168	-1	0	0	0	
result00.anm	6	5176	3	0	12	0	02000000
result00.anm	6	5188	22	0	8	0	
result00.anm	6	5196	6	0	20	0	000080c30000004300000000
result00.anm	6	5216	23	0	8	0	
result00.anm	6	5224	21	0	12	0	16000000
result00.anm	6	5236	18	8	24	0	00008042000000430000000014000000
result00.anm	6	5260	20	28	8	0	
result00.anm	6	5268	21	28	12	0	14000000
result00.anm	6	5280	33	28	28	0	0400000000000000ff000000ff000000ff000000
result00.anm	6	5308	24	28	12	0	01000000
result00.anm	6	5320	6	28	20	0	000080c0000080c000000000
result00.anm	6	5340	24	28	12	0	00000000
result00.anm	6	5352	37	28	16	1	1027000000000000
result00.anm	6	5368	89	28	8	0	
result00.anm	6	5376	21	28	12	0	15000000
result00.anm	6	5388	33	28	28	0	0400000000000000800000008000000080000000
result00.anm	6	5416	24	28	12	0	01000000
result00.anm	6	5428	6	28	20	0	000000000000000000000000
result00.anm	6	5448	24	28	12	0	00000000
result00.anm	6	5460	37	28	16	1	1027000001000000
result00.anm	6	5476	89	28	8	0	
result00.anm	6	5484	21	28	12	0	17000000
result00.anm	6	5496	18	28	24	0	00000042000080420000000014000000
result00.anm	6	5520	89	28	8	0	
result00.anm	6	5528	21	28	12	0	19000000
result00.anm	6	5540	24	28	12	0	01000000
result00.anm	6	5552	6	28	20	0	000000000000000000000000
result00.anm	6	5572	24	28	12	0	00000000
result00.anm	6	5584	33	28	28	0	0800000000000000ff000000ff000000ff000000
result00.anm	6	5612	6	28	20	0	000020440000804200000000
result00.anm	6	5632	18	38	24	0	0000004200008042000000000a000000
result00.anm	6	5656	20	48	8	0	
result00.anm	6	5664	89	48	8	0	
result00.anm	6	5672	21	48	12	0	18000000
result00.anm	6	5684	24	48	12	0	01000000
result00.anm	6	5696	6	48	20	0	000000000000000000000000
result00.anm	6	5716	24	48	12	0	00000000
result00.anm	6	5728	33	48	28	0	0800000000000000800000008000000080000000
result00.anm	6	5756	18	48	24	0	0000204400008042000000000a000000
result00.anm	6	5780	20	58	8	0	
result00.anm	6	5788	89	58	8	0	
result00.anm	6	5796	21	58	12	0	ffffffff
result00.anm	6	5808	6	58	20	0	000080c30000004300000000
result00.anm	6	5828	18	58	24	0	000080c3000000430000000014000000
result00.anm	6	5852	23	78	8	0	
result00.anm	6	5860	-1	0	0	0	
result00.anm	7	5868	3	0	12	0	03000000
result00.anm	7	5880	22	0	8	0	
result00.anm	7	5888	6	0	20	0	000080c30000204300000000
result00.anm	7	5908	23	0	8	0	
result00.anm	7	5916	21	0	12	0	16000000
result00.anm	7	5928	18	12	24	0	00008042000020430000000014000000
result00.anm	7	5952	20	32	8	0	
result00.anm	7	5960	21	32	12	0	14000000
result00.anm	7	5972	33	32	28	0	0400000000000000ff000000ff000000ff000000
result00.anm	7	6000	24	32	12	0	01000000
result00.anm	7	6012	6	32	20	0	000080c0000080c000000000
result00.anm	7	6032	24	32	12	0	00000000
result00.anm	7	6044	37	32	16	1	1027000000000000
result00.anm	7	6060	89	32	8	0	
result00.anm	7	6068	21	32	12	0	15000000
result00.anm	7	6080	33	32	28	0	0400000000000000800000008000000080000000
result00.anm	7	6108	24	32	12	0	01000000
result00.anm	7	6120	6	32	20	0	000000000000000000000000
result00.anm	7	6140	24	32	12	0	00000000
result00.anm	7	6152	37	32	16	1	1027000001000000
result00.anm	7	6168	89	32	8	0	
result00.anm	7	6176	21	32	12	0	17000000
result00.anm	7	6188	18	32	24	0	00000042000080420000000014000000
result00.anm	7	6212	89	32	8	0	
result00.anm	7	6220	21	32	12	0	19000000
result00.anm	7	6232	24	32	12	0	01000000
result00.anm	7	6244	6	32	20	0	000000000000000000000000
result00.anm	7	6264	24	32	12	0	00000000
result00.anm	7	6276	33	32	28	0	0800000000000000ff000000ff000000ff000000
result00.anm	7	6304	6	32	20	0	000020440000804200000000
result00.anm	7	6324	18	42	24	0	0000004200008042000000000a000000
result00.anm	7	6348	20	52	8	0	
result00.anm	7	6356	89	52	8	0	
result00.anm	7	6364	21	52	12	0	18000000
result00.anm	7	6376	24	52	12	0	01000000
result00.anm	7	6388	6	52	20	0	000000000000000000000000
result00.anm	7	6408	24	52	12	0	00000000
result00.anm	7	6420	33	52	28	0	0800000000000000800000008000000080000000
result00.anm	7	6448	18	52	24	0	0000204400008042000000000a000000
result00.anm	7	6472	20	62	8	0	
result00.anm	7	6480	89	62	8	0	
result00.anm	7	6488	21	62	12	0	ffffffff
result00.anm	7	6500	6	62	20	0	000080c30000204300000000
result00.anm	7	6520	18	62	24	0	000080c3000020430000000014000000
result00.anm	7	6544	23	82	8	0	
result00.anm	7	6552	-1	0	0	0	
result00.anm	8	6560	3	0	12	0	04000000
result00.anm	8	6572	22	0	8	0	
result00.anm	8	6580	6	0	20	0	000080c30000404300000000
result00.anm	8	6600	23	0	8	0	
result00.anm	8	6608	21	0	12	0	16000000
result00.anm	8	6620	18	16	24	0	00008042000040430000000014000000
result00.anm	8	6644	20	36	8	0	
result00.anm	8	6652	21	36	12	0	14000000
result00.anm	8	6664	33	36	28	0	0400000000000000ff000000ff000000ff000000
result00.anm	8	6692	24	36	12	0	01000000
result00.anm	8	6704	6	36	20	0	000080c0000080c000000000
result00.anm	8	6724	24	36	12	0	00000000
result00.anm	8	6736	37	36	16	1	1027000000000000
result00.anm	8	6752	89	36	8	0	
result00.anm	8	6760	21	36	12	0	15000000
result00.anm	8	6772	33	36	28	0	0400000000000000800000008000000080000000
result00.anm	8	6800	24	36	12	0	01000000
result00.anm	8	6812	6	36	20	0	000000000000000000000000
result00.anm	8	6832	24	36	12	0	00000000
result00.anm	8	6844	37	36	16	1	1027000001000000
result00.anm	8	6860	89	36	8	0	
result00.anm	8	6868	21	36	12	0	17000000
result00.anm	8	6880	18	36	24	0	00000042000080420000000014000000
result00.anm	8	6904	89	36	8	0	
result00.anm	8	6912	21	36	12	0	19000000
result00.anm	8	6924	24	36	12	0	01000000
result00.anm	8	6936	6	36	20	0	000000000000000000000000
result00.anm	8	6956	24	36	12	0	00000000
result00.anm	8	6968	33	36	28	0	0800000000000000ff000000ff000000ff000000
result00.anm	8	6996	6	36	20	0	000020440000804200000000
result00.anm	8	7016	18	46	24	0	0000004200008042000000000a000000
result00.anm	8	7040	20	56	8	0	
result00.anm	8	7048	89	56	8	0	
result00.anm	8	7056	21	56	12	0	18000000
result00.anm	8	7068	24	56	12	0	01000000
result00.anm	8	7080	6	56	20	0	000000000000000000000000
result00.anm	8	7100	24	56	12	0	00000000
result00.anm	8	7112	33	56	28	0	0800000000000000800000008000000080000000
result00.anm	8	7140	18	56	24	0	0000204400008042000000000a000000
result00.anm	8	7164	20	66	8	0	
result00.anm	8	7172	89	66	8	0	
result00.anm	8	7180	21	66	12	0	ffffffff
result00.anm	8	7192	6	66	20	0	000080c30000404300000000
result00.anm	8	7212	18	66	24	0	000080c3000040430000000014000000
result00.anm	8	7236	23	86	8	0	
result00.anm	8	7244	-1	0	0	0	
result00.anm	9	7252	3	0	12	0	00000000
result00.anm	9	7264	22	0	8	0	
result00.anm	9	7272	6	0	20	0	000080c30000c04200000000
result00.anm	9	7292	23	0	8	0	
result00.anm	9	7300	21	0	12	0	16000000
result00.anm	9	7312	18	4	24	0	000080420000c0420000000014000000
result00.anm	9	7336	20	24	8	0	
result00.anm	9	7344	21	24	12	0	14000000
result00.anm	9	7356	33	24	28	0	0400000000000000ff000000ff000000ff000000
result00.anm	9	7384	24	24	12	0	01000000
result00.anm	9	7396	6	24	20	0	000080c0000080c000000000
result00.anm	9	7416	24	24	12	0	00000000
result00.anm	9	7428	37	24	16	1	1027000000000000
result00.anm	9	7444	89	24	8	0	
result00.anm	9	7452	21	24	12	0	15000000
result00.anm	9	7464	33	24	28	0	0400000000000000800000008000000080000000
result00.anm	9	7492	24	24	12	0	01000000
result00.anm	9	7504	6	24	20	0	000000000000000000000000
result00.anm	9	7524	24	24	12	0	00000000
result00.anm	9	7536	37	24	16	1	1027000001000000
result00.anm	9	7552	89	24	8	0	
result00.anm	9	7560	21	24	12	0	17000000
result00.anm	9	7572	18	24	24	0	00000042000080420000000014000000
result00.anm	9	7596	89	24	8	0	
result00.anm	9	7604	21	24	12	0	19000000
result00.anm	9	7616	24	24	12	0	01000000
result00.anm	9	7628	6	24	20	0	000000000000000000000000
result00.anm	9	7648	24	24	12	0	00000000
result00.anm	9	7660	33	24	28	0	0800000000000000ff000000ff000000ff000000
result00.anm	9	7688	6	24	20	0	000020440000804200000000
result00.anm	9	7708	18	34	24	0	0000004200008042000000000a000000
result00.anm	9	7732	20	44	8	0	
result00.anm	9	7740	89	44	8	0	
result00.anm	9	7748	21	44	12	0	18000000
result00.anm	9	7760	24	44	12	0	01000000
result00.anm	9	7772	6	44	20	0	000000000000000000000000
result00.anm	9	7792	24	44	12	0	00000000
result00.anm	9	7804	33	44	28	0	0800000000000000800000008000000080000000
result00.anm	9	7832	18	44	24	0	0000204400008042000000000a000000
result00.anm	9	7856	20	54	8	0	
result00.anm	9	7864	89	54	8	0	
result00.anm	9	7872	21	54	12	0	ffffffff
result00.anm	9	7884	6	54	20	0	000080c30000c04200000000
result00.anm	9	7904	18	54	24	0	000080c30000c0420000000014000000
result00.anm	9	7928	23	74	8	0	
result00.anm	9	7936	-1	0	0	0	
result00.anm	10	7944	3	0	12	0	01000000
result00.anm	10	7956	22	0	8	0	
result00.anm	10	7964	6	0	20	0	000080c30000004300000000
result00.anm	10	7984	23	0	8	0	
result00.anm	10	7992	21	0	12	0	16000000
result00.anm	10	8004	18	8	24	0	00008042000000430000000014000000
result00.anm	10	8028	20	28	8	0	
result00.anm	10	8036	21	28	12	0	14000000
result00.anm	10	8048	33	28	28	0	0400000000000000ff000000ff000000ff000000
result00.anm	10	8076	24	28	12	0	01000000
result00.anm	10	8088	6	28	20	0	000080c0000080c000000000
result00.anm	10	8108	24	28	12	0	00000000
result00.anm	10	8120	37	28	16	1	1027000000000000
result00.anm	10	8136	89	28	8	0	
result00.anm	10	8144	21	28	12	0	15000000
result00.anm	10	8156	33	28	28	0	0400000000000000800000008000000080000000
result00.anm	10	8184	24	28	12	0	01000000
result00.anm	10	8196	6	28	20	0	000000000000000000000000
result00.anm	10	8216	24	28	12	0	00000000
result00.anm	10	8228	37	28	16	1	1027000001000000
result00.anm	10	8244	89	28	8	0	
result00.anm	10	8252	21	28	12	0	17000000
result00.anm	10	8264	18	28	24	0	00000042000080420000000014000000
result00.anm	10	8288	89	28	8	0	
result00.anm	10	8296	21	28	12	0	19000000
result00.anm	10	8308	24	28	12	0	01000000
result00.anm	10	8320	6	28	20	0	000000000000000000000000
result00.anm	10	8340	24	28	12	0	00000000
result00.anm	10	8352	33	28	28	0	0800000000000000ff000000ff000000ff000000
result00.anm	10	8380	6	28	20	0	000020440000804200000000
result00.anm	10	8400	18	38	24	0	0000004200008042000000000a000000
result00.anm	10	8424	20	48	8	0	
result00.anm	10	8432	89	48	8	0	
result00.anm	10	8440	21	48	12	0	18000000
result00.anm	10	8452	24	48	12	0	01000000
result00.anm	10	8464	6	48	20	0	000000000000000000000000
result00.anm	10	8484	24	48	12	0	00000000
result00.anm	10	8496	33	48	28	0	0800000000000000800000008000000080000000
result00.anm	10	8524	18	48	24	0	0000204400008042000000000a000000
result00.anm	10	8548	20	58	8	0	
result00.anm	10	8556	89	58	8	0	
result00.anm	10	8564	21	58	12	0	ffffffff
result00.anm	10	8576	6	58	20	0	000080c30000004300000000
result00.anm	10	8596	18	58	24	0	000080c3000000430000000014000000
result00.anm	10	8620	23	78	8	0	
result00.anm	10	8628	-1	0	0	0	
result00.anm	11	8636	3	0	12	0	02000000
result00.anm	11	8648	22	0	8	0	
result00.anm	11	8656	6	0	20	0	000080c30000204300000000
result00.anm	11	8676	23	0	8	0	
result00.anm	11	8684	21	0	12	0	16000000
result00.anm	11	8696	18	12	24	0	00008042000020430000000014000000
result00.anm	11	8720	20	32	8	0	
result00.anm	11	8728	21	32	12	0	14000000
result00.anm	11	8740	33	32	28	0	0400000000000000ff000000ff000000ff000000
result00.anm	11	8768	24	32	12	0	01000000
result00.anm	11	8780	6	32	20	0	000080c0000080c000000000
result00.anm	11	8800	24	32	12	0	00000000
result00.anm	11	8812	37	32	16	1	1027000000000000
result00.anm	11	8828	89	32	8	0	
result00.anm	11	8836	21	32	12	0	15000000
result00.anm	11	8848	33	32	28	0	0400000000000000800000008000000080000000
result00.anm	11	8876	24	32	12	0	01000000
result00.anm	11	8888	6	32	20	0	000000000000000000000000
result00.anm	11	8908	24	32	12	0	00000000
result00.anm	11	8920	37	32	16	1	1027000001000000
result00.anm	11	8936	89	32	8	0	
result00.anm	11	8944	21	32	12	0	17000000
result00.anm	11	8956	18	32	24	0	00000042000080420000000014000000
result00.anm	11	8980	89	32	8	0	
result00.anm	11	8988	21	32	12	0	19000000
result00.anm	11	9000	24	32	12	0	01000000
result00.anm	11	9012	6	32	20	0	000000000000000000000000
result00.anm	11	9032	24	32	12	0	00000000
result00.anm	11	9044	33	32	28	0	0800000000000000ff000000ff000000ff000000
result00.anm	11	9072	6	32	20	0	000020440000804200000000
result00.anm	11	9092	18	42	24	0	0000004200008042000000000a000000
result00.anm	11	9116	20	52	8	0	
result00.anm	11	9124	89	52	8	0	
result00.anm	11	9132	21	52	12	0	18000000
result00.anm	11	9144	24	52	12	0	01000000
result00.anm	11	9156	6	52	20	0	000000000000000000000000
result00.anm	11	9176	24	52	12	0	00000000
result00.anm	11	9188	33	52	28	0	0800000000000000800000008000000080000000
result00.anm	11	9216	18	52	24	0	0000204400008042000000000a000000
result00.anm	11	9240	20	62	8	0	
result00.anm	11	9248	89	62	8	0	
result00.anm	11	9256	21	62	12	0	ffffffff
result00.anm	11	9268	6	62	20	0	000080c30000204300000000
result00.anm	11	9288	18	62	24	0	000080c3000020430000000014000000
result00.anm	11	9312	23	82	8	0	
result00.anm	11	9320	-1	0	0	0	
result00.anm	12	9328	3	0	12	0	03000000
result00.anm	12	9340	22	0	8	0	
result00.anm	12	9348	6	0	20	0	000080c30000404300000000
result00.anm	12	9368	23	0	8	0	
result00.anm	12	9376	21	0	12	0	16000000
result00.anm	12	9388	18	16	24	0	00008042000040430000000014000000
result00.anm	12	9412	20	36	8	0	
result00.anm	12	9420	21	36	12	0	14000000
result00.anm	12	9432	33	36	28	0	0400000000000000ff000000ff000000ff000000
result00.anm	12	9460	24	36	12	0	01000000
result00.anm	12	9472	6	36	20	0	000080c0000080c000000000
result00.anm	12	9492	24	36	12	0	00000000
result00.anm	12	9504	37	36	16	1	1027000000000000
result00.anm	12	9520	89	36	8	0	
result00.anm	12	9528	21	36	12	0	15000000
result00.anm	12	9540	33	36	28	0	0400000000000000800000008000000080000000
result00.anm	12	9568	24	36	12	0	01000000
result00.anm	12	9580	6	36	20	0	000000000000000000000000
result00.anm	12	9600	24	36	12	0	00000000
result00.anm	12	9612	37	36	16	1	1027000001000000
result00.anm	12	9628	89	36	8	0	
result00.anm	12	9636	21	36	12	0	17000000
result00.anm	12	9648	18	36	24	0	00000042000080420000000014000000
result00.anm	12	9672	89	36	8	0	
result00.anm	12	9680	21	36	12	0	19000000
result00.anm	12	9692	24	36	12	0	01000000
result00.anm	12	9704	6	36	20	0	000000000000000000000000
result00.anm	12	9724	24	36	12	0	00000000
result00.anm	12	9736	33	36	28	0	0800000000000000ff000000ff000000ff000000
result00.anm	12	9764	6	36	20	0	000020440000804200000000
result00.anm	12	9784	18	46	24	0	0000004200008042000000000a000000
result00.anm	12	9808	20	56	8	0	
result00.anm	12	9816	89	56	8	0	
result00.anm	12	9824	21	56	12	0	18000000
result00.anm	12	9836	24	56	12	0	01000000
result00.anm	12	9848	6	56	20	0	000000000000000000000000
result00.anm	12	9868	24	56	12	0	00000000
result00.anm	12	9880	33	56	28	0	0800000000000000800000008000000080000000
result00.anm	12	9908	18	56	24	0	0000204400008042000000000a000000
result00.anm	12	9932	20	66	8	0	
result00.anm	12	9940	89	66	8	0	
result00.anm	12	9948	21	66	12	0	ffffffff
result00.anm	12	9960	6	66	20	0	000080c30000404300000000
result00.anm	12	9980	18	66	24	0	000080c3000040430000000014000000
result00.anm	12	10004	23	86	8	0	
result00.anm	12	10012	-1	0	0	0	
result00.anm	13	10020	3	0	12	0	04000000
result00.anm	13	10032	22	0	8	0	
result00.anm	13	10040	6	0	20	0	000080c30000604300000000
result00.anm	13	10060	23	0	8	0	
result00.anm	13	10068	21	0	12	0	16000000
result00.anm	13	10080	18	20	24	0	00008042000060430000000014000000
result00.anm	13	10104	20	40	8	0	
result00.anm	13	10112	21	40	12	0	14000000
result00.anm	13	10124	33	40	28	0	0400000000000000ff000000ff000000ff000000
result00.anm	13	10152	24	40	12	0	01000000
result00.anm	13	10164	6	40	20	0	000080c0000080c000000000
result00.anm	13	10184	24	40	12	0	00000000
result00.anm	13	10196	37	40	16	1	1027000000000000
result00.anm	13	10212	89	40	8	0	
result00.anm	13	10220	21	40	12	0	15000000
result00.anm	13	10232	33	40	28	0	0400000000000000800000008000000080000000
result00.anm	13	10260	24	40	12	0	01000000
result00.anm	13	10272	6	40	20	0	000000000000000000000000
result00.anm	13	10292	24	40	12	0	00000000
result00.anm	13	10304	37	40	16	1	1027000001000000
result00.anm	13	10320	89	40	8	0	
result00.anm	13	10328	21	40	12	0	17000000
result00.anm	13	10340	18	40	24	0	00000042000080420000000014000000
result00.anm	13	10364	89	40	8	0	
result00.anm	13	10372	21	40	12	0	19000000
result00.anm	13	10384	24	40	12	0	01000000
result00.anm	13	10396	6	40	20	0	000000000000000000000000
result00.anm	13	10416	24	40	12	0	00000000
result00.anm	13	10428	33	40	28	0	0800000000000000ff000000ff000000ff000000
result00.anm	13	10456	6	40	20	0	000020440000804200000000
result00.anm	13	10476	18	50	24	0	0000004200008042000000000a000000
result00.anm	13	10500	20	60	8	0	
result00.anm	13	10508	89	60	8	0	
result00.anm	13	10516	21	60	12	0	18000000
result00.anm	13	10528	24	60	12	0	01000000
result00.anm	13	10540	6	60	20	0	000000000000000000000000
result00.anm	13	10560	24	60	12	0	00000000
result00.anm	13	10572	33	60	28	0	0800000000000000800000008000000080000000
result00.anm	13	10600	18	60	24	0	0000204400008042000000000a000000
result00.anm	13	10624	20	70	8	0	
result00.anm	13	10632	89	70	8	0	
result00.anm	13	10640	21	70	12	0	ffffffff
result00.anm	13	10652	6	70	20	0	000080c30000604300000000
result00.anm	13	10672	18	70	24	0	000080c3000060430000000014000000
result00.anm	13	10696	23	90	8	0	
result00.anm	13	10704	-1	0	0	0	
result00.anm	14	10712	3	0	12	0	06000000
result00.anm	14	10724	22	0	8	0	
result00.anm	14	10732	6	0	20	0	000080c30000804200000000
result00.anm	14	10752	23	0	8	0	
result00.anm	14	10760	21	0	12	0	16000000
result00.anm	14	10772	18	0	24	0	00008042000080420000000014000000
result00.anm	14	10796	20	20	8	0	
result00.anm	14	10804	21	20	12	0	14000000
result00.anm	14	10816	33	20	28	0	0400000000000000ff000000ff000000ff000000
result00.anm	14	10844	24	20	12	0	01000000
result00.anm	14	10856	6	20	20	0	000080c0000080c000000000
result00.anm	14	10876	24	20	12	0	00000000
result00.anm	14	10888	37	20	16	1	1027000000000000
result00.anm	14	10904	89	20	8	0	
result00.anm	14	10912	21	20	12	0	15000000
result00.anm	14	10924	33	20	28	0	0400000000000000800000008000000080000000
result00.anm	14	10952	24	20	12	0	01000000
result00.anm	14	10964	6	20	20	0	000000000000000000000000
result00.anm	14	10984	24	20	12	0	00000000
result00.anm	14	10996	37	20	16	1	1027000001000000
result00.anm	14	11012	89	20	8	0	
result00.anm	14	11020	21	20	12	0	17000000
result00.anm	14	11032	18	20	24	0	00000042000080420000000014000000
result00.anm	14	11056	89	20	8	0	
result00.anm	14	11064	21	20	12	0	19000000
result00.anm	14	11076	24	20	12	0	01000000
result00.anm	14	11088	6	20	20	0	000000000000000000000000
result00.anm	14	11108	24	20	12	0	00000000
result00.anm	14	11120	33	20	28	0	0800000000000000ff000000ff000000ff000000
result00.anm	14	11148	6	20	20	0	000020440000804200000000
result00.anm	14	11168	18	30	24	0	0000004200008042000000000a000000
result00.anm	14	11192	20	40	8	0	
result00.anm	14	11200	89	40	8	0	
result00.anm	14	11208	21	40	12	0	18000000
result00.anm	14	11220	24	40	12	0	01000000
result00.anm	14	11232	6	40	20	0	000000000000000000000000
result00.anm	14	11252	24	40	12	0	00000000
result00.anm	14	11264	33	40	28	0	0800000000000000800000008000000080000000
result00.anm	14	11292	18	40	24	0	0000204400008042000000000a000000
result00.anm	14	11316	20	50	8	0	
result00.anm	14	11324	89	50	8	0	
result00.anm	14	11332	21	50	12	0	ffffffff
result00.anm	14	11344	6	50	20	0	000080c30000804200000000
result00.anm	14	11364	18	50	24	0	000080c3000080420000000014000000
result00.anm	14	11388	23	70	8	0	
result00.anm	14	11396	-1	0	0	0	
result00.anm	15	11404	3	0	12	0	07000000
result00.anm	15	11416	22	0	8	0	
result00.anm	15	11424	6	0	20	0	000080c30000c04200000000
result00.anm	15	11444	23	0	8	0	
result00.anm	15	11452	21	0	12	0	16000000
result00.anm	15	11464	18	0	24	0	000080420000c0420000000014000000
result00.anm	15	11488	20	20	8	0	
result00.anm	15	11496	21	20	12	0	14000000
result00.anm	15	11508	33	20	28	0	0400000000000000ff000000ff000000ff000000
result00.anm	15	11536	24	20	12	0	01000000
result00.anm	15	11548	6	20	20	0	000080c0000080c000000000
result00.anm	15	11568	24	20	12	0	00000000
result00.anm	15	11580	37	20	16	1	1027000000000000
result00.anm	15	11596	89	20	8	0	
result00.anm	15	11604	21	20	12	0	15000000
result00.anm	15	11616	33	20	28	0	0400000000000000800000008000000080000000
result00.anm	15	11644	24	20	12	0	01000000
result00.anm	15	11656	6	20	20	0	000000000000000000000000
result00.anm	15	11676	24	20	12	0	00000000
result00.anm	15	11688	37	20	16	1	1027000001000000
result00.anm	15	11704	89	20	8	0	
result00.anm	15	11712	21	20	12	0	17000000
result00.anm	15	11724	18	20	24	0	000000420000c0420000000014000000
result00.anm	15	11748	89	20	8	0	
result00.anm	15	11756	21	20	12	0	19000000
result00.anm	15	11768	24	20	12	0	01000000
result00.anm	15	11780	6	20	20	0	000000000000000000000000
result00.anm	15	11800	24	20	12	0	00000000
result00.anm	15	11812	33	20	28	0	0800000000000000ff000000ff000000ff000000
result00.anm	15	11840	6	20	20	0	000020440000c04200000000
result00.anm	15	11860	18	30	24	0	000000420000c042000000000a000000
result00.anm	15	11884	20	40	8	0	
result00.anm	15	11892	89	40	8	0	
result00.anm	15	11900	21	40	12	0	18000000
result00.anm	15	11912	24	40	12	0	01000000
result00.anm	15	11924	6	40	20	0	000000000000000000000000
result00.anm	15	11944	24	40	12	0	00000000
result00.anm	15	11956	33	40	28	0	0800000000000000800000008000000080000000
result00.anm	15	11984	18	40	24	0	000020440000c042000000000a000000
result00.anm	15	12008	20	50	8	0	
result00.anm	15	12016	89	50	8	0	
result00.anm	15	12024	21	50	12	0	ffffffff
result00.anm	15	12036	6	50	20	0	000080c30000c04200000000
result00.anm	15	12056	18	50	24	0	000080c30000c0420000000014000000
result00.anm	15	12080	23	70	8	0	
result00.anm	15	12088	-1	0	0	0	
result00.anm	16	12096	3	0	12	0	08000000
result00.anm	16	12108	22	0	8	0	
result00.anm	16	12116	6	0	20	0	000080c30000f04200000000
result00.anm	16	12136	23	0	8	0	
result00.anm	16	12144	21	0	12	0	16000000
result00.anm	16	12156	18	3	24	0	000080420000f0420000000014000000
result00.anm	16	12180	20	23	8	0	
result00.anm	16	12188	21	23	12	0	14000000
result00.anm	16	12200	33	23	28	0	0400000000000000ff000000ff000000ff000000
result00.anm	16	12228	24	23	12	0	01000000
result00.anm	16	12240	6	23	20	0	000080c0000080c000000000
result00.anm	16	12260	24	23	12	0	00000000
result00.anm	16	12272	37	23	16	1	1027000000000000
result00.anm	16	12288	89	23	8	0	
result00.anm	16	12296	21	23	12	0	15000000
result00.anm	16	12308	33	23	28	0	0400000000000000800000008000000080000000
result00.anm	16	12336	24	23	12	0	01000000
result00.anm	16	12348	6	23	20	0	000000000000000000000000
result00.anm	16	12368	24	23	12	0	00000000
result00.anm	16	12380	37	23	16	1	1027000001000000
result00.anm	16	12396	89	23	8	0	
result00.anm	16	12404	21	23	12	0	17000000
result00.anm	16	12416	18	23	24	0	000000420000c0420000000014000000
result00.anm	16	12440	89	23	8	0	
result00.anm	16	12448	21	23	12	0	19000000
result00.anm	16	12460	24	23	12	0	01000000
result00.anm	16	12472	6	23	20	0	000000000000000000000000
result00.anm	16	12492	24	23	12	0	00000000
result00.anm	16	12504	33	23	28	0	0800000000000000ff000000ff000000ff000000
result00.anm	16	12532	6	23	20	0	000020440000c04200000000
result00.anm	16	12552	18	33	24	0	000000420000c042000000000a000000
result00.anm	16	12576	20	43	8	0	
result00.anm	16	12584	89	43	8	0	
result00.anm	16	12592	21	43	12	0	18000000
result00.anm	16	12604	24	43	12	0	01000000
result00.anm	16	12616	6	43	20	0	000000000000000000000000
result00.anm	16	12636	24	43	12	0	00000000
result00.anm	16	12648	33	43	28	0	0800000000000000800000008000000080000000
result00.anm	16	12676	18	43	24	0	000020440000c042000000000a000000
result00.anm	16	12700	20	53	8	0	
result00.anm	16	12708	89	53	8	0	
result00.anm	16	12716	21	53	12	0	ffffffff
result00.anm	16	12728	6	53	20	0	000080c30000f04200000000
result00.anm	16	12748	18	53	24	0	000080c30000f0420000000014000000
result00.anm	16	12772	23	73	8	0	
result00.anm	16	12780	-1	0	0	0	
result00.anm	17	12788	3	0	12	0	09000000
result00.anm	17	12800	22	0	8	0	
result00.anm	17	12808	6	0	20	0	000080c30000104300000000
result00.anm	17	12828	23	0	8	0	
result00.anm	17	12836	21	0	12	0	16000000
result00.anm	17	12848	18	6	24	0	00008042000010430000000014000000
result00.anm	17	12872	20	26	8	0	
result00.anm	17	12880	21	26	12	0	14000000
result00.anm	17	12892	33	26	28	0	0400000000000000ff000000ff000000ff000000
result00.anm	17	12920	24	26	12	0	01000000
result00.anm	17	12932	6	26	20	0	000080c0000080c000000000
result00.anm	17	12952	24	26	12	0	00000000
result00.anm	17	12964	37	26	16	1	1027000000000000
result00.anm	17	12980	89	26	8	0	
result00.anm	17	12988	21	26	12	0	15000000
result00.anm	17	13000	33	26	28	0	0400000000000000800000008000000080000000
result00.anm	17	13028	24	26	12	0	01000000
result00.anm	17	13040	6	26	20	0	000000000000000000000000
result00.anm	17	13060	24	26	12	0	00000000
result00.anm	17	13072	37	26	16	1	1027000001000000
result00.anm	17	13088	89	26	8	0	
result00.anm	17	13096	21	26	12	0	17000000
result00.anm	17	13108	18	26	24	0	000000420000c0420000000014000000
result00.anm	17	13132	89	26	8	0	
result00.anm	17	13140	21	26	12	0	19000000
result00.anm	17	13152	24	26	12	0	01000000
result00.anm	17	13164	6	26	20	0	000000000000000000000000
result00.anm	17	13184	24	26	12	0	00000000
result00.anm	17	13196	33	26	28	0	0800000000000000ff000000ff000000ff000000
result00.anm	17	13224	6	26	20	0	000020440000c04200000000
result00.anm	17	13244	18	36	24	0	000000420000c042000000000a000000
result00.anm	17	13268	20	46	8	0	
result00.anm	17	13276	89	46	8	0	
result00.anm	17	13284	21	46	12	0	18000000
result00.anm	17	13296	24	46	12	0	01000000
result00.anm	17	13308	6	46	20	0	000000000000000000000000
result00.anm	17	13328	24	46	12	0	00000000
result00.anm	17	13340	33	46	28	0	0800000000000000800000008000000080000000
result00.anm	17	13368	18	46	24	0	000020440000c042000000000a000000
result00.anm	17	13392	20	56	8	0	
result00.anm	17	13400	89	56	8	0	
result00.anm	17	13408	21	56	12	0	ffffffff
result00.anm	17	13420	6	56	20	0	000080c30000104300000000
result00.anm	17	13440	18	56	24	0	000080c3000010430000000014000000
result00.anm	17	13464	23	76	8	0	
result00.anm	17	13472	-1	0	0	0	
result00.anm	18	13480	3	0	12	0	0a000000
result00.anm	18	13492	22	0	8	0	
result00.anm	18	13500	6	0	20	0	000080c30000284300000000
result00.anm	18	13520	23	0	8	0	
result00.anm	18	13528	21	0	12	0	16000000
result00.anm	18	13540	18	9	24	0	00008042000028430000000014000000
result00.anm	18	13564	20	29	8	0	
result00.anm	18	13572	21	29	12	0	14000000
result00.anm	18	13584	33	29	28	0	0400000000000000ff000000ff000000ff000000
result00.anm	18	13612	24	29	12	0	01000000
result00.anm	18	13624	6	29	20	0	000080c0000080c000000000
result00.anm	18	13644	24	29	12	0	00000000
result00.anm	18	13656	37	29	16	1	1027000000000000
result00.anm	18	13672	89	29	8	0	
result00.anm	18	13680	21	29	12	0	15000000
result00.anm	18	13692	33	29	28	0	0400000000000000800000008000000080000000
result00.anm	18	13720	24	29	12	0	01000000
result00.anm	18	13732	6	29	20	0	000000000000000000000000
result00.anm	18	13752	24	29	12	0	00000000
result00.anm	18	13764	37	29	16	1	1027000001000000
result00.anm	18	13780	89	29	8	0	
result00.anm	18	13788	21	29	12	0	17000000
result00.anm	18	13800	18	29	24	0	000000420000c0420000000014000000
result00.anm	18	13824	89	29	8	0	
result00.anm	18	13832	21	29	12	0	19000000
result00.anm	18	13844	24	29	12	0	01000000
result00.anm	18	13856	6	29	20	0	000000000000000000000000
result00.anm	18	13876	24	29	12	0	00000000
result00.anm	18	13888	33	29	28	0	0800000000000000ff000000ff000000ff000000
result00.anm	18	13916	6	29	20	0	000020440000c04200000000
result00.anm	18	13936	18	39	24	0	000000420000c042000000000a000000
result00.anm	18	13960	20	49	8	0	
result00.anm	18	13968	89	49	8	0	
result00.anm	18	13976	21	49	12	0	18000000
result00.anm	18	13988	24	49	12	0	01000000
result00.anm	18	14000	6	49	20	0	000000000000000000000000
result00.anm	18	14020	24	49	12	0	00000000
result00.anm	18	14032	33	49	28	0	0800000000000000800000008000000080000000
result00.anm	18	14060	18	49	24	0	000020440000c042000000000a000000
result00.anm	18	14084	20	59	8	0	
result00.anm	18	14092	89	59	8	0	
result00.anm	18	14100	21	59	12	0	ffffffff
result00.anm	18	14112	6	59	20	0	000080c30000284300000000
result00.anm	18	14132	18	59	24	0	000080c3000028430000000014000000
result00.anm	18	14156	23	79	8	0	
result00.anm	18	14164	-1	0	0	0	
result00.anm	19	14172	3	0	12	0	0b000000
result00.anm	19	14184	22	0	8	0	
result00.anm	19	14192	6	0	20	0	000080c30000404300000000
result00.anm	19	14212	23	0	8	0	
result00.anm	19	14220	21	0	12	0	16000000
result00.anm	19	14232	18	12	24	0	00008042000040430000000014000000
result00.anm	19	14256	20	32	8	0	
result00.anm	19	14264	21	32	12	0	14000000
result00.anm	19	14276	33	32	28	0	0400000000000000ff000000ff000000ff000000
result00.anm	19	14304	24	32	12	0	01000000
result00.anm	19	14316	6	32	20	0	000080c0000080c000000000
result00.anm	19	14336	24	32	12	0	00000000
result00.anm	19	14348	37	32	16	1	1027000000000000
result00.anm	19	14364	89	32	8	0	
result00.anm	19	14372	21	32	12	0	15000000
result00.anm	19	14384	33	32	28	0	0400000000000000800000008000000080000000
result00.anm	19	14412	24	32	12	0	01000000
result00.anm	19	14424	6	32	20	0	000000000000000000000000
result00.anm	19	14444	24	32	12	0	00000000
result00.anm	19	14456	37	32	16	1	1027000001000000
result00.anm	19	14472	89	32	8	0	
result00.anm	19	14480	21	32	12	0	17000000
result00.anm	19	14492	18	32	24	0	000000420000c0420000000014000000
result00.anm	19	14516	89	32	8	0	
result00.anm	19	14524	21	32	12	0	19000000
result00.anm	19	14536	24	32	12	0	01000000
result00.anm	19	14548	6	32	20	0	000000000000000000000000
result00.anm	19	14568	24	32	12	0	00000000
result00.anm	19	14580	33	32	28	0	0800000000000000ff000000ff000000ff000000
result00.anm	19	14608	6	32	20	0	000020440000c04200000000
result00.anm	19	14628	18	42	24	0	000000420000c042000000000a000000
result00.anm	19	14652	20	52	8	0	
result00.anm	19	14660	89	52	8	0	
result00.anm	19	14668	21	52	12	0	18000000
result00.anm	19	14680	24	52	12	0	01000000
result00.anm	19	14692	6	52	20	0	000000000000000000000000
result00.anm	19	14712	24	52	12	0	00000000
result00.anm	19	14724	33	52	28	0	0800000000000000800000008000000080000000
result00.anm	19	14752	18	52	24	0	000020440000c042000000000a000000
result00.anm	19	14776	20	62	8	0	
result00.anm	19	14784	89	62	8	0	
result00.anm	19	14792	21	62	12	0	ffffffff
result00.anm	19	14804	6	62	20	0	000080c30000404300000000
result00.anm	19	14824	18	62	24	0	000080c3000040430000000014000000
result00.anm	19	14848	23	82	8	0	
result00.anm	19	14856	-1	0	0	0	
result00.anm	20	14864	3	0	12	0	0c000000
result00.anm	20	14876	22	0	8	0	
result00.anm	20	14884	6	0	20	0	000080c30000584300000000
result00.anm	20	14904	23	0	8	0	
result00.anm	20	14912	21	0	12	0	16000000
result00.anm	20	14924	18	15	24	0	00008042000058430000000014000000
result00.anm	20	14948	20	35	8	0	
result00.anm	20	14956	21	35	12	0	14000000
result00.anm	20	14968	33	35	28	0	0400000000000000ff000000ff000000ff000000
result00.anm	20	14996	24	35	12	0	01000000
result00.anm	20	15008	6	35	20	0	000080c0000080c000000000
result00.anm	20	15028	24	35	12	0	00000000
result00.anm	20	15040	37	35	16	1	1027000000000000
result00.anm	20	15056	89	35	8	0	
result00.anm	20	15064	21	35	12	0	15000000
result00.anm	20	15076	33	35	28	0	0400000000000000800000008000000080000000
result00.anm	20	15104	24	35	12	0	01000000
result00.anm	20	15116	6	35	20	0	000000000000000000000000
result00.anm	20	15136	24	35	12	0	00000000
result00.anm	20	15148	37	35	16	1	1027000001000000
result00.anm	20	15164	89	35	8	0	
result00.anm	20	15172	21	35	12	0	17000000
result00.anm	20	15184	18	35	24	0	000000420000c0420000000014000000
result00.anm	20	15208	89	35	8	0	
result00.anm	20	15216	21	35	12	0	19000000
result00.anm	20	15228	24	35	12	0	01000000
result00.anm	20	15240	6	35	20	0	000000000000000000000000
result00.anm	20	15260	24	35	12	0	00000000
result00.anm	20	15272	33	35	28	0	0800000000000000ff000000ff000000ff000000
result00.anm	20	15300	6	35	20	0	000020440000c04200000000
result00.anm	20	15320	18	45	24	0	000000420000c042000000000a000000
result00.anm	20	15344	20	55	8	0	
result00.anm	20	15352	89	55	8	0	
result00.anm	20	15360	21	55	12	0	18000000
result00.anm	20	15372	24	55	12	0	01000000
result00.anm	20	15384	6	55	20	0	000000000000000000000000
result00.anm	20	15404	24	55	12	0	00000000
result00.anm	20	15416	33	55	28	0	0800000000000000800000008000000080000000
result00.anm	20	15444	18	55	24	0	000020440000c042000000000a000000
result00.anm	20	15468	20	65	8	0	
result00.anm	20	15476	89	65	8	0	
result00.anm	20	15484	21	65	12	0	ffffffff
result00.anm	20	15496	6	65	20	0	000080c30000584300000000
result00.anm	20	15516	18	65	24	0	000080c3000058430000000014000000
result00.anm	20	15540	23	85	8	0	
result00.anm	20	15548	-1	0	0	0	
result00.anm	21	15556	3	0	12	0	0d000000
result00.anm	21	15568	22	0	8	0	
result00.anm	21	15576	6	0	20	0	000080c30000704300000000
result00.anm	21	15596	23	0	8	0	
result00.anm	21	15604	21	0	12	0	16000000
result00.anm	21	15616	18	18	24	0	00008042000070430000000014000000
result00.anm	21	15640	20	38	8	0	
result00.anm	21	15648	21	38	12	0	14000000
result00.anm	21	15660	33	38	28	0	0400000000000000ff000000ff000000ff000000
result00.anm	21	15688	24	38	12	0	01000000
result00.anm	21	15700	6	38	20	0	000080c0000080c000000000
result00.anm	21	15720	24	38	12	0	00000000
result00.anm	21	15732	37	38	16	1	1027000000000000
result00.anm	21	15748	89	38	8	0	
result00.anm	21	15756	21	38	12	0	15000000
result00.anm	21	15768	33	38	28	0	0400000000000000800000008000000080000000
result00.anm	21	15796	24	38	12	0	01000000
result00.anm	21	15808	6	38	20	0	000000000000000000000000
result00.anm	21	15828	24	38	12	0	00000000
result00.anm	21	15840	37	38	16	1	1027000001000000
result00.anm	21	15856	89	38	8	0	
result00.anm	21	15864	21	38	12	0	17000000
result00.anm	21	15876	18	38	24	0	000000420000c0420000000014000000
result00.anm	21	15900	89	38	8	0	
result00.anm	21	15908	21	38	12	0	19000000
result00.anm	21	15920	24	38	12	0	01000000
result00.anm	21	15932	6	38	20	0	000000000000000000000000
result00.anm	21	15952	24	38	12	0	00000000
result00.anm	21	15964	33	38	28	0	0800000000000000ff000000ff000000ff000000
result00.anm	21	15992	6	38	20	0	000020440000c04200000000
result00.anm	21	16012	18	48	24	0	000000420000c042000000000a000000
result00.anm	21	16036	20	58	8	0	
result00.anm	21	16044	89	58	8	0	
result00.anm	21	16052	21	58	12	0	18000000
result00.anm	21	16064	24	58	12	0	01000000
result00.anm	21	16076	6	58	20	0	000000000000000000000000
result00.anm	21	16096	24	58	12	0	00000000
result00.anm	21	16108	33	58	28	0	0800000000000000800000008000000080000000
result00.anm	21	16136	18	58	24	0	000020440000c042000000000a000000
result00.anm	21	16160	20	68	8	0	
result00.anm	21	16168	89	68	8	0	
result00.anm	21	16176	21	68	12	0	ffffffff
result00.anm	21	16188	6	68	20	0	000080c30000704300000000
result00.anm	21	16208	18	68	24	0	000080c3000070430000000014000000
result00.anm	21	16232	23	88	8	0	
result00.anm	21	16240	-1	0	0	0	
result00.anm	22	16248	3	0	12	0	0e000000
result00.anm	22	16260	22	0	8	0	
result00.anm	22	16268	6	0	20	0	000080c30000844300000000
result00.anm	22	16288	23	0	8	0	
result00.anm	22	16296	21	0	12	0	16000000
result00.anm	22	16308	18	21	24	0	00008042000084430000000014000000
result00.anm	22	16332	20	41	8	0	
result00.anm	22	16340	21	41	12	0	14000000
result00.anm	22	16352	33	41	28	0	0400000000000000ff000000ff000000ff000000
result00.anm	22	16380	24	41	12	0	01000000
result00.anm	22	16392	6	41	20	0	000080c0000080c000000000
result00.anm	22	16412	24	41	12	0	00000000
result00.anm	22	16424	37	41	16	1	1027000000000000
result00.anm	22	16440	89	41	8	0	
result00.anm	22	16448	21	41	12	0	15000000
result00.anm	22	16460	33	41	28	0	0400000000000000800000008000000080000000
result00.anm	22	16488	24	41	12	0	01000000
result00.anm	22	16500	6	41	20	0	000000000000000000000000
result00.anm	22	16520	24	41	12	0	00000000
result00.anm	22	16532	37	41	16	1	1027000001000000
result00.anm	22	16548	89	41	8	0	
result00.anm	22	16556	21	41	12	0	17000000
result00.anm	22	16568	18	41	24	0	000000420000c0420000000014000000
result00.anm	22	16592	89	41	8	0	
result00.anm	22	16600	21	41	12	0	19000000
result00.anm	22	16612	24	41	12	0	01000000
result00.anm	22	16624	6	41	20	0	000000000000000000000000
result00.anm	22	16644	24	41	12	0	00000000
result00.anm	22	16656	33	41	28	0	0800000000000000ff000000ff000000ff000000
result00.anm	22	16684	6	41	20	0	000020440000c04200000000
result00.anm	22	16704	18	51	24	0	000000420000c042000000000a000000
result00.anm	22	16728	20	61	8	0	
result00.anm	22	16736	89	61	8	0	
result00.anm	22	16744	21	61	12	0	18000000
result00.anm	22	16756	24	61	12	0	01000000
result00.anm	22	16768	6	61	20	0	000000000000000000000000
result00.anm	22	16788	24	61	12	0	00000000
result00.anm	22	16800	33	61	28	0	0800000000000000800000008000000080000000
result00.anm	22	16828	18	61	24	0	000020440000c042000000000a000000
result00.anm	22	16852	20	71	8	0	
result00.anm	22	16860	89	71	8	0	
result00.anm	22	16868	21	71	12	0	ffffffff
result00.anm	22	16880	6	71	20	0	000080c30000844300000000
result00.anm	22	16900	18	71	24	0	000080c3000084430000000014000000
result00.anm	22	16924	23	91	8	0	
result00.anm	22	16932	-1	0	0	0	
result00.anm	23	16940	3	0	12	0	0f000000
result00.anm	23	16952	22	0	8	0	
result00.anm	23	16960	6	0	20	0	000080c30000904300000000
result00.anm	23	16980	23	0	8	0	
result00.anm	23	16988	21	0	12	0	16000000
result00.anm	23	17000	18	24	24	0	00008042000090430000000014000000
result00.anm	23	17024	20	44	8	0	
result00.anm	23	17032	21	44	12	0	14000000
result00.anm	23	17044	33	44	28	0	0400000000000000ff000000ff000000ff000000
result00.anm	23	17072	24	44	12	0	01000000
result00.anm	23	17084	6	44	20	0	000080c0000080c000000000
result00.anm	23	17104	24	44	12	0	00000000
result00.anm	23	17116	37	44	16	1	1027000000000000
result00.anm	23	17132	89	44	8	0	
result00.anm	23	17140	21	44	12	0	15000000
result00.anm	23	17152	33	44	28	0	0400000000000000800000008000000080000000
result00.anm	23	17180	24	44	12	0	01000000
result00.anm	23	17192	6	44	20	0	000000000000000000000000
result00.anm	23	17212	24	44	12	0	00000000
result00.anm	23	17224	37	44	16	1	1027000001000000
result00.anm	23	17240	89	44	8	0	
result00.anm	23	17248	21	44	12	0	17000000
result00.anm	23	17260	18	44	24	0	000000420000c0420000000014000000
result00.anm	23	17284	89	44	8	0	
result00.anm	23	17292	21	44	12	0	19000000
result00.anm	23	17304	24	44	12	0	01000000
result00.anm	23	17316	6	44	20	0	000000000000000000000000
result00.anm	23	17336	24	44	12	0	00000000
result00.anm	23	17348	33	44	28	0	0800000000000000ff000000ff000000ff000000
result00.anm	23	17376	6	44	20	0	000020440000c04200000000
result00.anm	23	17396	18	54	24	0	000000420000c042000000000a000000
result00.anm	23	17420	20	64	8	0	
result00.anm	23	17428	89	64	8	0	
result00.anm	23	17436	21	64	12	0	18000000
result00.anm	23	17448	24	64	12	0	01000000
result00.anm	23	17460	6	64	20	0	000000000000000000000000
result00.anm	23	17480	24	64	12	0	00000000
result00.anm	23	17492	33	64	28	0	0800000000000000800000008000000080000000
result00.anm	23	17520	18	64	24	0	000020440000c042000000000a000000
result00.anm	23	17544	20	74	8	0	
result00.anm	23	17552	89	74	8	0	
result00.anm	23	17560	21	74	12	0	ffffffff
result00.anm	23	17572	6	74	20	0	000080c30000904300000000
result00.anm	23	17592	18	74	24	0	000080c3000090430000000014000000
result00.anm	23	17616	23	94	8	0	
result00.anm	23	17624	-1	0	0	0	
result00.anm	24	17632	3	0	12	0	10000000
result00.anm	24	17644	22	0	8	0	
result00.anm	24	17652	6	0	20	0	000080c300009c4300000000
result00.anm	24	17672	23	0	8	0	
result00.anm	24	17680	21	0	12	0	16000000
result00.anm	24	17692	18	27	24	0	0000804200009c430000000014000000
result00.anm	24	17716	20	47	8	0	
result00.anm	24	17724	21	47	12	0	14000000
result00.anm	24	17736	33	47	28	0	0400000000000000ff000000ff000000ff000000
result00.anm	24	17764	24	47	12	0	01000000
result00.anm	24	17776	6	47	20	0	000080c0000080c000000000
result00.anm	24	17796	24	47	12	0	00000000
result00.anm	24	17808	37	47	16	1	1027000000000000
result00.anm	24	17824	89	47	8	0	
result00.anm	24	17832	21	47	12	0	15000000
result00.anm	24	17844	33	47	28	0	0400000000000000800000008000000080000000
result00.anm	24	17872	24	47	12	0	01000000
result00.anm	24	17884	6	47	20	0	000000000000000000000000
result00.anm	24	17904	24	47	12	0	00000000
result00.anm	24	17916	37	47	16	1	1027000001000000
result00.anm	24	17932	89	47	8	0	
result00.anm	24	17940	21	47	12	0	17000000
result00.anm	24	17952	18	47	24	0	000000420000c0420000000014000000
result00.anm	24	17976	89	47	8	0	
result00.anm	24	17984	21	47	12	0	19000000
result00.anm	24	17996	24	47	12	0	01000000
result00.anm	24	18008	6	47	20	0	000000000000000000000000
result00.anm	24	18028	24	47	12	0	00000000
result00.anm	24	18040	33	47	28	0	0800000000000000ff000000ff000000ff000000
result00.anm	24	18068	6	47	20	0	000020440000c04200000000
result00.anm	24	18088	18	57	24	0	000000420000c042000000000a000000
result00.anm	24	18112	20	67	8	0	
result00.anm	24	18120	89	67	8	0	
result00.anm	24	18128	21	67	12	0	18000000
result00.anm	24	18140	24	67	12	0	01000000
result00.anm	24	18152	6	67	20	0	000000000000000000000000
result00.anm	24	18172	24	67	12	0	00000000
result00.anm	24	18184	33	67	28	0	0800000000000000800000008000000080000000
result00.anm	24	18212	18	67	24	0	000020440000c042000000000a000000
result00.anm	24	18236	20	77	8	0	
result00.anm	24	18244	89	77	8	0	
result00.anm	24	18252	21	77	12	0	ffffffff
result00.anm	24	18264	6	77	20	0	000080c300009c4300000000
result00.anm	24	18284	18	77	24	0	000080c300009c430000000014000000
result00.anm	24	18308	23	97	8	0	
result00.anm	24	18316	-1	0	0	0	
result00.anm	25	18324	3	0	12	0	11000000
result00.anm	25	18336	22	0	8	0	
result00.anm	25	18344	6	0	20	0	000080c30000a84300000000
result00.anm	25	18364	23	0	8	0	
result00.anm	25	18372	21	0	12	0	16000000
result00.anm	25	18384	18	30	24	0	000080420000a8430000000014000000
result00.anm	25	18408	20	50	8	0	
result00.anm	25	18416	21	50	12	0	14000000
result00.anm	25	18428	33	50	28	0	0400000000000000ff000000ff000000ff000000
result00.anm	25	18456	24	50	12	0	01000000
result00.anm	25	18468	6	50	20	0	000080c0000080c000000000
result00.anm	25	18488	24	50	12	0	00000000
result00.anm	25	18500	37	50	16	1	1027000000000000
result00.anm	25	18516	89	50	8	0	
result00.anm	25	18524	21	50	12	0	15000000
result00.anm	25	18536	33	50	28	0	0400000000000000800000008000000080000000
result00.anm	25	18564	24	50	12	0	01000000
result00.anm	25	18576	6	50	20	0	000000000000000000000000
result00.anm	25	18596	24	50	12	0	00000000
result00.anm	25	18608	37	50	16	1	1027000001000000
result00.anm	25	18624	89	50	8	0	
result00.anm	25	18632	21	50	12	0	17000000
result00.anm	25	18644	18	50	24	0	000000420000c0420000000014000000
result00.anm	25	18668	89	50	8	0	
result00.anm	25	18676	21	50	12	0	19000000
result00.anm	25	18688	24	50	12	0	01000000
result00.anm	25	18700	6	50	20	0	000000000000000000000000
result00.anm	25	18720	24	50	12	0	00000000
result00.anm	25	18732	33	50	28	0	0800000000000000ff000000ff000000ff000000
result00.anm	25	18760	6	50	20	0	000020440000c04200000000
result00.anm	25	18780	18	60	24	0	000000420000c042000000000a000000
result00.anm	25	18804	20	70	8	0	
result00.anm	25	18812	89	70	8	0	
result00.anm	25	18820	21	70	12	0	18000000
result00.anm	25	18832	24	70	12	0	01000000
result00.anm	25	18844	6	70	20	0	000000000000000000000000
result00.anm	25	18864	24	70	12	0	00000000
result00.anm	25	18876	33	70	28	0	0800000000000000800000008000000080000000
result00.anm	25	18904	18	70	24	0	000020440000c042000000000a000000
result00.anm	25	18928	20	80	8	0	
result00.anm	25	18936	89	80	8	0	
result00.anm	25	18944	21	80	12	0	ffffffff
result00.anm	25	18956	6	80	20	0	000080c30000a84300000000
result00.anm	25	18976	18	80	24	0	000080c30000a8430000000014000000
result00.anm	25	19000	23	100	8	0	
result00.anm	25	19008	-1	0	0	0	
result00.anm	26	19016	3	0	12	0	12000000
result00.anm	26	19028	22	0	8	0	
result00.anm	26	19036	6	0	20	0	000080c30000b44300000000
result00.anm	26	19056	23	0	8	0	
result00.anm	26	19064	21	0	12	0	16000000
result00.anm	26	19076	18	33	24	0	000080420000b4430000000014000000
result00.anm	26	19100	20	53	8	0	
result00.anm	26	19108	21	53	12	0	14000000
result00.anm	26	19120	33	53	28	0	0400000000000000ff000000ff000000ff000000
result00.anm	26	19148	24	53	12	0	01000000
result00.anm	26	19160	6	53	20	0	000080c0000080c000000000
result00.anm	26	19180	24	53	12	0	00000000
result00.anm	26	19192	37	53	16	1	1027000000000000
result00.anm	26	19208	89	53	8	0	
result00.anm	26	19216	21	53	12	0	15000000
result00.anm	26	19228	33	53	28	0	0400000000000000800000008000000080000000
result00.anm	26	19256	24	53	12	0	01000000
result00.anm	26	19268	6	53	20	0	000000000000000000000000
result00.anm	26	19288	24	53	12	0	00000000
result00.anm	26	19300	37	53	16	1	1027000001000000
result00.anm	26	19316	89	53	8	0	
result00.anm	26	19324	21	53	12	0	17000000
result00.anm	26	19336	18	53	24	0	000000420000c0420000000014000000
result00.anm	26	19360	89	53	8	0	
result00.anm	26	19368	21	53	12	0	19000000
result00.anm	26	19380	24	53	12	0	01000000
result00.anm	26	19392	6	53	20	0	000000000000000000000000
result00.anm	26	19412	24	53	12	0	00000000
result00.anm	26	19424	33	53	28	0	0800000000000000ff000000ff000000ff000000
result00.anm	26	19452	6	53	20	0	000020440000c04200000000
result00.anm	26	19472	18	63	24	0	000000420000c042000000000a000000
result00.anm	26	19496	20	73	8	0	
result00.anm	26	19504	89	73	8	0	
result00.anm	26	19512	21	73	12	0	18000000
result00.anm	26	19524	24	73	12	0	01000000
result00.anm	26	19536	6	73	20	0	000000000000000000000000
result00.anm	26	19556	24	73	12	0	00000000
result00.anm	26	19568	33	73	28	0	0800000000000000800000008000000080000000
result00.anm	26	19596	18	73	24	0	000020440000c042000000000a000000
result00.anm	26	19620	20	83	8	0	
result00.anm	26	19628	89	83	8	0	
result00.anm	26	19636	21	83	12	0	ffffffff
result00.anm	26	19648	6	83	20	0	000080c30000b44300000000
result00.anm	26	19668	18	83	24	0	000080c30000b4430000000014000000
result00.anm	26	19692	23	103	8	0	
result00.anm	26	19700	-1	0	0	0	
result00.anm	27	19708	3	0	12	0	07000000
result00.anm	27	19720	22	0	8	0	
result00.anm	27	19728	6	0	20	0	000080c30000f04200000000
result00.anm	27	19748	23	0	8	0	
result00.anm	27	19756	21	0	12	0	16000000
result00.anm	27	19768	18	3	24	0	000080420000f0420000000014000000
result00.anm	27	19792	20	23	8	0	
result00.anm	27	19800	21	23	12	0	14000000
result00.anm	27	19812	33	23	28	0	0400000000000000ff000000ff000000ff000000
result00.anm	27	19840	24	23	12	0	01000000
result00.anm	27	19852	6	23	20	0	000080c0000080c000000000
result00.anm	27	19872	24	23	12	0	00000000
result00.anm	27	19884	37	23	16	1	1027000000000000
result00.anm	27	19900	89	23	8	0	
result00.anm	27	19908	21	23	12	0	15000000
result00.anm	27	19920	33	23	28	0	0400000000000000800000008000000080000000
result00.anm	27	19948	24	23	12	0	01000000
result00.anm	27	19960	6	23	20	0	000000000000000000000000
result00.anm	27	19980	24	23	12	0	00000000
result00.anm	27	19992	37	23	16	1	1027000001000000
result00.anm	27	20008	89	23	8	0	
result00.anm	27	20016	21	23	12	0	17000000
result00.anm	27	20028	18	23	24	0	000000420000c0420000000014000000
result00.anm	27	20052	89	23	8	0	
result00.anm	27	20060	21	23	12	0	19000000
result00.anm	27	20072	24	23	12	0	01000000
result00.anm	27	20084	6	23	20	0	000000000000000000000000
result00.anm	27	20104	24	23	12	0	00000000
result00.anm	27	20116	33	23	28	0	0800000000000000ff000000ff000000ff000000
result00.anm	27	20144	6	23	20	0	000020440000c04200000000
result00.anm	27	20164	18	33	24	0	000000420000c042000000000a000000
result00.anm	27	20188	20	43	8	0	
result00.anm	27	20196	89	43	8	0	
result00.anm	27	20204	21	43	12	0	18000000
result00.anm	27	20216	24	43	12	0	01000000
result00.anm	27	20228	6	43	20	0	000000000000000000000000
result00.anm	27	20248	24	43	12	0	00000000
result00.anm	27	20260	33	43	28	0	0800000000000000800000008000000080000000
result00.anm	27	20288	18	43	24	0	000020440000c042000000000a000000
result00.anm	27	20312	20	53	8	0	
result00.anm	27	20320	89	53	8	0	
result00.anm	27	20328	21	53	12	0	ffffffff
result00.anm	27	20340	6	53	20	0	000080c30000f04200000000
result00.anm	27	20360	18	53	24	0	000080c30000f0420000000014000000
result00.anm	27	20384	23	73	8	0	
result00.anm	27	20392	-1	0	0	0	
result00.anm	28	20400	3	0	12	0	08000000
result00.anm	28	20412	22	0	8	0	
result00.anm	28	20420	6	0	20	0	000080c30000104300000000
result00.anm	28	20440	23	0	8	0	
result00.anm	28	20448	21	0	12	0	16000000
result00.anm	28	20460	18	6	24	0	00008042000010430000000014000000
result00.anm	28	20484	20	26	8	0	
result00.anm	28	20492	21	26	12	0	14000000
result00.anm	28	20504	33	26	28	0	0400000000000000ff000000ff000000ff000000
result00.anm	28	20532	24	26	12	0	01000000
result00.anm	28	20544	6	26	20	0	000080c0000080c000000000
result00.anm	28	20564	24	26	12	0	00000000
result00.anm	28	20576	37	26	16	1	1027000000000000
result00.anm	28	20592	89	26	8	0	
result00.anm	28	20600	21	26	12	0	15000000
result00.anm	28	20612	33	26	28	0	0400000000000000800000008000000080000000
result00.anm	28	20640	24	26	12	0	01000000
result00.anm	28	20652	6	26	20	0	000000000000000000000000
result00.anm	28	20672	24	26	12	0	00000000
result00.anm	28	20684	37	26	16	1	1027000001000000
result00.anm	28	20700	89	26	8	0	
result00.anm	28	20708	21	26	12	0	17000000
result00.anm	28	20720	18	26	24	0	000000420000c0420000000014000000
result00.anm	28	20744	89	26	8	0	
result00.anm	28	20752	21	26	12	0	19000000
result00.anm	28	20764	24	26	12	0	01000000
result00.anm	28	20776	6	26	20	0	000000000000000000000000
result00.anm	28	20796	24	26	12	0	00000000
result00.anm	28	20808	33	26	28	0	0800000000000000ff000000ff000000ff000000
result00.anm	28	20836	6	26	20	0	000020440000c04200000000
result00.anm	28	20856	18	36	24	0	000000420000c042000000000a000000
result00.anm	28	20880	20	46	8	0	
result00.anm	28	20888	89	46	8	0	
result00.anm	28	20896	21	46	12	0	18000000
result00.anm	28	20908	24	46	12	0	01000000
result00.anm	28	20920	6	46	20	0	000000000000000000000000
result00.anm	28	20940	24	46	12	0	00000000
result00.anm	28	20952	33	46	28	0	0800000000000000800000008000000080000000
result00.anm	28	20980	18	46	24	0	000020440000c042000000000a000000
result00.anm	28	21004	20	56	8	0	
result00.anm	28	21012	89	56	8	0	
result00.anm	28	21020	21	56	12	0	ffffffff
result00.anm	28	21032	6	56	20	0	000080c30000104300000000
result00.anm	28	21052	18	56	24	0	000080c3000010430000000014000000
result00.anm	28	21076	23	76	8	0	
result00.anm	28	21084	-1	0	0	0	
result00.anm	29	21092	3	0	12	0	09000000
result00.anm	29	21104	22	0	8	0	
result00.anm	29	21112	6	0	20	0	000080c30000284300000000
result00.anm	29	21132	23	0	8	0	
result00.anm	29	21140	21	0	12	0	16000000
result00.anm	29	21152	18	9	24	0	00008042000028430000000014000000
result00.anm	29	21176	20	29	8	0	
result00.anm	29	21184	21	29	12	0	14000000
result00.anm	29	21196	33	29	28	0	0400000000000000ff000000ff000000ff000000
result00.anm	29	21224	24	29	12	0	01000000
result00.anm	29	21236	6	29	20	0	000080c0000080c000000000
result00.anm	29	21256	24	29	12	0	00000000
result00.anm	29	21268	37	29	16	1	1027000000000000
result00.anm	29	21284	89	29	8	0	
result00.anm	29	21292	21	29	12	0	15000000
result00.anm	29	21304	33	29	28	0	0400000000000000800000008000000080000000
result00.anm	29	21332	24	29	12	0	01000000
result00.anm	29	21344	6	29	20	0	000000000000000000000000
result00.anm	29	21364	24	29	12	0	00000000
result00.anm	29	21376	37	29	16	1	1027000001000000
result00.anm	29	21392	89	29	8	0	
result00.anm	29	21400	21	29	12	0	17000000
result00.anm	29	21412	18	29	24	0	000000420000c0420000000014000000
result00.anm	29	21436	89	29	8	0	
result00.anm	29	21444	21	29	12	0	19000000
result00.anm	29	21456	24	29	12	0	01000000
result00.anm	29	21468	6	29	20	0	000000000000000000000000
result00.anm	29	21488	24	29	12	0	00000000
result00.anm	29	21500	33	29	28	0	0800000000000000ff000000ff000000ff000000
result00.anm	29	21528	6	29	20	0	000020440000c04200000000
result00.anm	29	21548	18	39	24	0	000000420000c042000000000a000000
result00.anm	29	21572	20	49	8	0	
result00.anm	29	21580	89	49	8	0	
result00.anm	29	21588	21	49	12	0	18000000
result00.anm	29	21600	24	49	12	0	01000000
result00.anm	29	21612	6	49	20	0	000000000000000000000000
result00.anm	29	21632	24	49	12	0	00000000
result00.anm	29	21644	33	49	28	0	0800000000000000800000008000000080000000
result00.anm	29	21672	18	49	24	0	000020440000c042000000000a000000
result00.anm	29	21696	20	59	8	0	
result00.anm	29	21704	89	59	8	0	
result00.anm	29	21712	21	59	12	0	ffffffff
result00.anm	29	21724	6	59	20	0	000080c30000284300000000
result00.anm	29	21744	18	59	24	0	000080c3000028430000000014000000
result00.anm	29	21768	23	79	8	0	
result00.anm	29	21776	-1	0	0	0	
result00.anm	30	21784	3	0	12	0	0a000000
result00.anm	30	21796	22	0	8	0	
result00.anm	30	21804	6	0	20	0	000080c30000404300000000
result00.anm	30	21824	23	0	8	0	
result00.anm	30	21832	21	0	12	0	16000000
result00.anm	30	21844	18	12	24	0	00008042000040430000000014000000
result00.anm	30	21868	20	32	8	0	
result00.anm	30	21876	21	32	12	0	14000000
result00.anm	30	21888	33	32	28	0	0400000000000000ff000000ff000000ff000000
result00.anm	30	21916	24	32	12	0	01000000
result00.anm	30	21928	6	32	20	0	000080c0000080c000000000
result00.anm	30	21948	24	32	12	0	00000000
result00.anm	30	21960	37	32	16	1	1027000000000000
result00.anm	30	21976	89	32	8	0	
result00.anm	30	21984	21	32	12	0	15000000
result00.anm	30	21996	33	32	28	0	0400000000000000800000008000000080000000
result00.anm	30	22024	24	32	12	0	01000000
result00.anm	30	22036	6	32	20	0	000000000000000000000000
result00.anm	30	22056	24	32	12	0	00000000
result00.anm	30	22068	37	32	16	1	1027000001000000
result00.anm	30	22084	89	32	8	0	
result00.anm	30	22092	21	32	12	0	17000000
result00.anm	30	22104	18	32	24	0	000000420000c0420000000014000000
result00.anm	30	22128	89	32	8	0	
result00.anm	30	22136	21	32	12	0	19000000
result00.anm	30	22148	24	32	12	0	01000000
result00.anm	30	22160	6	32	20	0	000000000000000000000000
result00.anm	30	22180	24	32	12	0	00000000
result00.anm	30	22192	33	32	28	0	0800000000000000ff000000ff000000ff000000
result00.anm	30	22220	6	32	20	0	000020440000c04200000000
result00.anm	30	22240	18	42	24	0	000000420000c042000000000a000000
result00.anm	30	22264	20	52	8	0	
result00.anm	30	22272	89	52	8	0	
result00.anm	30	22280	21	52	12	0	18000000
result00.anm	30	22292	24	52	12	0	01000000
result00.anm	30	22304	6	52	20	0	000000000000000000000000
result00.anm	30	22324	24	52	12	0	00000000
result00.anm	30	22336	33	52	28	0	0800000000000000800000008000000080000000
result00.anm	30	22364	18	52	24	0	000020440000c042000000000a000000
result00.anm	30	22388	20	62	8	0	
result00.anm	30	22396	89	62	8	0	
result00.anm	30	22404	21	62	12	0	ffffffff
result00.anm	30	22416	6	62	20	0	000080c30000404300000000
result00.anm	30	22436	18	62	24	0	000080c3000040430000000014000000
result00.anm	30	22460	23	82	8	0	
result00.anm	30	22468	-1	0	0	0	
result00.anm	31	22476	3	0	12	0	0b000000
result00.anm	31	22488	22	0	8	0	
result00.anm	31	22496	6	0	20	0	000080c30000584300000000
result00.anm	31	22516	23	0	8	0	
result00.anm	31	22524	21	0	12	0	16000000
result00.anm	31	22536	18	15	24	0	00008042000058430000000014000000
result00.anm	31	22560	20	35	8	0	
result00.anm	31	22568	21	35	12	0	14000000
result00.anm	31	22580	33	35	28	0	0400000000000000ff000000ff000000ff000000
result00.anm	31	22608	24	35	12	0	01000000
result00.anm	31	22620	6	35	20	0	000080c0000080c000000000
result00.anm	31	22640	24	35	12	0	00000000
result00.anm	31	22652	37	35	16	1	1027000000000000
result00.anm	31	22668	89	35	8	0	
result00.anm	31	22676	21	35	12	0	15000000
result00.anm	31	22688	33	35	28	0	0400000000000000800000008000000080000000
result00.anm	31	22716	24	35	12	0	01000000
result00.anm	31	22728	6	35	20	0	000000000000000000000000
result00.anm	31	22748	24	35	12	0	00000000
result00.anm	31	22760	37	35	16	1	1027000001000000
result00.anm	31	22776	89	35	8	0	
result00.anm	31	22784	21	35	12	0	17000000
result00.anm	31	22796	18	35	24	0	000000420000c0420000000014000000
result00.anm	31	22820	89	35	8	0	
result00.anm	31	22828	21	35	12	0	19000000
result00.anm	31	22840	24	35	12	0	01000000
result00.anm	31	22852	6	35	20	0	000000000000000000000000
result00.anm	31	22872	24	35	12	0	00000000
result00.anm	31	22884	33	35	28	0	0800000000000000ff000000ff000000ff000000
result00.anm	31	22912	6	35	20	0	000020440000c04200000000
result00.anm	31	22932	18	45	24	0	000000420000c042000000000a000000
result00.anm	31	22956	20	55	8	0	
result00.anm	31	22964	89	55	8	0	
result00.anm	31	22972	21	55	12	0	18000000
result00.anm	31	22984	24	55	12	0	01000000
result00.anm	31	22996	6	55	20	0	000000000000000000000000
result00.anm	31	23016	24	55	12	0	00000000
result00.anm	31	23028	33	55	28	0	0800000000000000800000008000000080000000
result00.anm	31	23056	18	55	24	0	000020440000c042000000000a000000
result00.anm	31	23080	20	65	8	0	
result00.anm	31	23088	89	65	8	0	
result00.anm	31	23096	21	65	12	0	ffffffff
result00.anm	31	23108	6	65	20	0	000080c30000584300000000
result00.anm	31	23128	18	65	24	0	000080c3000058430000000014000000
result00.anm	31	23152	23	85	8	0	
result00.anm	31	23160	-1	0	0	0	
result00.anm	32	23168	3	0	12	0	0c000000
result00.anm	32	23180	22	0	8	0	
result00.anm	32	23188	6	0	20	0	000080c30000704300000000
result00.anm	32	23208	23	0	8	0	
result00.anm	32	23216	21	0	12	0	16000000
result00.anm	32	23228	18	18	24	0	00008042000070430000000014000000
result00.anm	32	23252	20	38	8	0	
result00.anm	32	23260	21	38	12	0	14000000
result00.anm	32	23272	33	38	28	0	0400000000000000ff000000ff000000ff000000
result00.anm	32	23300	24	38	12	0	01000000
result00.anm	32	23312	6	38	20	0	000080c0000080c000000000
result00.anm	32	23332	24	38	12	0	00000000
result00.anm	32	23344	37	38	16	1	1027000000000000
result00.anm	32	23360	89	38	8	0	
result00.anm	32	23368	21	38	12	0	15000000
result00.anm	32	23380	33	38	28	0	0400000000000000800000008000000080000000
result00.anm	32	23408	24	38	12	0	01000000
result00.anm	32	23420	6	38	20	0	000000000000000000000000
result00.anm	32	23440	24	38	12	0	00000000
result00.anm	32	23452	37	38	16	1	1027000001000000
result00.anm	32	23468	89	38	8	0	
result00.anm	32	23476	21	38	12	0	17000000
result00.anm	32	23488	18	38	24	0	000000420000c0420000000014000000
result00.anm	32	23512	89	38	8	0	
result00.anm	32	23520	21	38	12	0	19000000
result00.anm	32	23532	24	38	12	0	01000000
result00.anm	32	23544	6	38	20	0	000000000000000000000000
result00.anm	32	23564	24	38	12	0	00000000
result00.anm	32	23576	33	38	28	0	0800000000000000ff000000ff000000ff000000
result00.anm	32	23604	6	38	20	0	000020440000c04200000000
result00.anm	32	23624	18	48	24	0	000000420000c042000000000a000000
result00.anm	32	23648	20	58	8	0	
result00.anm	32	23656	89	58	8	0	
result00.anm	32	23664	21	58	12	0	18000000
result00.anm	32	23676	24	58	12	0	01000000
result00.anm	32	23688	6	58	20	0	000000000000000000000000
result00.anm	32	23708	24	58	12	0	00000000
result00.anm	32	23720	33	58	28	0	0800000000000000800000008000000080000000
result00.anm	32	23748	18	58	24	0	000020440000c042000000000a000000
result00.anm	32	23772	20	68	8	0	
result00.anm	32	23780	89	68	8	0	
result00.anm	32	23788	21	68	12	0	ffffffff
result00.anm	32	23800	6	68	20	0	000080c30000704300000000
result00.anm	32	23820	18	68	24	0	000080c3000070430000000014000000
result00.anm	32	23844	23	88	8	0	
result00.anm	32	23852	-1	0	0	0	
result00.anm	33	23860	3	0	12	0	0d000000
result00.anm	33	23872	22	0	8	0	
result00.anm	33	23880	6	0	20	0	000080c30000844300000000
result00.anm	33	23900	23	0	8	0	
result00.anm	33	23908	21	0	12	0	16000000
result00.anm	33	23920	18	21	24	0	00008042000084430000000014000000
result00.anm	33	23944	20	41	8	0	
result00.anm	33	23952	21	41	12	0	14000000
result00.anm	33	23964	33	41	28	0	0400000000000000ff000000ff000000ff000000
result00.anm	33	23992	24	41	12	0	01000000
result00.anm	33	24004	6	41	20	0	000080c0000080c000000000
result00.anm	33	24024	24	41	12	0	00000000
result00.anm	33	24036	37	41	16	1	1027000000000000
result00.anm	33	24052	89	41	8	0	
result00.anm	33	24060	21	41	12	0	15000000
result00.anm	33	24072	33	41	28	0	0400000000000000800000008000000080000000
result00.anm	33	24100	24	41	12	0	01000000
result00.anm	33	24112	6	41	20	0	000000000000000000000000
result00.anm	33	24132	24	41	12	0	00000000
result00.anm	33	24144	37	41	16	1	1027000001000000
result00.anm	33	24160	89	41	8	0	
result00.anm	33	24168	21	41	12	0	17000000
result00.anm	33	24180	18	41	24	0	000000420000c0420000000014000000
result00.anm	33	24204	89	41	8	0	
result00.anm	33	24212	21	41	12	0	19000000
result00.anm	33	24224	24	41	12	0	01000000
result00.anm	33	24236	6	41	20	0	000000000000000000000000
result00.anm	33	24256	24	41	12	0	00000000
result00.anm	33	24268	33	41	28	0	0800000000000000ff000000ff000000ff000000
result00.anm	33	24296	6	41	20	0	000020440000c04200000000
result00.anm	33	24316	18	51	24	0	000000420000c042000000000a000000
result00.anm	33	24340	20	61	8	0	
result00.anm	33	24348	89	61	8	0	
result00.anm	33	24356	21	61	12	0	18000000
result00.anm	33	24368	24	61	12	0	01000000
result00.anm	33	24380	6	61	20	0	000000000000000000000000
result00.anm	33	24400	24	61	12	0	00000000
result00.anm	33	24412	33	61	28	0	0800000000000000800000008000000080000000
result00.anm	33	24440	18	61	24	0	000020440000c042000000000a000000
result00.anm	33	24464	20	71	8	0	
result00.anm	33	24472	89	71	8	0	
result00.anm	33	24480	21	71	12	0	ffffffff
result00.anm	33	24492	6	71	20	0	000080c30000844300000000
result00.anm	33	24512	18	71	24	0	000080c3000084430000000014000000
result00.anm	33	24536	23	91	8	0	
result00.anm	33	24544	-1	0	0	0	
result00.anm	34	24552	3	0	12	0	0e000000
result00.anm	34	24564	22	0	8	0	
result00.anm	34	24572	6	0	20	0	000080c30000904300000000
result00.anm	34	24592	23	0	8	0	
result00.anm	34	24600	21	0	12	0	16000000
result00.anm	34	24612	18	24	24	0	00008042000090430000000014000000
result00.anm	34	24636	20	44	8	0	
result00.anm	34	24644	21	44	12	0	14000000
result00.anm	34	24656	33	44	28	0	0400000000000000ff000000ff000000ff000000
result00.anm	34	24684	24	44	12	0	01000000
result00.anm	34	24696	6	44	20	0	000080c0000080c000000000
result00.anm	34	24716	24	44	12	0	00000000
result00.anm	34	24728	37	44	16	1	1027000000000000
result00.anm	34	24744	89	44	8	0	
result00.anm	34	24752	21	44	12	0	15000000
result00.anm	34	24764	33	44	28	0	0400000000000000800000008000000080000000
result00.anm	34	24792	24	44	12	0	01000000
result00.anm	34	24804	6	44	20	0	000000000000000000000000
result00.anm	34	24824	24	44	12	0	00000000
result00.anm	34	24836	37	44	16	1	1027000001000000
result00.anm	34	24852	89	44	8	0	
result00.anm	34	24860	21	44	12	0	17000000
result00.anm	34	24872	18	44	24	0	000000420000c0420000000014000000
result00.anm	34	24896	89	44	8	0	
result00.anm	34	24904	21	44	12	0	19000000
result00.anm	34	24916	24	44	12	0	01000000
result00.anm	34	24928	6	44	20	0	000000000000000000000000
result00.anm	34	24948	24	44	12	0	00000000
result00.anm	34	24960	33	44	28	0	0800000000000000ff000000ff000000ff000000
result00.anm	34	24988	6	44	20	0	000020440000c04200000000
result00.anm	34	25008	18	54	24	0	000000420000c042000000000a000000
result00.anm	34	25032	20	64	8	0	
result00.anm	34	25040	89	64	8	0	
result00.anm	34	25048	21	64	12	0	18000000
result00.anm	34	25060	24	64	12	0	01000000
result00.anm	34	25072	6	64	20	0	000000000000000000000000
result00.anm	34	25092	24	64	12	0	00000000
result00.anm	34	25104	33	64	28	0	0800000000000000800000008000000080000000
result00.anm	34	25132	18	64	24	0	000020440000c042000000000a000000
result00.anm	34	25156	20	74	8	0	
result00.anm	34	25164	89	74	8	0	
result00.anm	34	25172	21	74	12	0	ffffffff
result00.anm	34	25184	6	74	20	0	000080c30000904300000000
result00.anm	34	25204	18	74	24	0	000080c3000090430000000014000000
result00.anm	34	25228	23	94	8	0	
result00.anm	34	25236	-1	0	0	0	
result00.anm	35	25244	3	0	12	0	0f000000
result00.anm	35	25256	22	0	8	0	
result00.anm	35	25264	6	0	20	0	000080c300009c4300000000
result00.anm	35	25284	23	0	8	0	
result00.anm	35	25292	21	0	12	0	16000000
result00.anm	35	25304	18	27	24	0	0000804200009c430000000014000000
result00.anm	35	25328	20	47	8	0	
result00.anm	35	25336	21	47	12	0	14000000
result00.anm	35	25348	33	47	28	0	0400000000000000ff000000ff000000ff000000
result00.anm	35	25376	24	47	12	0	01000000
result00.anm	35	25388	6	47	20	0	000080c0000080c000000000
result00.anm	35	25408	24	47	12	0	00000000
result00.anm	35	25420	37	47	16	1	1027000000000000
result00.anm	35	25436	89	47	8	0	
result00.anm	35	25444	21	47	12	0	15000000
result00.anm	35	25456	33	47	28	0	0400000000000000800000008000000080000000
result00.anm	35	25484	24	47	12	0	01000000
result00.anm	35	25496	6	47	20	0	000000000000000000000000
result00.anm	35	25516	24	47	12	0	00000000
result00.anm	35	25528	37	47	16	1	1027000001000000
result00.anm	35	25544	89	47	8	0	
result00.anm	35	25552	21	47	12	0	17000000
result00.anm	35	25564	18	47	24	0	000000420000c0420000000014000000
result00.anm	35	25588	89	47	8	0	
result00.anm	35	25596	21	47	12	0	19000000
result00.anm	35	25608	24	47	12	0	01000000
result00.anm	35	25620	6	47	20	0	000000000000000000000000
result00.anm	35	25640	24	47	12	0	00000000
result00.anm	35	25652	33	47	28	0	0800000000000000ff000000ff000000ff000000
result00.anm	35	25680	6	47	20	0	000020440000c04200000000
result00.anm	35	25700	18	57	24	0	000000420000c042000000000a000000
result00.anm	35	25724	20	67	8	0	
result00.anm	35	25732	89	67	8	0	
result00.anm	35	25740	21	67	12	0	18000000
result00.anm	35	25752	24	67	12	0	01000000
result00.anm	35	25764	6	67	20	0	000000000000000000000000
result00.anm	35	25784	24	67	12	0	00000000
result00.anm	35	25796	33	67	28	0	0800000000000000800000008000000080000000
result00.anm	35	25824	18	67	24	0	000020440000c042000000000a000000
result00.anm	35	25848	20	77	8	0	
result00.anm	35	25856	89	77	8	0	
result00.anm	35	25864	21	77	12	0	ffffffff
result00.anm	35	25876	6	77	20	0	000080c300009c4300000000
result00.anm	35	25896	18	77	24	0	000080c300009c430000000014000000
result00.anm	35	25920	23	97	8	0	
result00.anm	35	25928	-1	0	0	0	
result00.anm	36	25936	3	0	12	0	10000000
result00.anm	36	25948	22	0	8	0	
result00.anm	36	25956	6	0	20	0	000080c30000a84300000000
result00.anm	36	25976	23	0	8	0	
result00.anm	36	25984	21	0	12	0	16000000
result00.anm	36	25996	18	30	24	0	000080420000a8430000000014000000
result00.anm	36	26020	20	50	8	0	
result00.anm	36	26028	21	50	12	0	14000000
result00.anm	36	26040	33	50	28	0	0400000000000000ff000000ff000000ff000000
result00.anm	36	26068	24	50	12	0	01000000
result00.anm	36	26080	6	50	20	0	000080c0000080c000000000
result00.anm	36	26100	24	50	12	0	00000000
result00.anm	36	26112	37	50	16	1	1027000000000000
result00.anm	36	26128	89	50	8	0	
result00.anm	36	26136	21	50	12	0	15000000
result00.anm	36	26148	33	50	28	0	0400000000000000800000008000000080000000
result00.anm	36	26176	24	50	12	0	01000000
result00.anm	36	26188	6	50	20	0	000000000000000000000000
result00.anm	36	26208	24	50	12	0	00000000
result00.anm	36	26220	37	50	16	1	1027000001000000
result00.anm	36	26236	89	50	8	0	
result00.anm	36	26244	21	50	12	0	17000000
result00.anm	36	26256	18	50	24	0	000000420000c0420000000014000000
result00.anm	36	26280	89	50	8	0	
result00.anm	36	26288	21	50	12	0	19000000
result00.anm	36	26300	24	50	12	0	01000000
result00.anm	36	26312	6	50	20	0	000000000000000000000000
result00.anm	36	26332	24	50	12	0	00000000
result00.anm	36	26344	33	50	28	0	0800000000000000ff000000ff000000ff000000
result00.anm	36	26372	6	50	20	0	000020440000c04200000000
result00.anm	36	26392	18	60	24	0	000000420000c042000000000a000000
result00.anm	36	26416	20	70	8	0	
result00.anm	36	26424	89	70	8	0	
result00.anm	36	26432	21	70	12	0	18000000
result00.anm	36	26444	24	70	12	0	01000000
result00.anm	36	26456	6	70	20	0	000000000000000000000000
result00.anm	36	26476	24	70	12	0	00000000
result00.anm	36	26488	33	70	28	0	0800000000000000800000008000000080000000
result00.anm	36	26516	18	70	24	0	000020440000c042000000000a000000
result00.anm	36	26540	20	80	8	0	
result00.anm	36	26548	89	80	8	0	
result00.anm	36	26556	21	80	12	0	ffffffff
result00.anm	36	26568	6	80	20	0	000080c30000a84300000000
result00.anm	36	26588	18	80	24	0	000080c30000a8430000000014000000
result00.anm	36	26612	23	100	8	0	
result00.anm	36	26620	-1	0	0	0	
result00.anm	37	26628	3	0	12	0	11000000
result00.anm	37	26640	22	0	8	0	
result00.anm	37	26648	6	0	20	0	000080c30000b44300000000
result00.anm	37	26668	23	0	8	0	
result00.anm	37	26676	21	0	12	0	16000000
result00.anm	37	26688	18	33	24	0	000080420000b4430000000014000000
result00.anm	37	26712	20	53	8	0	
result00.anm	37	26720	21	53	12	0	14000000
result00.anm	37	26732	33	53	28	0	0400000000000000ff000000ff000000ff000000
result00.anm	37	26760	24	53	12	0	01000000
result00.anm	37	26772	6	53	20	0	000080c0000080c000000000
result00.anm	37	26792	24	53	12	0	00000000
result00.anm	37	26804	37	53	16	1	1027000000000000
result00.anm	37	26820	89	53	8	0	
result00.anm	37	26828	21	53	12	0	15000000
result00.anm	37	26840	33	53	28	0	0400000000000000800000008000000080000000
result00.anm	37	26868	24	53	12	0	01000000
result00.anm	37	26880	6	53	20	0	000000000000000000000000
result00.anm	37	26900	24	53	12	0	00000000
result00.anm	37	26912	37	53	16	1	1027000001000000
result00.anm	37	26928	89	53	8	0	
result00.anm	37	26936	21	53	12	0	17000000
result00.anm	37	26948	18	53	24	0	000000420000c0420000000014000000
result00.anm	37	26972	89	53	8	0	
result00.anm	37	26980	21	53	12	0	19000000
result00.anm	37	26992	24	53	12	0	01000000
result00.anm	37	27004	6	53	20	0	000000000000000000000000
result00.anm	37	27024	24	53	12	0	00000000
result00.anm	37	27036	33	53	28	0	0800000000000000ff000000ff000000ff000000
result00.anm	37	27064	6	53	20	0	000020440000c04200000000
result00.anm	37	27084	18	63	24	0	000000420000c042000000000a000000
result00.anm	37	27108	20	73	8	0	
result00.anm	37	27116	89	73	8	0	
result00.anm	37	27124	21	73	12	0	18000000
result00.anm	37	27136	24	73	12	0	01000000
result00.anm	37	27148	6	73	20	0	000000000000000000000000
result00.anm	37	27168	24	73	12	0	00000000
result00.anm	37	27180	33	73	28	0	0800000000000000800000008000000080000000
result00.anm	37	27208	18	73	24	0	000020440000c042000000000a000000
result00.anm	37	27232	20	83	8	0	
result00.anm	37	27240	89	83	8	0	
result00.anm	37	27248	21	83	12	0	ffffffff
result00.anm	37	27260	6	83	20	0	000080c30000b44300000000
result00.anm	37	27280	18	83	24	0	000080c30000b4430000000014000000
result00.anm	37	27304	23	103	8	0	
result00.anm	37	27312	-1	0	0	0	
result00.anm	38	27320	3	0	12	0	12000000
result00.anm	38	27332	22	0	8	0	
result00.anm	38	27340	6	0	20	0	000080c30000c04300000000
result00.anm	38	27360	23	0	8	0	
result00.anm	38	27368	21	0	12	0	16000000
result00.anm	38	27380	18	36	24	0	000080420000c0430000000014000000
result00.anm	38	27404	20	56	8	0	
result00.anm	38	27412	21	56	12	0	14000000
result00.anm	38	27424	33	56	28	0	0400000000000000ff000000ff000000ff000000
result00.anm	38	27452	24	56	12	0	01000000
result00.anm	38	27464	6	56	20	0	000080c0000080c000000000
result00.anm	38	27484	24	56	12	0	00000000
result00.anm	38	27496	37	56	16	1	1027000000000000
result00.anm	38	27512	89	56	8	0	
result00.anm	38	27520	21	56	12	0	15000000
result00.anm	38	27532	33	56	28	0	0400000000000000800000008000000080000000
result00.anm	38	27560	24	56	12	0	01000000
result00.anm	38	27572	6	56	20	0	000000000000000000000000
result00.anm	38	27592	24	56	12	0	00000000
result00.anm	38	27604	37	56	16	1	1027000001000000
result00.anm	38	27620	89	56	8	0	
result00.anm	38	27628	21	56	12	0	17000000
result00.anm	38	27640	18	56	24	0	000000420000c0420000000014000000
result00.anm	38	27664	89	56	8	0	
result00.anm	38	27672	21	56	12	0	19000000
result00.anm	38	27684	24	56	12	0	01000000
result00.anm	38	27696	6	56	20	0	000000000000000000000000
result00.anm	38	27716	24	56	12	0	00000000
result00.anm	38	27728	33	56	28	0	0800000000000000ff000000ff000000ff000000
result00.anm	38	27756	6	56	20	0	000020440000c04200000000
result00.anm	38	27776	18	66	24	0	000000420000c042000000000a000000
result00.anm	38	27800	20	76	8	0	
result00.anm	38	27808	89	76	8	0	
result00.anm	38	27816	21	76	12	0	18000000
result00.anm	38	27828	24	76	12	0	01000000
result00.anm	38	27840	6	76	20	0	000000000000000000000000
result00.anm	38	27860	24	76	12	0	00000000
result00.anm	38	27872	33	76	28	0	0800000000000000800000008000000080000000
result00.anm	38	27900	18	76	24	0	000020440000c042000000000a000000
result00.anm	38	27924	20	86	8	0	
result00.anm	38	27932	89	86	8	0	
result00.anm	38	27940	21	86	12	0	ffffffff
result00.anm	38	27952	6	86	20	0	000080c30000c04300000000
result00.anm	38	27972	18	86	24	0	000080c30000c0430000000014000000
result00.anm	38	27996	23	106	8	0	
result00.anm	38	28004	-1	0	0	0	
result00.anm	39	28012	3	0	12	0	13000000
result00.anm	39	28024	22	0	8	0	
result00.anm	39	28032	6	0	20	0	000080c30000c04200000000
result00.anm	39	28052	23	0	8	0	
result00.anm	39	28060	21	0	12	0	16000000
result00.anm	39	28072	18	0	24	0	000080420000c0420000000014000000
result00.anm	39	28096	20	20	8	0	
result00.anm	39	28104	21	20	12	0	14000000
result00.anm	39	28116	33	20	28	0	0400000000000000ff000000ff000000ff000000
result00.anm	39	28144	24	20	12	0	01000000
result00.anm	39	28156	6	20	20	0	000080c0000080c000000000
result00.anm	39	28176	24	20	12	0	00000000
result00.anm	39	28188	37	20	16	1	1027000000000000
result00.anm	39	28204	89	20	8	0	
result00.anm	39	28212	21	20	12	0	15000000
result00.anm	39	28224	33	20	28	0	0400000000000000800000008000000080000000
result00.anm	39	28252	24	20	12	0	01000000
result00.anm	39	28264	6	20	20	0	000000000000000000000000
result00.anm	39	28284	24	20	12	0	00000000
result00.anm	39	28296	37	20	16	1	1027000001000000
result00.anm	39	28312	89	20	8	0	
result00.anm	39	28320	21	20	12	0	17000000
result00.anm	39	28332	18	20	24	0	000000420000c0420000000014000000
result00.anm	39	28356	89	20	8	0	
result00.anm	39	28364	21	20	12	0	19000000
result00.anm	39	28376	24	20	12	0	01000000
result00.anm	39	28388	6	20	20	0	000000000000000000000000
result00.anm	39	28408	24	20	12	0	00000000
result00.anm	39	28420	33	20	28	0	0800000000000000ff000000ff000000ff000000
result00.anm	39	28448	6	20	20	0	000020440000c04200000000
result00.anm	39	28468	18	30	24	0	000000420000c042000000000a000000
result00.anm	39	28492	20	40	8	0	
result00.anm	39	28500	89	40	8	0	
result00.anm	39	28508	21	40	12	0	18000000
result00.anm	39	28520	24	40	12	0	01000000
result00.anm	39	28532	6	40	20	0	000000000000000000000000
result00.anm	39	28552	24	40	12	0	00000000
result00.anm	39	28564	33	40	28	0	0800000000000000800000008000000080000000
result00.anm	39	28592	18	40	24	0	000020440000c042000000000a000000
result00.anm	39	28616	20	50	8	0	
result00.anm	39	28624	89	50	8	0	
result00.anm	39	28632	21	50	12	0	ffffffff
result00.anm	39	28644	6	50	20	0	000080c30000c04200000000
result00.anm	39	28664	18	50	24	0	000080c30000c0420000000014000000
result00.anm	39	28688	23	70	8	0	
result00.anm	39	28696	-1	0	0	0	
result00.anm	40	28704	3	0	12	0	16000000
result00.anm	40	28716	22	0	8	0	
result00.anm	40	28724	6	0	20	0	000020440000e04200000000
result00.anm	40	28744	23	0	8	0	
result00.anm	40	28752	21	0	12	0	03000000
result00.anm	40	28764	21	0	12	0	04000000
result00.anm	40	28776	21	0	12	0	05000000
result00.anm	40	28788	21	0	12	0	06000000
result00.anm	40	28800	21	0	12	0	07000000
result00.anm	40	28812	21	0	12	0	08000000
result00.anm	40	28824	21	0	12	0	0a000000
result00.anm	40	28836	28	0	12	0	00000000
result00.anm	40	28848	18	0	24	0	000020440000e042000000000a000000
result00.anm	40	28872	18	10	24	0	000000420000e042000000000a000000
result00.anm	40	28896	20	20	8	0	
result00.anm	40	28904	21	20	12	0	ffffffff
result00.anm	40	28916	28	20	12	0	00000000
result00.anm	40	28928	18	20	24	0	000020440000e042000000000a000000
result00.anm	40	28952	23	40	8	0	
result00.anm	40	28960	-1	0	0	0	
result00.anm	41	553616	3	0	12	0	19000000
result00.anm	41	553628	22	0	8	0	
result00.anm	41	553636	6	0	20	0	000020440000804200000000
result00.anm	41	553656	23	0	8	0	
result00.anm	41	553664	21	0	12	0	03000000
result00.anm	41	553676	18	0	24	0	00004042000080420000000014000000
result00.anm	41	553700	20	60	8	0	
result00.anm	41	553708	21	60	12	0	ffffffff
result00.anm	41	553720	18	60	24	0	00002044000080420000000014000000
result00.anm	41	553744	23	120	8	0	
result00.anm	41	553752	-1	0	0	0	
result00.anm	42	553760	3	0	12	0	1a000000
result00.anm	42	553772	22	0	8	0	
result00.anm	42	553780	6	0	20	0	000020440000804200000000
result00.anm	42	553800	23	0	8	0	
result00.anm	42	553808	21	0	12	0	04000000
result00.anm	42	553820	18	0	24	0	00004042000080420000000014000000
result00.anm	42	553844	20	60	8	0	
result00.anm	42	553852	21	60	12	0	ffffffff
result00.anm	42	553864	18	60	24	0	00002044000080420000000014000000
result00.anm	42	553888	23	120	8	0	
result00.anm	42	553896	-1	0	0	0	
result00.anm	43	553904	3	0	12	0	1b000000
result00.anm	43	553916	22	0	8	0	
result00.anm	43	553924	6	0	20	0	000020440000804200000000
result00.anm	43	553944	23	0	8	0	
result00.anm	43	553952	21	0	12	0	05000000
result00.anm	43	553964	18	0	24	0	00004042000080420000000014000000
result00.anm	43	553988	20	60	8	0	
result00.anm	43	553996	21	60	12	0	ffffffff
result00.anm	43	554008	18	60	24	0	00002044000080420000000014000000
result00.anm	43	554032	23	120	8	0	
result00.anm	43	554040	-1	0	0	0	
result00.anm	44	554048	3	0	12	0	1c000000
result00.anm	44	554060	22	0	8	0	
result00.anm	44	554068	6	0	20	0	000020440000804200000000
result00.anm	44	554088	23	0	8	0	
result00.anm	44	554096	21	0	12	0	06000000
result00.anm	44	554108	18	0	24	0	00004042000080420000000014000000
result00.anm	44	554132	20	60	8	0	
result00.anm	44	554140	21	60	12	0	ffffffff
result00.anm	44	554152	18	60	24	0	00002044000080420000000014000000
result00.anm	44	554176	23	120	8	0	
result00.anm	44	554184	-1	0	0	0	
result00.anm	45	554192	3	0	12	0	1d000000
result00.anm	45	554204	22	0	8	0	
result00.anm	45	554212	6	0	20	0	000020440000804200000000
result00.anm	45	554232	23	0	8	0	
result00.anm	45	554240	21	0	12	0	07000000
result00.anm	45	554252	18	0	24	0	00004042000080420000000014000000
result00.anm	45	554276	20	60	8	0	
result00.anm	45	554284	21	60	12	0	ffffffff
result00.anm	45	554296	18	60	24	0	00002044000080420000000014000000
result00.anm	45	554320	23	80	8	0	
result00.anm	45	554328	-1	0	0	0	
result00.anm	46	554336	3	0	12	0	1e000000
result00.anm	46	554348	22	0	8	0	
result00.anm	46	554356	6	0	20	0	000020440000804200000000
result00.anm	46	554376	23	0	8	0	
result00.anm	46	554384	21	0	12	0	08000000
result00.anm	46	554396	18	0	24	0	00004042000080420000000014000000
result00.anm	46	554420	20	60	8	0	
result00.anm	46	554428	21	60	12	0	ffffffff
result00.anm	46	554440	18	60	24	0	00002044000080420000000014000000
result00.anm	46	554464	23	80	8	0	
result00.anm	46	554472	-1	0	0	0	
result00.anm	47	554480	3	0	12	0	1f000000
result00.anm	47	554492	22	0	8	0	
result00.anm	47	554500	6	0	20	0	000020440000804200000000
result00.anm	47	554520	23	0	8	0	
result00.anm	47	554528	21	0	12	0	0a000000
result00.anm	47	554540	18	0	24	0	00004042000080420000000014000000
result00.anm	47	554564	20	20	8	0	
result00.anm	47	554572	21	20	12	0	ffffffff
result00.anm	47	554584	18	20	24	0	00002044000080420000000014000000
result00.anm	47	554608	23	40	8	0	
result00.anm	47	554616	-1	0	0	0	
result00.anm	48	686160	3	0	12	0	25000000
result00.anm	48	686172	22	0	8	0	
result00.anm	48	686180	6	0	20	0	00004042000040c200000000
result00.anm	48	686200	23	0	8	0	
result00.anm	48	686208	21	0	12	0	14000000
result00.anm	48	686220	18	0	24	0	0000404200000042000000003c000000
result00.anm	48	686244	20	60	8	0	
result00.anm	48	686252	21	60	12	0	03000000
result00.anm	48	686264	21	60	12	0	04000000
result00.anm	48	686276	21	60	12	0	05000000
result00.anm	48	686288	21	60	12	0	06000000
result00.anm	48	686300	21	60	12	0	07000000
result00.anm	48	686312	21	60	12	0	0a000000
result00.anm	48	686324	18	60	24	0	0000404200004041000000003c000000
result00.anm	48	686348	20	120	8	0	
result00.anm	48	686356	21	120	12	0	ffffffff
result00.anm	48	686368	18	120	24	0	00004042000040c2000000003c000000
result00.anm	48	686392	23	180	8	0	
result00.anm	48	686400	-1	0	0	0	
result00.anm	49	686408	3	0	12	0	21000000
result00.anm	49	686420	6	0	20	0	0000a0430000404300000000
result00.anm	49	686440	8	0	12	0	00000000
result00.anm	49	686452	23	0	8	0	
result00.anm	49	686460	21	0	12	0	0b000000
result00.anm	49	686472	6	0	20	0	0000a0430000404300000000
result00.anm	49	686492	15	0	16	0	ff0000000a000000
result00.anm	49	686508	20	30	8	0	
result00.anm	49	686516	21	30	12	0	0e000000
result00.anm	49	686528	21	30	12	0	0f000000
result00.anm	49	686540	21	30	12	0	13000000
result00.anm	49	686552	15	30	16	0	400000001e000000
result00.anm	49	686568	20	60	8	0	
result00.anm	49	686576	21	60	12	0	ffffffff
result00.anm	49	686588	15	60	16	0	000000000a000000
result00.anm	49	686604	23	120	8	0	
result00.anm	49	686612	-1	0	0	0	
result00.anm	50	686620	3	0	12	0	22000000
result00.anm	50	686632	6	0	20	0	000090430000804300000000
result00.anm	50	686652	8	0	12	0	00000000
result00.anm	50	686664	23	0	8	0	
result00.anm	50	686672	21	0	12	0	0b000000
result00.anm	50	686684	6	0	20	0	000090430000804300000000
result00.anm	50	686704	15	0	16	0	ff0000000a000000
result00.anm	50	686720	20	30	8	0	
result00.anm	50	686728	21	30	12	0	0d000000
result00.anm	50	686740	6	30	20	0	000090430000704300000000
result00.anm	50	686760	15	30	16	0	ff0000000a000000
result00.anm	50	686776	20	60	8	0	
result00.anm	50	686784	21	60	12	0	ffffffff
result00.anm	50	686796	15	60	16	0	000000000a000000
result00.anm	50	686812	23	120	8	0	
result00.anm	50	686820	-1	0	0	0	
result00.anm	51	686828	3	0	12	0	23000000
result00.anm	51	686840	6	0	20	0	0000b0430000804300000000
result00.anm	51	686860	8	0	12	0	00000000
result00.anm	51	686872	23	0	8	0	
result00.anm	51	686880	21	0	12	0	0b000000
result00.anm	51	686892	6	0	20	0	0000b0430000804300000000
result00.anm	51	686912	15	0	16	0	ff0000000a000000
result00.anm	51	686928	20	30	8	0	
result00.anm	51	686936	21	30	12	0	0d000000
result00.anm	51	686948	6	30	20	0	0000b0430000704300000000
result00.anm	51	686968	15	30	16	0	ff0000000a000000
result00.anm	51	686984	20	60	8	0	
result00.anm	51	686992	21	60	12	0	ffffffff
result00.anm	51	687004	15	60	16	0	000000000a000000
result00.anm	51	687020	23	120	8	0	
result00.anm	51	687028	-1	0	0	0	
result00.anm	52	687036	3	0	12	0	24000000
result00.anm	52	687048	6	0	20	0	0000a0430000804300000000
result00.anm	52	687068	8	0	12	0	00000000
result00.anm	52	687080	23	0	8	0	
result00.anm	52	687088	21	0	12	0	0e000000
result00.anm	52	687100	15	0	16	0	ff0000000a000000
result00.anm	52	687116	20	30	8	0	
result00.anm	52	687124	21	30	12	0	ffffffff
result00.anm	52	687136	15	30	16	0	000000000a000000
result00.anm	52	687152	23	90	8	0	
result00.anm	52	687160	-1	0	0	0	
result00.anm	53	687168	3	0	12	0	27000000
result00.anm	53	687180	6	0	20	0	0000a0430000804300000000
result00.anm	53	687200	8	0	12	0	00000000
result00.anm	53	687212	23	0	8	0	
result00.anm	53	687220	21	0	12	0	13000000
result00.anm	53	687232	15	0	16	0	ff0000000a000000
result00.anm	53	687248	20	30	8	0	
result00.anm	53	687256	21	30	12	0	ffffffff
result00.anm	53	687268	15	30	16	0	000000000a000000
result00.anm	53	687284	23	90	8	0	
result00.anm	53	687292	-1	0	0	0	
result00.anm	54	687300	3	0	12	0	26000000
result00.anm	54	687312	6	0	20	0	0000a0430000504300000000
result00.anm	54	687332	8	0	12	0	00000000
result00.anm	54	687344	23	0	8	0	
result00.anm	54	687352	21	0	12	0	0d000000
result00.anm	54	687364	15	0	16	0	ff0000000a000000
result00.anm	54	687380	20	30	8	0	
result00.anm	54	687388	21	30	12	0	ffffffff
result00.anm	54	687400	15	30	16	0	000000000a000000
result00.anm	54	687416	23	90	8	0	
result00.anm	54	687424	-1	0	0	0	
result00.anm	55	687432	3	0	12	0	26000000
result00.anm	55	687444	6	0	20	0	0000c041000000c200000000
result00.anm	55	687464	23	0	8	0	
result00.anm	55	687472	21	0	12	0	0c000000
result00.anm	55	687484	18	0	24	0	0000c04100000043000000001e000000
result00.anm	55	687508	20	30	8	0	
result00.anm	55	687516	21	30	12	0	ffffffff
result00.anm	55	687528	18	30	24	0	0000c041000000c2000000001e000000
result00.anm	55	687552	15	30	16	0	000000000a000000
result00.anm	55	687568	23	90	8	0	
result00.anm	55	687576	-1	0	0	0	
result00.anm	56	687584	3	0	12	0	26000000
result00.anm	56	687596	6	0	20	0	0000c041000000c200000000
result00.anm	56	687616	23	0	8	0	
result00.anm	56	687624	21	0	12	0	0c000000
result00.anm	56	687636	18	0	24	0	0000c04100002043000000001e000000
result00.anm	56	687660	20	30	8	0	
result00.anm	56	687668	21	30	12	0	10000000
result00.anm	56	687680	18	30	24	0	0000c04100002043000000001e000000
result00.anm	56	687704	20	60	8	0	
result00.anm	56	687712	21	60	12	0	ffffffff
result00.anm	56	687724	18	60	24	0	0000c041000000c2000000001e000000
result00.anm	56	687748	15	60	16	0	000000001e000000
result00.anm	56	687764	23	120	8	0	
result00.anm	56	687772	-1	0	0	0	
result00.anm	57	687780	3	0	12	0	26000000
result00.anm	57	687792	6	0	20	0	0000c041000000c200000000
result00.anm	57	687812	23	0	8	0	
result00.anm	57	687820	21	0	12	0	0c000000
result00.anm	57	687832	18	0	24	0	0000c04100003143000000001e000000
result00.anm	57	687856	20	30	8	0	
result00.anm	57	687864	21	30	12	0	10000000
result00.anm	57	687876	18	30	24	0	0000c04100002043000000001e000000
result00.anm	57	687900	20	60	8	0	
result00.anm	57	687908	21	60	12	0	ffffffff
result00.anm	57	687920	18	60	24	0	0000c041000000c2000000001e000000
result00.anm	57	687944	15	60	16	0	000000001e000000
result00.anm	57	687960	23	120	8	0	
result00.anm	57	687968	-1	0	0	0	
result00.anm	58	687976	3	0	12	0	26000000
result00.anm	58	687988	6	0	20	0	0000c041000000c200000000
result00.anm	58	688008	23	0	8	0	
result00.anm	58	688016	21	0	12	0	0c000000
result00.anm	58	688028	18	0	24	0	0000c04100004243000000001e000000
result00.anm	58	688052	20	30	8	0	
result00.anm	58	688060	21	30	12	0	10000000
result00.anm	58	688072	18	30	24	0	0000c04100002043000000001e000000
result00.anm	58	688096	20	60	8	0	
result00.anm	58	688104	21	60	12	0	ffffffff
result00.anm	58	688116	18	60	24	0	0000c041000000c2000000001e000000
result00.anm	58	688140	15	60	16	0	000000001e000000
result00.anm	58	688156	23	120	8	0	
result00.anm	58	688164	-1	0	0	0	
result00.anm	59	688172	3	0	12	0	26000000
result00.anm	59	688184	6	0	20	0	0000c041000000c200000000
result00.anm	59	688204	23	0	8	0	
result00.anm	59	688212	21	0	12	0	0c000000
result00.anm	59	688224	18	0	24	0	0000c04100005343000000001e000000
result00.anm	59	688248	20	30	8	0	
result00.anm	59	688256	21	30	12	0	10000000
result00.anm	59	688268	18	30	24	0	0000c04100002043000000001e000000
result00.anm	59	688292	20	60	8	0	
result00.anm	59	688300	21	60	12	0	ffffffff
result00.anm	59	688312	18	60	24	0	0000c041000000c2000000001e000000
result00.anm	59	688336	15	60	16	0	000000001e000000
result00.anm	59	688352	23	120	8	0	
result00.anm	59	688360	-1	0	0	0	
result00.anm	60	688368	3	0	12	0	26000000
result00.anm	60	688380	6	0	20	0	0000c041000000c200000000
result00.anm	60	688400	23	0	8	0	
result00.anm	60	688408	21	0	12	0	0c000000
result00.anm	60	688420	18	0	24	0	0000c04100006443000000001e000000
result00.anm	60	688444	20	30	8	0	
result00.anm	60	688452	21	30	12	0	10000000
result00.anm	60	688464	18	30	24	0	0000c04100002043000000001e000000
result00.anm	60	688488	20	60	8	0	
result00.anm	60	688496	21	60	12	0	ffffffff
result00.anm	60	688508	18	60	24	0	0000c041000000c2000000001e000000
result00.anm	60	688532	15	60	16	0	000000001e000000
result00.anm	60	688548	23	120	8	0	
result00.anm	60	688556	-1	0	0	0	
result00.anm	61	688564	3	0	12	0	26000000
result00.anm	61	688576	6	0	20	0	0000c041000000c200000000
result00.anm	61	688596	23	0	8	0	
result00.anm	61	688604	21	0	12	0	0c000000
result00.anm	61	688616	18	0	24	0	0000c04100007543000000001e000000
result00.anm	61	688640	20	30	8	0	
result00.anm	61	688648	21	30	12	0	10000000
result00.anm	61	688660	18	30	24	0	0000c04100002043000000001e000000
result00.anm	61	688684	20	60	8	0	
result00.anm	61	688692	21	60	12	0	ffffffff
result00.anm	61	688704	18	60	24	0	0000c041000000c2000000001e000000
result00.anm	61	688728	15	60	16	0	000000001e000000
result00.anm	61	688744	23	120	8	0	
result00.anm	61	688752	-1	0	0	0	
result00.anm	62	688760	3	0	12	0	26000000
result00.anm	62	688772	6	0	20	0	0000c041000000c200000000
result00.anm	62	688792	23	0	8	0	
result00.anm	62	688800	21	0	12	0	0c000000
result00.anm	62	688812	18	0	24	0	0000c04100008343000000001e000000
result00.anm	62	688836	20	30	8	0	
result00.anm	62	688844	21	30	12	0	10000000
result00.anm	62	688856	18	30	24	0	0000c04100002043000000001e000000
result00.anm	62	688880	20	60	8	0	
result00.anm	62	688888	21	60	12	0	ffffffff
result00.anm	62	688900	18	60	24	0	0000c041000000c2000000001e000000
result00.anm	62	688924	15	60	16	0	000000001e000000
result00.anm	62	688940	23	120	8	0	
result00.anm	62	688948	-1	0	0	0	
result00.anm	63	688956	3	0	12	0	26000000
result00.anm	63	688968	6	0	20	0	0000c041000000c200000000
result00.anm	63	688988	23	0	8	0	
result00.anm	63	688996	21	0	12	0	0c000000
result00.anm	63	689008	18	0	24	0	0000c04100808b43000000001e000000
result00.anm	63	689032	20	30	8	0	
result00.anm	63	689040	21	30	12	0	10000000
result00.anm	63	689052	18	30	24	0	0000c04100002043000000001e000000
result00.anm	63	689076	20	60	8	0	
result00.anm	63	689084	21	60	12	0	ffffffff
result00.anm	63	689096	18	60	24	0	0000c041000000c2000000001e000000
result00.anm	63	689120	15	60	16	0	000000001e000000
result00.anm	63	689136	23	120	8	0	
result00.anm	63	689144	-1	0	0	0	
result00.anm	64	689152	3	0	12	0	26000000
result00.anm	64	689164	6	0	20	0	0000c041000000c200000000
result00.anm	64	689184	23	0	8	0	
result00.anm	64	689192	21	0	12	0	0c000000
result00.anm	64	689204	18	0	24	0	0000c04100009443000000001e000000
result00.anm	64	689228	20	30	8	0	
result00.anm	64	689236	21	30	12	0	10000000
result00.anm	64	689248	18	30	24	0	0000c04100002043000000001e000000
result00.anm	64	689272	20	60	8	0	
result00.anm	64	689280	21	60	12	0	ffffffff
result00.anm	64	689292	18	60	24	0	0000c041000000c2000000001e000000
result00.anm	64	689316	15	60	16	0	000000001e000000
result00.anm	64	689332	23	120	8	0	
result00.anm	64	689340	-1	0	0	0	
result00.anm	65	689348	3	0	12	0	26000000
result00.anm	65	689360	6	0	20	0	0000c041000000c200000000
result00.anm	65	689380	23	0	8	0	
result00.anm	65	689388	21	0	12	0	0c000000
result00.anm	65	689400	18	0	24	0	0000c04100809c43000000001e000000
result00.anm	65	689424	20	30	8	0	
result00.anm	65	689432	21	30	12	0	10000000
result00.anm	65	689444	18	30	24	0	0000c04100002043000000001e000000
result00.anm	65	689468	20	60	8	0	
result00.anm	65	689476	21	60	12	0	ffffffff
result00.anm	65	689488	18	60	24	0	0000c041000000c2000000001e000000
result00.anm	65	689512	15	60	16	0	000000001e000000
result00.anm	65	689528	23	120	8	0	
result00.anm	65	689536	-1	0	0	0	
result00.anm	66	689544	3	0	12	0	26000000
result00.anm	66	689556	6	0	20	0	0000c041000000c200000000
result00.anm	66	689576	23	0	8	0	
result00.anm	66	689584	21	0	12	0	0c000000
result00.anm	66	689596	18	0	24	0	0000c0410000a543000000001e000000
result00.anm	66	689620	20	30	8	0	
result00.anm	66	689628	21	30	12	0	10000000
result00.anm	66	689640	18	30	24	0	0000c04100002043000000001e000000
result00.anm	66	689664	20	60	8	0	
result00.anm	66	689672	21	60	12	0	ffffffff
result00.anm	66	689684	18	60	24	0	0000c041000000c2000000001e000000
result00.anm	66	689708	15	60	16	0	000000001e000000
result00.anm	66	689724	23	120	8	0	
result00.anm	66	689732	-1	0	0	0	
result00.anm	67	689740	3	0	12	0	26000000
result00.anm	67	689752	6	0	20	0	0000c041000000c200000000
result00.anm	67	689772	23	0	8	0	
result00.anm	67	689780	21	0	12	0	0c000000
result00.anm	67	689792	18	0	24	0	0000c0410080ad43000000001e000000
result00.anm	67	689816	20	30	8	0	
result00.anm	67	689824	21	30	12	0	10000000
result00.anm	67	689836	18	30	24	0	0000c04100002043000000001e000000
result00.anm	67	689860	20	60	8	0	
result00.anm	67	689868	21	60	12	0	ffffffff
result00.anm	67	689880	18	60	24	0	0000c041000000c2000000001e000000
result00.anm	67	689904	15	60	16	0	000000001e000000
result00.anm	67	689920	23	120	8	0	
result00.anm	67	689928	-1	0	0	0	
result00.anm	68	689936	3	0	12	0	26000000
result00.anm	68	689948	6	0	20	0	0000c041000000c200000000
result00.anm	68	689968	23	0	8	0	
result00.anm	68	689976	21	0	12	0	0c000000
result00.anm	68	689988	18	0	24	0	0000c0410000b643000000001e000000
result00.anm	68	690012	20	30	8	0	
result00.anm	68	690020	21	30	12	0	10000000
result00.anm	68	690032	18	30	24	0	0000c04100002043000000001e000000
result00.anm	68	690056	20	60	8	0	
result00.anm	68	690064	21	60	12	0	ffffffff
result00.anm	68	690076	18	60	24	0	0000c041000000c2000000001e000000
result00.anm	68	690100	15	60	16	0	000000001e000000
result00.anm	68	690116	23	120	8	0	
result00.anm	68	690124	-1	0	0	0	
result00.anm	69	690132	3	0	12	0	26000000
result00.anm	69	690144	6	0	20	0	0000c041000000c200000000
result00.anm	69	690164	23	0	8	0	
result00.anm	69	690172	21	0	12	0	0c000000
result00.anm	69	690184	18	0	24	0	0000c0410080be43000000001e000000
result00.anm	69	690208	20	30	8	0	
result00.anm	69	690216	21	30	12	0	10000000
result00.anm	69	690228	18	30	24	0	0000c04100002043000000001e000000
result00.anm	69	690252	20	60	8	0	
result00.anm	69	690260	21	60	12	0	ffffffff
result00.anm	69	690272	18	60	24	0	0000c041000000c2000000001e000000
result00.anm	69	690296	15	60	16	0	000000001e000000
result00.anm	69	690312	23	120	8	0	
result00.anm	69	690320	-1	0	0	0	
result00.anm	70	690328	3	0	12	0	26000000
result00.anm	70	690340	6	0	20	0	0000c041000000c200000000
result00.anm	70	690360	23	0	8	0	
result00.anm	70	690368	21	0	12	0	0c000000
result00.anm	70	690380	18	0	24	0	0000c0410000c743000000001e000000
result00.anm	70	690404	20	30	8	0	
result00.anm	70	690412	21	30	12	0	10000000
result00.anm	70	690424	18	30	24	0	0000c04100002043000000001e000000
result00.anm	70	690448	20	60	8	0	
result00.anm	70	690456	21	60	12	0	ffffffff
result00.anm	70	690468	18	60	24	0	0000c041000000c2000000001e000000
result00.anm	70	690492	15	60	16	0	000000001e000000
result00.anm	70	690508	23	120	8	0	
result00.anm	70	690516	-1	0	0	0	
result00.anm	71	821740	3	0	12	0	28000000
result00.anm	71	821752	22	0	8	0	
result00.anm	71	821760	8	0	12	0	00000000
result00.anm	71	821772	23	0	8	0	
result00.anm	71	821780	21	0	12	0	12000000
result00.anm	71	821792	6	0	20	0	000040420000c04200000000
result00.anm	71	821812	8	0	12	0	00000000
result00.anm	71	821824	15	0	16	0	ff0000001e000000
result00.anm	71	821840	20	30	8	0	
result00.anm	71	821848	21	30	12	0	ffffffff
result00.anm	71	821860	15	30	16	0	000000001e000000
result00.anm	71	821876	23	60	8	0	
result00.anm	71	821884	-1	0	0	0	
staff01.anm	0	256	3	0	12	0	00000000
staff01.anm	0	268	8	0	12	0	00000000
staff01.anm	0	280	15	0	16	0	ff00000078000000
staff01.anm	0	296	6	0	20	0	000030430000c04300000000
staff01.anm	0	316	17	0	24	0	000030430000984300000000dc000000
staff01.anm	0	340	17	320	24	0	000030430000604300000000dc000000
staff01.anm	0	364	15	420	16	0	0000000078000000
staff01.anm	0	380	1	540	8	0	
staff01.anm	0	388	-1	0	0	0	
staff01.anm	1	396	3	0	12	0	00000000
staff01.anm	1	408	8	0	12	0	00000000
staff01.anm	1	420	15	0	16	0	ff00000078000000
staff01.anm	1	436	6	0	20	0	000030430000c04300000000
staff01.anm	1	456	17	0	24	0	000030430000984300000000dc000000
staff01.anm	1	480	15	820	16	0	0000000078000000
staff01.anm	1	496	1	940	8	0	
staff01.anm	1	504	-1	0	0	0	
staff01.anm	2	512	3	0	12	0	00000000
staff01.anm	2	524	8	0	12	0	00000000
staff01.anm	2	536	15	0	16	0	ff00000078000000
staff01.anm	2	552	6	0	20	0	000030430000804300000000
staff01.anm	2	572	17	0	24	0	000030430000304300000000dc000000
staff01.anm	2	596	17	740	24	0	000030430000c04200000000dc000000
staff01.anm	2	620	15	840	16	0	0000000078000000
staff01.anm	2	636	1	960	8	0	
staff01.anm	2	644	-1	0	0	0	
staff01.anm	3	652	3	0	12	0	00000000
staff01.anm	3	664	8	0	12	0	00000000
staff01.anm	3	676	15	0	16	0	ff00000050000000
staff01.anm	3	692	6	0	20	0	000030430000804300000000
staff01.anm	3	712	17	440	24	0	000030430000304300000000dc000000
staff01.anm	3	736	15	540	16	0	0000000078000000
staff01.anm	3	752	1	660	8	0	
staff01.anm	3	760	-1	0	0	0	
staff01.anm	4	768	3	0	12	0	00000000
staff01.anm	4	780	8	0	12	0	00000000
staff01.anm	4	792	15	0	16	0	ff00000078000000
staff01.anm	4	808	6	0	20	0	000030430000904300000000
staff01.anm	4	828	17	0	24	0	000030430000504300000000dc000000
staff01.anm	4	852	17	280	24	0	000030430000004300000000dc000000
staff01.anm	4	876	15	380	16	0	0000000078000000
staff01.anm	4	892	1	500	8	0	
staff01.anm	4	900	-1	0	0	0	
staff01.anm	5	908	3	0	12	0	00000000
staff01.anm	5	920	8	0	12	0	00000000
staff01.anm	5	932	15	0	16	0	ff00000078000000
staff01.anm	5	948	6	0	20	0	000030430000504300000000
staff01.anm	5	968	2	30000	8	0	
staff01.anm	5	976	-1	0	0	0	
staff01.anm	6	984	3	0	12	0	00000000
staff01.anm	6	996	8	0	12	0	00000000
staff01.anm	6	1008	15	0	16	0	ff00000078000000
staff01.anm	6	1024	6	0	20	0	000030430000884300000000
staff01.anm	6	1044	2	30000	8	0	
staff01.anm	6	1052	-1	0	0	0	
staff01.anm	7	1060	3	0	12	0	00000000
staff01.anm	7	1072	8	0	12	0	00000000
staff01.anm	7	1084	15	0	16	0	ff00000078000000
staff01.anm	7	1100	6	0	20	0	0000f8430000e04300000000
staff01.anm	7	1120	2	30000	8	0	
staff01.anm	7	1128	-1	0	0	0	
stg1bg.anm	0	192	3	0	12	0	00000000
stg1bg.anm	0	204	31	0	12	0	01000000
stg1bg.anm	0	216	22	0	8	0	
stg1bg.anm	0	224	2	0	8	0	
stg1bg.anm	0	232	-1	0	0	0	
stg1bg.anm	1	240	3	0	12	0	01000000
stg1bg.anm	1	252	31	0	12	0	01000000
stg1bg.anm	1	264	25	0	12	0	02000000
stg1bg.anm	1	276	2	0	8	0	
stg1bg.anm	1	284	-1	0	0	0	
stg1bg.anm	2	292	3	0	12	0	02000000
stg1bg.anm	2	304	31	0	12	0	01000000
stg1bg.anm	2	316	25	0	12	0	02000000
stg1bg.anm	2	328	2	0	8	0	
stg1bg.anm	2	336	-1	0	0	0	
stg1enm.anm	0	408	24	0	12	0	01000000
stg1enm.anm	0	420	32	0	28	0	280000000400000000000000000080c000000000
stg1enm.anm	0	448	3	0	12	0	00000000
stg1enm.anm	0	460	3	4	12	0	01000000
stg1enm.anm	0	472	3	8	12	0	02000000
stg1enm.anm	0	484	3	12	12	0	03000000
stg1enm.anm	0	496	3	16	12	0	04000000
stg1enm.anm	0	508	3	20	12	0	00000000
stg1enm.anm	0	520	3	24	12	0	01000000
stg1enm.anm	0	532	3	28	12	0	02000000
stg1enm.anm	0	544	3	32	12	0	03000000
stg1enm.anm	0	556	3	36	12	0	04000000
stg1enm.anm	0	568	3	40	12	0	00000000
stg1enm.anm	0	580	32	40	28	0	2800000004000000000000000000804000000000
stg1enm.anm	0	608	3	44	12	0	01000000
stg1enm.anm	0	620	3	48	12	0	02000000
stg1enm.anm	0	632	3	52	12	0	03000000
stg1enm.anm	0	644	3	56	12	0	04000000
stg1enm.anm	0	656	3	60	12	0	00000000
stg1enm.anm	0	668	3	64	12	0	01000000
stg1enm.anm	0	680	3	68	12	0	02000000
stg1enm.anm	0	692	3	72	12	0	03000000
stg1enm.anm	0	704	3	76	12	0	04000000
stg1enm.anm	0	716	4	80	16	0	0c00000000000000
stg1enm.anm	0	732	-1	0	0	0	
stg1enm.anm	1	740	10	0	8	0	
stg1enm.anm	1	748	3	0	12	0	05000000
stg1enm.anm	1	760	3	4	12	0	06000000
stg1enm.anm	1	772	3	8	12	0	07000000
stg1enm.anm	1	784	3	12	12	0	08000000
stg1enm.anm	1	796	2	12	8	0	
stg1enm.anm	1	804	-1	0	0	0	
stg1enm.anm	2	812	3	0	12	0	05000000
stg1enm.anm	2	824	3	4	12	0	06000000
stg1enm.anm	2	836	3	8	12	0	07000000
stg1enm.anm	2	848	3	12	12	0	08000000
stg1enm.anm	2	860	2	12	8	0	
stg1enm.anm	2	868	-1	0	0	0	
stg1enm.anm	3	876	24	0	12	0	01000000
stg1enm.anm	3	888	10	0	8	0	
stg1enm.anm	3	896	3	0	12	0	08000000
stg1enm.anm	3	908	3	4	12	0	07000000
stg1enm.anm	3	920	3	8	12	0	06000000
stg1enm.anm	3	932	3	12	12	0	05000000
stg1enm.anm	3	944	32	12	28	0	280000000400000000000000000080c000000000
stg1enm.anm	3	972	3	12	12	0	00000000
stg1enm.anm	3	984	3	16	12	0	01000000
stg1enm.anm	3	996	3	20	12	0	02000000
stg1enm.anm	3	1008	3	24	12	0	03000000
stg1enm.anm	3	1020	3	28	12	0	04000000
stg1enm.anm	3	1032	3	32	12	0	00000000
stg1enm.anm	3	1044	3	36	12	0	01000000
stg1enm.anm	3	1056	3	40	12	0	02000000
stg1enm.anm	3	1068	3	44	12	0	03000000
stg1enm.anm	3	1080	3	48	12	0	04000000
stg1enm.anm	3	1092	3	52	12	0	00000000
stg1enm.anm	3	1104	32	52	28	0	2800000004000000000000000000804000000000
stg1enm.anm	3	1132	3	56	12	0	01000000
stg1enm.anm	3	1144	3	60	12	0	02000000
stg1enm.anm	3	1156	3	64	12	0	03000000
stg1enm.anm	3	1168	3	68	12	0	04000000
stg1enm.anm	3	1180	3	72	12	0	00000000
stg1enm.anm	3	1192	3	76	12	0	01000000
stg1enm.anm	3	1204	3	80	12	0	02000000
stg1enm.anm	3	1216	3	84	12	0	03000000
stg1enm.anm	3	1228	3	88	12	0	04000000
stg1enm.anm	3	1240	4	92	16	0	440000000c000000
stg1enm.anm	3	1256	-1	0	0	0	
stg1enm.anm	4	1264	24	0	12	0	01000000
stg1enm.anm	4	1276	3	0	12	0	08000000
stg1enm.anm	4	1288	3	4	12	0	07000000
stg1enm.anm	4	1300	3	8	12	0	06000000
stg1enm.anm	4	1312	3	12	12	0	05000000
stg1enm.anm	4	1324	32	12	28	0	280000000400000000000000000080c000000000
stg1enm.anm	4	1352	3	12	12	0	00000000
stg1enm.anm	4	1364	3	16	12	0	01000000
stg1enm.anm	4	1376	3	20	12	0	02000000
stg1enm.anm	4	1388	3	24	12	0	03000000
stg1enm.anm	4	1400	3	28	12	0	04000000
stg1enm.anm	4	1412	3	32	12	0	00000000
stg1enm.anm	4	1424	3	36	12	0	01000000
stg1enm.anm	4	1436	3	40	12	0	02000000
stg1enm.anm	4	1448	3	44	12	0	03000000
stg1enm.anm	4	1460	3	48	12	0	04000000
stg1enm.anm	4	1472	3	52	12	0	00000000
stg1enm.anm	4	1484	32	52	28	0	2800000004000000000000000000804000000000
stg1enm.anm	4	1512	3	56	12	0	01000000
stg1enm.anm	4	1524	3	60	12	0	02000000
stg1enm.anm	4	1536	3	64	12	0	03000000
stg1enm.anm	4	1548	3	68	12	0	04000000
stg1enm.anm	4	1560	3	72	12	0	00000000
stg1enm.anm	4	1572	3	76	12	0	01000000
stg1enm.anm	4	1584	3	80	12	0	02000000
stg1enm.anm	4	1596	3	84	12	0	03000000
stg1enm.anm	4	1608	3	88	12	0	04000000
stg1enm.anm	4	1620	4	92	16	0	3c0000000c000000
stg1enm.anm	4	1636	-1	0	0	0	
stg1enm.anm	5	1644	24	0	12	0	01000000
stg1enm.anm	5	1656	3	0	12	0	09000000
stg1enm.anm	5	1668	3	4	12	0	0a000000
stg1enm.anm	5	1680	32	4	28	0	280000000400000000000000000080c000000000
stg1enm.anm	5	1708	32	44	28	0	2800000004000000000000000000804000000000
stg1enm.anm	5	1736	4	84	16	0	2400000004000000
stg1enm.anm	5	1752	-1	0	0	0	
stg1txt.anm	0	272	3	0	12	0	01000000
stg1txt.anm	0	284	6	0	20	0	000000430000304300000000
stg1txt.anm	0	304	8	0	12	0	00000000
stg1txt.anm	0	316	34	130	20	0	3c00000000000000ff000000
stg1txt.anm	0	336	36	130	24	0	10000000040000000000803f0000803f
stg1txt.anm	0	360	33	370	28	0	7800000000000000500000006000000090000000
stg1txt.anm	0	388	34	490	20	0	3c0000000000000000000000
stg1txt.anm	0	408	1	550	8	0	
stg1txt.anm	0	416	-1	0	0	0	
stg1txt.anm	1	424	3	0	12	0	00000000
stg1txt.anm	1	436	6	0	20	0	000060430000504300000000
stg1txt.anm	1	456	8	0	12	0	00000000
stg1txt.anm	1	468	34	130	20	0	3c00000000000000ff000000
stg1txt.anm	1	488	36	130	24	0	10000000040000000000803f0000803f
stg1txt.anm	1	512	33	370	28	0	7800000000000000500000006000000090000000
stg1txt.anm	1	540	34	490	20	0	3c0000000000000000000000
stg1txt.anm	1	560	1	550	8	0	
stg1txt.anm	1	568	-1	0	0	0	
stg1txt.anm	2	576	3	0	12	0	02000000
stg1txt.anm	2	588	6	0	20	0	000060430000864300000000
stg1txt.anm	2	608	8	0	12	0	00000000
stg1txt.anm	2	620	34	130	20	0	3c00000000000000ff000000
stg1txt.anm	2	640	34	370	20	0	3c0000000000000000000000
stg1txt.anm	2	660	36	370	24	0	10000000040000000000204100000000
stg1txt.anm	2	684	1	430	8	0	
stg1txt.anm	2	692	-1	0	0	0	
stg1txt.anm	3	700	3	0	12	0	03000000
stg1txt.anm	3	712	6	0	20	0	000008440000e44300000000
stg1txt.anm	3	732	8	0	12	0	00000000
stg1txt.anm	3	744	15	200	16	0	ff0000003c000000
stg1txt.anm	3	760	32	200	28	0	3c00000004000000000090430000e44300000000
stg1txt.anm	3	788	15	400	16	0	000000003c000000
stg1txt.anm	3	804	1	460	8	0	
stg1txt.anm	3	812	-1	0	0	0	
stg2bg.anm	0	192	3	0	12	0	00000000
stg2bg.anm	0	204	31	0	12	0	01000000
stg2bg.anm	0	216	22	0	8	0	
stg2bg.anm	0	224	2	0	8	0	
stg2bg.anm	0	232	-1	0	0	0	
stg2bg.anm	1	240	3	0	12	0	01000000
stg2bg.anm	1	252	31	0	12	0	01000000
stg2bg.anm	1	264	25	0	12	0	02000000
stg2bg.anm	1	276	2	0	8	0	
stg2bg.anm	1	284	-1	0	0	0	
stg2bg.anm	2	292	3	0	12	0	02000000
stg2bg.anm	2	304	31	0	12	0	01000000
stg2bg.anm	2	316	25	0	12	0	02000000
stg2bg.anm	2	328	2	0	8	0	
stg2bg.anm	2	336	-1	0	0	0	
stg2enm.anm	0	432	24	0	12	0	01000000
stg2enm.anm	0	444	32	0	28	0	200000000400000000000000000080c000000000
stg2enm.anm	0	472	3	0	12	0	00000000
stg2enm.anm	0	484	3	4	12	0	01000000
stg2enm.anm	0	496	3	8	12	0	02000000
stg2enm.anm	0	508	3	12	12	0	03000000
stg2enm.anm	0	520	3	16	12	0	00000000
stg2enm.anm	0	532	3	20	12	0	01000000
stg2enm.anm	0	544	3	24	12	0	02000000
stg2enm.anm	0	556	3	28	12	0	03000000
stg2enm.anm	0	568	3	32	12	0	00000000
stg2enm.anm	0	580	32	32	28	0	2000000004000000000000000000804000000000
stg2enm.anm	0	608	3	36	12	0	01000000
stg2enm.anm	0	620	3	40	12	0	02000000
stg2enm.anm	0	632	3	44	12	0	03000000
stg2enm.anm	0	644	3	48	12	0	00000000
stg2enm.anm	0	656	3	52	12	0	01000000
stg2enm.anm	0	668	3	56	12	0	02000000
stg2enm.anm	0	680	3	60	12	0	03000000
stg2enm.anm	0	692	4	64	16	0	0c00000000000000
stg2enm.anm	0	708	-1	0	0	0	
stg2enm.anm	1	716	10	0	8	0	
stg2enm.anm	1	724	3	0	12	0	04000000
stg2enm.anm	1	736	3	4	12	0	05000000
stg2enm.anm	1	748	3	8	12	0	06000000
stg2enm.anm	1	760	3	12	12	0	07000000
stg2enm.anm	1	772	2	12	8	0	
stg2enm.anm	1	780	-1	0	0	0	
stg2enm.anm	2	788	3	0	12	0	04000000
stg2enm.anm	2	800	3	4	12	0	05000000
stg2enm.anm	2	812	3	8	12	0	06000000
stg2enm.anm	2	824	3	12	12	0	07000000
stg2enm.anm	2	836	2	12	8	0	
stg2enm.anm	2	844	-1	0	0	0	
stg2enm.anm	3	852	24	0	12	0	01000000
stg2enm.anm	3	864	10	0	8	0	
stg2enm.anm	3	872	3	0	12	0	07000000
stg2enm.anm	3	884	3	4	12	0	06000000
stg2enm.anm	3	896	3	8	12	0	05000000
stg2enm.anm	3	908	3	12	12	0	04000000
stg2enm.anm	3	920	32	12	28	0	200000000400000000000000000080c000000000
stg2enm.anm	3	948	3	12	12	0	00000000
stg2enm.anm	3	960	3	16	12	0	01000000
stg2enm.anm	3	972	3	20	12	0	02000000
stg2enm.anm	3	984	3	24	12	0	03000000
stg2enm.anm	3	996	3	28	12	0	00000000
stg2enm.anm	3	1008	3	32	12	0	01000000
stg2enm.anm	3	1020	3	36	12	0	02000000
stg2enm.anm	3	1032	3	40	12	0	03000000
stg2enm.anm	3	1044	3	44	12	0	00000000
stg2enm.anm	3	1056	32	44	28	0	2000000004000000000000000000804000000000
stg2enm.anm	3	1084	3	48	12	0	01000000
stg2enm.anm	3	1096	3	52	12	0	02000000
stg2enm.anm	3	1108	3	56	12	0	03000000
stg2enm.anm	3	1120	3	60	12	0	00000000
stg2enm.anm	3	1132	3	64	12	0	01000000
stg2enm.anm	3	1144	3	68	12	0	02000000
stg2enm.anm	3	1156	3	72	12	0	03000000
stg2enm.anm	3	1168	4	76	16	0	440000000c000000
stg2enm.anm	3	1184	-1	0	0	0	
stg2enm.anm	4	1192	24	0	12	0	01000000
stg2enm.anm	4	1204	3	0	12	0	07000000
stg2enm.anm	4	1216	3	4	12	0	06000000
stg2enm.anm	4	1228	3	8	12	0	05000000
stg2enm.anm	4	1240	3	12	12	0	04000000
stg2enm.anm	4	1252	32	12	28	0	200000000400000000000000000080c000000000
stg2enm.anm	4	1280	3	12	12	0	00000000
stg2enm.anm	4	1292	3	16	12	0	01000000
stg2enm.anm	4	1304	3	20	12	0	02000000
stg2enm.anm	4	1316	3	24	12	0	03000000
stg2enm.anm	4	1328	3	28	12	0	00000000
stg2enm.anm	4	1340	3	32	12	0	01000000
stg2enm.anm	4	1352	3	36	12	0	02000000
stg2enm.anm	4	1364	3	40	12	0	03000000
stg2enm.anm	4	1376	3	44	12	0	00000000
stg2enm.anm	4	1388	32	44	28	0	2000000004000000000000000000804000000000
stg2enm.anm	4	1416	3	48	12	0	01000000
stg2enm.anm	4	1428	3	52	12	0	02000000
stg2enm.anm	4	1440	3	56	12	0	03000000
stg2enm.anm	4	1452	3	60	12	0	00000000
stg2enm.anm	4	1464	3	64	12	0	01000000
stg2enm.anm	4	1476	3	68	12	0	02000000
stg2enm.anm	4	1488	3	72	12	0	03000000
stg2enm.anm	4	1500	4	76	16	0	3c0000000c000000
stg2enm.anm	4	1516	-1	0	0	0	
stg2enm.anm	5	1524	24	0	12	0	01000000
stg2enm.anm	5	1536	3	0	12	0	08000000
stg2enm.anm	5	1548	3	2	12	0	09000000
stg2enm.anm	5	1560	3	4	12	0	0a000000
stg2enm.anm	5	1572	3	6	12	0	0b000000
stg2enm.anm	5	1584	32	6	28	0	280000000400000000000000000080c000000000
stg2enm.anm	5	1612	32	46	28	0	2800000004000000000000000000804000000000
stg2enm.anm	5	1640	4	86	16	0	3c00000006000000
stg2enm.anm	5	1656	-1	0	0	0	
stg2txt.anm	0	272	3	0	12	0	01000000
stg2txt.anm	0	284	6	0	20	0	000000430000304300000000
stg2txt.anm	0	304	8	0	12	0	00000000
stg2txt.anm	0	316	34	130	20	0	3c00000000000000ff000000
stg2txt.anm	0	336	36	130	24	0	10000000040000000000803f0000803f
stg2txt.anm	0	360	33	370	28	0	7800000000000000500000006000000090000000
stg2txt.anm	0	388	34	490	20	0	3c0000000000000000000000
stg2txt.anm	0	408	1	550	8	0	
stg2txt.anm	0	416	-1	0	0	0	
stg2txt.anm	1	424	3	0	12	0	00000000
stg2txt.anm	1	436	6	0	20	0	000060430000504300000000
stg2txt.anm	1	456	8	0	12	0	00000000
stg2txt.anm	1	468	34	130	20	0	3c00000000000000ff000000
stg2txt.anm	1	488	36	130	24	0	10000000040000000000803f0000803f
stg2txt.anm	1	512	33	370	28	0	7800000000000000500000006000000090000000
stg2txt.anm	1	540	34	490	20	0	3c0000000000000000000000
stg2txt.anm	1	560	1	550	8	0	
stg2txt.anm	1	568	-1	0	0	0	
stg2txt.anm	2	576	3	0	12	0	02000000
stg2txt.anm	2	588	6	0	20	0	000060430000864300000000
stg2txt.anm	2	608	8	0	12	0	00000000
stg2txt.anm	2	620	34	130	20	0	3c00000000000000ff000000
stg2txt.anm	2	640	34	370	20	0	3c0000000000000000000000
stg2txt.anm	2	660	36	370	24	0	10000000040000000000204100000000
stg2txt.anm	2	684	1	430	8	0	
stg2txt.anm	2	692	-1	0	0	0	
stg2txt.anm	3	700	3	0	12	0	03000000
stg2txt.anm	3	712	6	0	20	0	000008440000e44300000000
stg2txt.anm	3	732	8	0	12	0	00000000
stg2txt.anm	3	744	15	200	16	0	ff0000003c000000
stg2txt.anm	3	760	32	200	28	0	3c00000004000000000090430000e44300000000
stg2txt.anm	3	788	15	400	16	0	000000003c000000
stg2txt.anm	3	804	1	460	8	0	
stg2txt.anm	3	812	-1	0	0	0	
stg3bg.anm	0	160	3	0	12	0	00000000
stg3bg.anm	0	172	31	0	12	0	01000000
stg3bg.anm	0	184	22	0	8	0	
stg3bg.anm	0	192	9	0	20	0	000000000000000000000000
stg3bg.anm	0	212	33	360	28	0	c800000000000000ff000000ff000000ff000000
stg3bg.anm	0	240	0	1160	8	0	
stg3bg.anm	0	248	33	1500	28	0	3c00000000000000000000000000000000000000
stg3bg.anm	0	276	33	1560	28	0	3c00000000000000ff000000ff000000ff000000
stg3bg.anm	0	304	12	1560	20	0	00000000db0f494000000000
stg3bg.anm	0	324	33	1900	28	0	3c00000000000000000000000000000000000000
stg3bg.anm	0	352	33	1960	28	0	3c00000000000000ff000000ff000000ff000000
stg3bg.anm	0	380	12	1960	20	0	000000000000000000000000
stg3bg.anm	0	400	33	2300	28	0	3c00000000000000000000000000000000000000
stg3bg.anm	0	428	33	2360	28	0	3c00000000000000ff000000ff000000ff000000
stg3bg.anm	0	456	12	2360	20	0	00000000db0f494000000000
stg3bg.anm	0	476	33	2700	28	0	3c00000000000000000000000000000000000000
stg3bg.anm	0	504	33	2760	28	0	3c00000000000000ff000000ff000000ff000000
stg3bg.anm	0	532	12	2760	20	0	000000000000000000000000
stg3bg.anm	0	552	33	3100	28	0	3c00000000000000000000000000000000000000
stg3bg.anm	0	580	0	4300	8	0	
stg3bg.anm	0	588	3	4300	12	0	01000000
stg3bg.anm	0	600	7	4300	16	0	0402813f0402813f
stg3bg.anm	0	616	33	4640	28	0	3c00000000000000000000000000000000000000
stg3bg.anm	0	644	33	4700	28	0	3c00000000000000ff000000ff000000ff000000
stg3bg.anm	0	672	12	4700	20	0	00000000db0f494000000000
stg3bg.anm	0	692	33	5040	28	0	3c00000000000000000000000000000000000000
stg3bg.anm	0	720	33	5100	28	0	3c00000000000000ff000000ff000000ff000000
stg3bg.anm	0	748	12	5100	20	0	000000000000000000000000
stg3bg.anm	0	768	4	5100	16	0	c8010000cc100000
stg3bg.anm	0	784	2	10100	8	0	
stg3bg.anm	0	792	-1	0	0	0	
stg3bg.anm	1	800	3	0	12	0	01000000
stg3bg.anm	1	812	31	0	12	0	01000000
stg3bg.anm	1	824	22	0	8	0	
stg3bg.anm	1	832	9	0	20	0	000000000000000000000000
stg3bg.anm	1	852	7	0	16	0	0402813f0402813f
stg3bg.anm	1	868	33	340	28	0	3c00000000000000000000000000000000000000
stg3bg.anm	1	896	33	400	28	0	3c00000000000000ff000000ff000000ff000000
stg3bg.anm	1	924	12	400	20	0	00000000db0f494000000000
stg3bg.anm	1	944	33	740	28	0	3c00000000000000000000000000000000000000
stg3bg.anm	1	972	33	800	28	0	3c00000000000000ff000000ff000000ff000000
stg3bg.anm	1	1000	12	800	20	0	000000000000000000000000
stg3bg.anm	1	1020	4	800	16	0	4400000000000000
stg3bg.anm	1	1036	2	5800	8	0	
stg3bg.anm	1	1044	-1	0	0	0	
stg3bg.anm	2	525532	3	0	12	0	02000000
stg3bg.anm	2	525544	31	0	12	0	01000000
stg3bg.anm	2	525556	30	0	12	0	01000000
stg3bg.anm	2	525568	22	0	8	0	
stg3bg.anm	2	525576	25	0	12	0	01000000
stg3bg.anm	2	525588	12	0	20	0	db0f49400000000000000000
stg3bg.anm	2	525608	9	0	20	0	000000000000000000000000
stg3bg.anm	2	525628	33	790	28	0	6400000000000000000000000000000000000000
stg3bg.anm	2	525656	34	820	20	0	3c0000000000000080000000
stg3bg.anm	2	525676	34	3070	20	0	6400000000000000ff000000
stg3bg.anm	2	525696	13	3070	20	0	5077563d0000000000000000
stg3bg.anm	2	525716	33	3070	28	0	6400000000000000000000000000000000000000
stg3bg.anm	2	525744	13	3130	20	0	000000000000000000000000
stg3bg.anm	2	525764	33	3140	28	0	3c00000000000000ff000000ff000000ff000000
stg3bg.anm	2	525792	33	4660	28	0	3c00000000000000ff0000000000000000000000
stg3bg.anm	2	525820	2	9660	8	0	
stg3bg.anm	2	525828	-1	0	0	0	
stg3bg.anm	3	525836	3	0	12	0	03000000
stg3bg.anm	3	525848	30	0	12	0	01000000
stg3bg.anm	3	525860	31	0	12	0	01000000
stg3bg.anm	3	525872	22	0	8	0	
stg3bg.anm	3	525880	25	0	12	0	01000000
stg3bg.anm	3	525892	12	0	20	0	db0f49400000000000000000
stg3bg.anm	3	525912	9	0	20	0	000000000000000000000000
stg3bg.anm	3	525932	37	0	16	1	1827000016030000
stg3bg.anm	3	525948	27	0	12	0	c1091cbb
stg3bg.anm	3	525960	5	1	20	1	182700007000000000000000
stg3bg.anm	3	525980	33	1	28	0	6400000000000000000000000000000000000000
stg3bg.anm	3	526008	37	1	16	1	182700001e000000
stg3bg.anm	3	526024	27	1	12	0	c1091cbb
stg3bg.anm	3	526036	5	2	20	1	18270000bc00000001000000
stg3bg.anm	3	526056	34	2	20	0	3c0000000000000080000000
stg3bg.anm	3	526076	37	2	16	1	18270000ca080000
stg3bg.anm	3	526092	27	2	12	0	c1091cbb
stg3bg.anm	3	526104	5	3	20	1	182700000001000002000000
stg3bg.anm	3	526124	34	3	20	0	6400000000000000ff000000
stg3bg.anm	3	526144	13	3	20	0	5077563d0000000000000000
stg3bg.anm	3	526164	33	3	28	0	6400000000000000000000000000000000000000
stg3bg.anm	3	526192	37	3	16	1	182700003c000000
stg3bg.anm	3	526208	27	3	12	0	c1091cbb
stg3bg.anm	3	526220	5	4	20	1	182700007401000003000000
stg3bg.anm	3	526240	13	4	20	0	000000000000000000000000
stg3bg.anm	3	526260	37	4	16	1	182700000a000000
stg3bg.anm	3	526276	27	4	12	0	c1091cbb
stg3bg.anm	3	526288	5	5	20	1	18270000b801000004000000
stg3bg.anm	3	526308	33	5	28	0	3c00000000000000ff000000ff000000ff000000
stg3bg.anm	3	526336	37	5	16	1	18270000f0050000
stg3bg.anm	3	526352	27	5	12	0	c1091cbb
stg3bg.anm	3	526364	5	6	20	1	182700000402000005000000
stg3bg.anm	3	526384	33	6	28	0	3c00000000000000ff0000000000000000000000
stg3bg.anm	3	526412	27	6	12	0	c1091cbb
stg3bg.anm	3	526424	4	7	16	0	4002000006000000
stg3bg.anm	3	526440	2	5007	8	0	
stg3bg.anm	3	526448	-1	0	0	0	
stg3bg.anm	4	526456	3	0	12	0	02000000
stg3bg.anm	4	526468	31	0	12	0	01000000
stg3bg.anm	4	526480	30	0	12	0	01000000
stg3bg.anm	4	526492	22	0	8	0	
stg3bg.anm	4	526500	25	0	12	0	01000000
stg3bg.anm	4	526512	9	0	20	0	ff0000000000000000000000
stg3bg.anm	4	526532	2	5000	8	0	
stg3bg.anm	4	526540	-1	0	0	0	
stg3bg.anm	5	526548	3	0	12	0	03000000
stg3bg.anm	5	526560	30	0	12	0	01000000
stg3bg.anm	5	526572	31	0	12	0	01000000
stg3bg.anm	5	526584	22	0	8	0	
stg3bg.anm	5	526592	25	0	12	0	01000000
stg3bg.anm	5	526604	9	0	20	0	ff0000000000000000000000
stg3bg.anm	5	526624	27	0	12	0	c1091cbb
stg3bg.anm	5	526636	4	1	16	0	4c00000000000000
stg3bg.anm	5	526652	2	5001	8	0	
stg3bg.anm	5	526660	-1	0	0	0	
stg3enm.anm	0	432	24	0	12	0	01000000
stg3enm.anm	0	444	32	0	28	0	280000000400000000000000000080c000000000
stg3enm.anm	0	472	3	0	12	0	00000000
stg3enm.anm	0	484	3	5	12	0	01000000
stg3enm.anm	0	496	3	10	12	0	02000000
stg3enm.anm	0	508	3	15	12	0	03000000
stg3enm.anm	0	520	3	20	12	0	00000000
stg3enm.anm	0	532	3	25	12	0	01000000
stg3enm.anm	0	544	3	30	12	0	02000000
stg3enm.anm	0	556	3	35	12	0	03000000
stg3enm.anm	0	568	3	40	12	0	00000000
stg3enm.anm	0	580	32	40	28	0	2800000004000000000000000000804000000000
stg3enm.anm	0	608	3	45	12	0	01000000
stg3enm.anm	0	620	3	50	12	0	02000000
stg3enm.anm	0	632	3	55	12	0	03000000
stg3enm.anm	0	644	3	60	12	0	00000000
stg3enm.anm	0	656	3	65	12	0	01000000
stg3enm.anm	0	668	3	70	12	0	02000000
stg3enm.anm	0	680	3	75	12	0	03000000
stg3enm.anm	0	692	4	80	16	0	0c00000000000000
stg3enm.anm	0	708	-1	0	0	0	
stg3enm.anm	1	716	10	0	8	0	
stg3enm.anm	1	724	3	0	12	0	04000000
stg3enm.anm	1	736	3	4	12	0	05000000
stg3enm.anm	1	748	3	8	12	0	06000000
stg3enm.anm	1	760	3	12	12	0	07000000
stg3enm.anm	1	772	2	12	8	0	
stg3enm.anm	1	780	-1	0	0	0	
stg3enm.anm	2	788	3	0	12	0	04000000
stg3enm.anm	2	800	3	4	12	0	05000000
stg3enm.anm	2	812	3	8	12	0	06000000
stg3enm.anm	2	824	3	12	12	0	07000000
stg3enm.anm	2	836	2	12	8	0	
stg3enm.anm	2	844	-1	0	0	0	
stg3enm.anm	3	852	24	0	12	0	01000000
stg3enm.anm	3	864	10	0	8	0	
stg3enm.anm	3	872	3	0	12	0	07000000
stg3enm.anm	3	884	3	4	12	0	06000000
stg3enm.anm	3	896	3	8	12	0	05000000
stg3enm.anm	3	908	3	12	12	0	04000000
stg3enm.anm	3	920	32	12	28	0	200000000400000000000000000080c000000000
stg3enm.anm	3	948	3	12	12	0	00000000
stg3enm.anm	3	960	3	16	12	0	01000000
stg3enm.anm	3	972	3	20	12	0	02000000
stg3enm.anm	3	984	3	24	12	0	03000000
stg3enm.anm	3	996	3	28	12	0	00000000
stg3enm.anm	3	1008	3	32	12	0	01000000
stg3enm.anm	3	1020	3	36	12	0	02000000
stg3enm.anm	3	1032	3	40	12	0	03000000
stg3enm.anm	3	1044	3	44	12	0	00000000
stg3enm.anm	3	1056	32	44	28	0	2000000004000000000000000000804000000000
stg3enm.anm	3	1084	3	48	12	0	01000000
stg3enm.anm	3	1096	3	52	12	0	02000000
stg3enm.anm	3	1108	3	56	12	0	03000000
stg3enm.anm	3	1120	3	60	12	0	00000000
stg3enm.anm	3	1132	3	64	12	0	01000000
stg3enm.anm	3	1144	3	68	12	0	02000000
stg3enm.anm	3	1156	3	72	12	0	03000000
stg3enm.anm	3	1168	4	76	16	0	440000000c000000
stg3enm.anm	3	1184	-1	0	0	0	
stg3enm.anm	4	1192	24	0	12	0	01000000
stg3enm.anm	4	1204	3	0	12	0	07000000
stg3enm.anm	4	1216	3	4	12	0	06000000
stg3enm.anm	4	1228	3	8	12	0	05000000
stg3enm.anm	4	1240	3	12	12	0	04000000
stg3enm.anm	4	1252	32	12	28	0	200000000400000000000000000080c000000000
stg3enm.anm	4	1280	3	12	12	0	00000000
stg3enm.anm	4	1292	3	16	12	0	01000000
stg3enm.anm	4	1304	3	20	12	0	02000000
stg3enm.anm	4	1316	3	24	12	0	03000000
stg3enm.anm	4	1328	3	28	12	0	00000000
stg3enm.anm	4	1340	3	32	12	0	01000000
stg3enm.anm	4	1352	3	36	12	0	02000000
stg3enm.anm	4	1364	3	40	12	0	03000000
stg3enm.anm	4	1376	3	44	12	0	00000000
stg3enm.anm	4	1388	32	44	28	0	2000000004000000000000000000804000000000
stg3enm.anm	4	1416	3	48	12	0	01000000
stg3enm.anm	4	1428	3	52	12	0	02000000
stg3enm.anm	4	1440	3	56	12	0	03000000
stg3enm.anm	4	1452	3	60	12	0	00000000
stg3enm.anm	4	1464	3	64	12	0	01000000
stg3enm.anm	4	1476	3	68	12	0	02000000
stg3enm.anm	4	1488	3	72	12	0	03000000
stg3enm.anm	4	1500	4	76	16	0	3c0000000c000000
stg3enm.anm	4	1516	-1	0	0	0	
stg3enm.anm	5	1524	24	0	12	0	01000000
stg3enm.anm	5	1536	3	0	12	0	08000000
stg3enm.anm	5	1548	3	2	12	0	09000000
stg3enm.anm	5	1560	3	4	12	0	0a000000
stg3enm.anm	5	1572	3	6	12	0	0b000000
stg3enm.anm	5	1584	32	6	28	0	280000000400000000000000000080c000000000
stg3enm.anm	5	1612	32	46	28	0	2800000004000000000000000000804000000000
stg3enm.anm	5	1640	4	86	16	0	3c00000006000000
stg3enm.anm	5	1656	-1	0	0	0	
stg3txt.anm	0	272	3	0	12	0	01000000
stg3txt.anm	0	284	6	0	20	0	000000430000304300000000
stg3txt.anm	0	304	8	0	12	0	00000000
stg3txt.anm	0	316	34	130	20	0	3c00000000000000ff000000
stg3txt.anm	0	336	36	130	24	0	10000000040000000000803f0000803f
stg3txt.anm	0	360	33	370	28	0	7800000000000000500000006000000090000000
stg3txt.anm	0	388	34	490	20	0	3c0000000000000000000000
stg3txt.anm	0	408	1	550	8	0	
stg3txt.anm	0	416	-1	0	0	0	
stg3txt.anm	1	424	3	0	12	0	00000000
stg3txt.anm	1	436	6	0	20	0	000060430000504300000000
stg3txt.anm	1	456	8	0	12	0	00000000
stg3txt.anm	1	468	34	130	20	0	3c00000000000000ff000000
stg3txt.anm	1	488	36	130	24	0	10000000040000000000803f0000803f
stg3txt.anm	1	512	33	370	28	0	7800000000000000500000006000000090000000
stg3txt.anm	1	540	34	490	20	0	3c0000000000000000000000
stg3txt.anm	1	560	1	550	8	0	
stg3txt.anm	1	568	-1	0	0	0	
stg3txt.anm	2	576	3	0	12	0	02000000
stg3txt.anm	2	588	6	0	20	0	000060430000864300000000
stg3txt.anm	2	608	8	0	12	0	00000000
stg3txt.anm	2	620	34	130	20	0	3c00000000000000ff000000
stg3txt.anm	2	640	34	370	20	0	3c0000000000000000000000
stg3txt.anm	2	660	36	370	24	0	10000000040000000000204100000000
stg3txt.anm	2	684	1	430	8	0	
stg3txt.anm	2	692	-1	0	0	0	
stg3txt.anm	3	700	3	0	12	0	03000000
stg3txt.anm	3	712	6	0	20	0	000008440000e44300000000
stg3txt.anm	3	732	8	0	12	0	00000000
stg3txt.anm	3	744	15	200	16	0	ff0000003c000000
stg3txt.anm	3	760	32	200	28	0	3c00000004000000000090430000e44300000000
stg3txt.anm	3	788	15	400	16	0	000000003c000000
stg3txt.anm	3	804	1	460	8	0	
stg3txt.anm	3	812	-1	0	0	0	
stg4abg.anm	0	224	3	0	12	0	00000000
stg4abg.anm	0	236	31	0	12	0	01000000
stg4abg.anm	0	248	22	0	8	0	
stg4abg.anm	0	256	4	10000	16	0	2000000000000000
stg4abg.anm	0	272	1	10000	8	0	
stg4abg.anm	0	280	-1	0	0	0	
stg4abg.anm	1	288	3	0	12	0	01000000
stg4abg.anm	1	300	31	0	12	0	01000000
stg4abg.anm	1	312	25	0	12	0	02000000
stg4abg.anm	1	324	2	0	8	0	
stg4abg.anm	1	332	-1	0	0	0	
stg4abg.anm	2	340	3	0	12	0	02000000
stg4abg.anm	2	352	31	0	12	0	01000000
stg4abg.anm	2	364	25	0	12	0	02000000
stg4abg.anm	2	376	2	0	8	0	
stg4abg.anm	2	384	-1	0	0	0	
stg4abg.anm	3	392	3	0	12	0	03000000
stg4abg.anm	3	404	31	0	12	0	01000000
stg4abg.anm	3	416	25	0	12	0	02000000
stg4abg.anm	3	428	2	0	8	0	
stg4abg.anm	3	436	-1	0	0	0	
stg4abg.anm	4	524900	3	0	12	0	04000000
stg4abg.anm	4	524912	22	0	8	0	
stg4abg.anm	4	524920	6	0	20	0	000000420000804100000000
stg4abg.anm	4	524940	8	0	12	0	00000000
stg4abg.anm	4	524952	34	4562	20	0	c800000000000000ff000000
stg4abg.anm	4	524972	80	4562	12	0	6f128338
stg4abg.anm	4	524984	2	8562	8	0	
stg4abg.anm	4	524992	-1	0	0	0	
stg4abg.anm	5	525000	3	0	12	0	04000000
stg4abg.anm	5	525012	9	0	20	0	500000005000000050000000
stg4abg.anm	5	525032	8	0	12	0	ff000000
stg4abg.anm	5	525044	34	4562	20	0	580200000000000000000000
stg4abg.anm	5	525064	9	4562	20	0	ff000000ff000000ff000000
stg4abg.anm	5	525084	2	10562	8	0	
stg4abg.anm	5	525092	-1	0	0	0	
stg4abg.anm	6	525100	3	0	12	0	04000000
stg4abg.anm	6	525112	22	0	8	0	
stg4abg.anm	6	525120	6	0	20	0	000000420000804100000000
stg4abg.anm	6	525140	9	0	20	0	ff0000004000000040000000
stg4abg.anm	6	525160	8	0	12	0	ff000000
stg4abg.anm	6	525172	80	0	12	0	6f128338
stg4abg.anm	6	525184	2	4000	8	0	
stg4abg.anm	6	525192	-1	0	0	0	
stg4abg.anm	7	525200	3	0	12	0	04000000
stg4abg.anm	7	525212	9	0	20	0	000000000000000000000000
stg4abg.anm	7	525232	8	0	12	0	00000000
stg4abg.anm	7	525244	2	6000	8	0	
stg4abg.anm	7	525252	-1	0	0	0	
stg4aenm.anm	0	768	24	0	12	0	01000000
stg4aenm.anm	0	780	32	0	28	0	280000000400000000000000000080c000000000
stg4aenm.anm	0	808	3	0	12	0	00000000
stg4aenm.anm	0	820	3	5	12	0	01000000
stg4aenm.anm	0	832	3	10	12	0	02000000
stg4aenm.anm	0	844	3	15	12	0	03000000
stg4aenm.anm	0	856	3	20	12	0	00000000
stg4aenm.anm	0	868	3	25	12	0	01000000
stg4aenm.anm	0	880	3	30	12	0	02000000
stg4aenm.anm	0	892	3	35	12	0	03000000
stg4aenm.anm	0	904	3	40	12	0	00000000
stg4aenm.anm	0	916	32	40	28	0	2800000004000000000000000000804000000000
stg4aenm.anm	0	944	3	45	12	0	01000000
stg4aenm.anm	0	956	3	50	12	0	02000000
stg4aenm.anm	0	968	3	55	12	0	03000000
stg4aenm.anm	0	980	3	60	12	0	00000000
stg4aenm.anm	0	992	3	65	12	0	01000000
stg4aenm.anm	0	1004	3	70	12	0	02000000
stg4aenm.anm	0	1016	3	75	12	0	03000000
stg4aenm.anm	0	1028	4	80	16	0	0c00000000000000
stg4aenm.anm	0	1044	-1	0	0	0	
stg4aenm.anm	1	1052	10	0	8	0	
stg4aenm.anm	1	1060	3	0	12	0	04000000
stg4aenm.anm	1	1072	3	4	12	0	05000000
stg4aenm.anm	1	1084	3	8	12	0	06000000
stg4aenm.anm	1	1096	3	12	12	0	07000000
stg4aenm.anm	1	1108	2	12	8	0	
stg4aenm.anm	1	1116	-1	0	0	0	
stg4aenm.anm	2	1124	3	0	12	0	04000000
stg4aenm.anm	2	1136	3	4	12	0	05000000
stg4aenm.anm	2	1148	3	8	12	0	06000000
stg4aenm.anm	2	1160	3	12	12	0	07000000
stg4aenm.anm	2	1172	2	12	8	0	
stg4aenm.anm	2	1180	-1	0	0	0	
stg4aenm.anm	3	1188	24	0	12	0	01000000
stg4aenm.anm	3	1200	10	0	8	0	
stg4aenm.anm	3	1208	3	0	12	0	07000000
stg4aenm.anm	3	1220	3	4	12	0	06000000
stg4aenm.anm	3	1232	3	8	12	0	05000000
stg4aenm.anm	3	1244	3	12	12	0	04000000
stg4aenm.anm	3	1256	32	12	28	0	380000000400000000000000000080c000000000
stg4aenm.anm	3	1284	3	12	12	0	00000000
stg4aenm.anm	3	1296	3	19	12	0	01000000
stg4aenm.anm	3	1308	3	26	12	0	02000000
stg4aenm.anm	3	1320	3	33	12	0	03000000
stg4aenm.anm	3	1332	3	40	12	0	00000000
stg4aenm.anm	3	1344	3	47	12	0	01000000
stg4aenm.anm	3	1356	3	54	12	0	02000000
stg4aenm.anm	3	1368	3	61	12	0	03000000
stg4aenm.anm	3	1380	3	68	12	0	00000000
stg4aenm.anm	3	1392	32	68	28	0	3800000004000000000000000000804000000000
stg4aenm.anm	3	1420	3	75	12	0	01000000
stg4aenm.anm	3	1432	3	82	12	0	02000000
stg4aenm.anm	3	1444	3	89	12	0	03000000
stg4aenm.anm	3	1456	3	96	12	0	00000000
stg4aenm.anm	3	1468	3	103	12	0	01000000
stg4aenm.anm	3	1480	3	110	12	0	02000000
stg4aenm.anm	3	1492	3	117	12	0	03000000
stg4aenm.anm	3	1504	4	124	16	0	440000000c000000
stg4aenm.anm	3	1520	-1	0	0	0	
stg4aenm.anm	4	1528	24	0	12	0	01000000
stg4aenm.anm	4	1540	3	0	12	0	07000000
stg4aenm.anm	4	1552	3	4	12	0	06000000
stg4aenm.anm	4	1564	3	8	12	0	05000000
stg4aenm.anm	4	1576	3	12	12	0	04000000
stg4aenm.anm	4	1588	32	12	28	0	380000000400000000000000000080c000000000
stg4aenm.anm	4	1616	3	12	12	0	00000000
stg4aenm.anm	4	1628	3	19	12	0	01000000
stg4aenm.anm	4	1640	3	26	12	0	02000000
stg4aenm.anm	4	1652	3	33	12	0	03000000
stg4aenm.anm	4	1664	3	40	12	0	00000000
stg4aenm.anm	4	1676	3	47	12	0	01000000
stg4aenm.anm	4	1688	3	54	12	0	02000000
stg4aenm.anm	4	1700	3	61	12	0	03000000
stg4aenm.anm	4	1712	3	68	12	0	00000000
stg4aenm.anm	4	1724	32	68	28	0	3800000004000000000000000000804000000000
stg4aenm.anm	4	1752	3	75	12	0	01000000
stg4aenm.anm	4	1764	3	82	12	0	02000000
stg4aenm.anm	4	1776	3	89	12	0	03000000
stg4aenm.anm	4	1788	3	96	12	0	00000000
stg4aenm.anm	4	1800	3	103	12	0	01000000
stg4aenm.anm	4	1812	3	110	12	0	02000000
stg4aenm.anm	4	1824	3	117	12	0	03000000
stg4aenm.anm	4	1836	4	124	16	0	3c0000000c000000
stg4aenm.anm	4	1852	-1	0	0	0	
stg4aenm.anm	5	1860	3	0	12	0	08000000
stg4aenm.anm	5	1872	3	6	12	0	0a000000
stg4aenm.anm	5	1884	3	10	12	0	0b000000
stg4aenm.anm	5	1896	3	16	12	0	09000000
stg4aenm.anm	5	1908	4	20	16	0	0000000000000000
stg4aenm.anm	5	1924	-1	0	0	0	
stg4aenm.anm	6	1932	24	0	12	0	01000000
stg4aenm.anm	6	1944	82	0	12	0	01000000
stg4aenm.anm	6	1956	32	0	28	0	280000000400000000000000000080c000000000
stg4aenm.anm	6	1984	3	0	12	0	0c000000
stg4aenm.anm	6	1996	3	5	12	0	0d000000
stg4aenm.anm	6	2008	3	10	12	0	0e000000
stg4aenm.anm	6	2020	3	15	12	0	0f000000
stg4aenm.anm	6	2032	3	20	12	0	0c000000
stg4aenm.anm	6	2044	3	25	12	0	0d000000
stg4aenm.anm	6	2056	3	30	12	0	0e000000
stg4aenm.anm	6	2068	3	35	12	0	0f000000
stg4aenm.anm	6	2080	3	40	12	0	0c000000
stg4aenm.anm	6	2092	32	40	28	0	2800000004000000000000000000804000000000
stg4aenm.anm	6	2120	3	45	12	0	0d000000
stg4aenm.anm	6	2132	3	50	12	0	0e000000
stg4aenm.anm	6	2144	3	55	12	0	0f000000
stg4aenm.anm	6	2156	3	60	12	0	0c000000
stg4aenm.anm	6	2168	3	65	12	0	0d000000
stg4aenm.anm	6	2180	3	70	12	0	0e000000
stg4aenm.anm	6	2192	3	75	12	0	0f000000
stg4aenm.anm	6	2204	4	80	16	0	1800000000000000
stg4aenm.anm	6	2220	-1	0	0	0	
stg4aenm.anm	7	2228	82	0	12	0	01000000
stg4aenm.anm	7	2240	10	0	8	0	
stg4aenm.anm	7	2248	3	0	12	0	10000000
stg4aenm.anm	7	2260	3	4	12	0	11000000
stg4aenm.anm	7	2272	3	8	12	0	12000000
stg4aenm.anm	7	2284	3	12	12	0	13000000
stg4aenm.anm	7	2296	2	12	8	0	
stg4aenm.anm	7	2304	-1	0	0	0	
stg4aenm.anm	8	2312	82	0	12	0	01000000
stg4aenm.anm	8	2324	3	0	12	0	10000000
stg4aenm.anm	8	2336	3	4	12	0	11000000
stg4aenm.anm	8	2348	3	8	12	0	12000000
stg4aenm.anm	8	2360	3	12	12	0	13000000
stg4aenm.anm	8	2372	2	12	8	0	
stg4aenm.anm	8	2380	-1	0	0	0	
stg4aenm.anm	9	2388	82	0	12	0	01000000
stg4aenm.anm	9	2400	24	0	12	0	01000000
stg4aenm.anm	9	2412	10	0	8	0	
stg4aenm.anm	9	2420	3	0	12	0	13000000
stg4aenm.anm	9	2432	3	4	12	0	12000000
stg4aenm.anm	9	2444	3	8	12	0	11000000
stg4aenm.anm	9	2456	3	12	12	0	10000000
stg4aenm.anm	9	2468	32	12	28	0	380000000400000000000000000080c000000000
stg4aenm.anm	9	2496	3	12	12	0	0c000000
stg4aenm.anm	9	2508	3	19	12	0	0d000000
stg4aenm.anm	9	2520	3	26	12	0	0e000000
stg4aenm.anm	9	2532	3	33	12	0	0f000000
stg4aenm.anm	9	2544	3	40	12	0	0c000000
stg4aenm.anm	9	2556	3	47	12	0	0d000000
stg4aenm.anm	9	2568	3	54	12	0	0e000000
stg4aenm.anm	9	2580	3	61	12	0	0f000000
stg4aenm.anm	9	2592	3	68	12	0	0c000000
stg4aenm.anm	9	2604	32	68	28	0	3800000004000000000000000000804000000000
stg4aenm.anm	9	2632	3	75	12	0	0d000000
stg4aenm.anm	9	2644	3	82	12	0	0e000000
stg4aenm.anm	9	2656	3	89	12	0	0f000000
stg4aenm.anm	9	2668	3	96	12	0	0c000000
stg4aenm.anm	9	2680	3	103	12	0	0d000000
stg4aenm.anm	9	2692	3	110	12	0	0e000000
stg4aenm.anm	9	2704	3	117	12	0	0f000000
stg4aenm.anm	9	2716	4	124	16	0	500000000c000000
stg4aenm.anm	9	2732	-1	0	0	0	
stg4aenm.anm	10	2740	82	0	12	0	01000000
stg4aenm.anm	10	2752	24	0	12	0	01000000
stg4aenm.anm	10	2764	3	0	12	0	13000000
stg4aenm.anm	10	2776	3	4	12	0	12000000
stg4aenm.anm	10	2788	3	8	12	0	11000000
stg4aenm.anm	10	2800	3	12	12	0	10000000
stg4aenm.anm	10	2812	32	12	28	0	380000000400000000000000000080c000000000
stg4aenm.anm	10	2840	3	12	12	0	0c000000
stg4aenm.anm	10	2852	3	19	12	0	0d000000
stg4aenm.anm	10	2864	3	26	12	0	0e000000
stg4aenm.anm	10	2876	3	33	12	0	0f000000
stg4aenm.anm	10	2888	3	40	12	0	0c000000
stg4aenm.anm	10	2900	3	47	12	0	0d000000
stg4aenm.anm	10	2912	3	54	12	0	0e000000
stg4aenm.anm	10	2924	3	61	12	0	0f000000
stg4aenm.anm	10	2936	3	68	12	0	0c000000
stg4aenm.anm	10	2948	32	68	28	0	3800000004000000000000000000804000000000
stg4aenm.anm	10	2976	3	75	12	0	0d000000
stg4aenm.anm	10	2988	3	82	12	0	0e000000
stg4aenm.anm	10	3000	3	89	12	0	0f000000
stg4aenm.anm	10	3012	3	96	12	0	0c000000
stg4aenm.anm	10	3024	3	103	12	0	0d000000
stg4aenm.anm	10	3036	3	110	12	0	0e000000
stg4aenm.anm	10	3048	3	117	12	0	0f000000
stg4aenm.anm	10	3060	4	124	16	0	480000000c000000
stg4aenm.anm	10	3076	-1	0	0	0	
stg4aenm.anm	11	3084	82	0	12	0	01000000
stg4aenm.anm	11	3096	3	0	12	0	14000000
stg4aenm.anm	11	3108	3	6	12	0	16000000
stg4aenm.anm	11	3120	3	10	12	0	17000000
stg4aenm.anm	11	3132	3	16	12	0	15000000
stg4aenm.anm	11	3144	4	20	16	0	0c00000000000000
stg4aenm.anm	11	3160	-1	0	0	0	
stg4atxt.anm	0	272	3	0	12	0	01000000
stg4atxt.anm	0	284	6	0	20	0	000000430000304300000000
stg4atxt.anm	0	304	8	0	12	0	00000000
stg4atxt.anm	0	316	34	130	20	0	3c00000000000000ff000000
stg4atxt.anm	0	336	36	130	24	0	10000000040000000000803f0000803f
stg4atxt.anm	0	360	33	370	28	0	7800000000000000500000006000000090000000
stg4atxt.anm	0	388	34	490	20	0	3c0000000000000000000000
stg4atxt.anm	0	408	1	550	8	0	
stg4atxt.anm	0	416	-1	0	0	0	
stg4atxt.anm	1	424	3	0	12	0	00000000
stg4atxt.anm	1	436	6	0	20	0	000060430000504300000000
stg4atxt.anm	1	456	8	0	12	0	00000000
stg4atxt.anm	1	468	34	130	20	0	3c00000000000000ff000000
stg4atxt.anm	1	488	36	130	24	0	10000000040000000000803f0000803f
stg4atxt.anm	1	512	33	370	28	0	7800000000000000500000006000000090000000
stg4atxt.anm	1	540	34	490	20	0	3c0000000000000000000000
stg4atxt.anm	1	560	1	550	8	0	
stg4atxt.anm	1	568	-1	0	0	0	
stg4atxt.anm	2	576	3	0	12	0	02000000
stg4atxt.anm	2	588	6	0	20	0	000060430000864300000000
stg4atxt.anm	2	608	8	0	12	0	00000000
stg4atxt.anm	2	620	34	130	20	0	3c00000000000000ff000000
stg4atxt.anm	2	640	34	370	20	0	3c0000000000000000000000
stg4atxt.anm	2	660	36	370	24	0	10000000040000000000204100000000
stg4atxt.anm	2	684	1	430	8	0	
stg4atxt.anm	2	692	-1	0	0	0	
stg4atxt.anm	3	700	3	0	12	0	03000000
stg4atxt.anm	3	712	6	0	20	0	000008440000e44300000000
stg4atxt.anm	3	732	8	0	12	0	00000000
stg4atxt.anm	3	744	15	200	16	0	ff0000003c000000
stg4atxt.anm	3	760	32	200	28	0	3c00000004000000000090430000e44300000000
stg4atxt.anm	3	788	15	400	16	0	000000003c000000
stg4atxt.anm	3	804	1	460	8	0	
stg4atxt.anm	3	812	-1	0	0	0	
stg4benm.anm	0	432	24	0	12	0	01000000
stg4benm.anm	0	444	32	0	28	0	280000000400000000000000000080c000000000
stg4benm.anm	0	472	3	0	12	0	00000000
stg4benm.anm	0	484	3	5	12	0	01000000
stg4benm.anm	0	496	3	10	12	0	02000000
stg4benm.anm	0	508	3	15	12	0	03000000
stg4benm.anm	0	520	3	20	12	0	00000000
stg4benm.anm	0	532	3	25	12	0	01000000
stg4benm.anm	0	544	3	30	12	0	02000000
stg4benm.anm	0	556	3	35	12	0	03000000
stg4benm.anm	0	568	3	40	12	0	00000000
stg4benm.anm	0	580	32	40	28	0	2800000004000000000000000000804000000000
stg4benm.anm	0	608	3	45	12	0	01000000
stg4benm.anm	0	620	3	50	12	0	02000000
stg4benm.anm	0	632	3	55	12	0	03000000
stg4benm.anm	0	644	3	60	12	0	00000000
stg4benm.anm	0	656	3	65	12	0	01000000
stg4benm.anm	0	668	3	70	12	0	02000000
stg4benm.anm	0	680	3	75	12	0	03000000
stg4benm.anm	0	692	4	80	16	0	0c00000000000000
stg4benm.anm	0	708	-1	0	0	0	
stg4benm.anm	1	716	10	0	8	0	
stg4benm.anm	1	724	3	0	12	0	04000000
stg4benm.anm	1	736	3	4	12	0	05000000
stg4benm.anm	1	748	3	8	12	0	06000000
stg4benm.anm	1	760	3	12	12	0	07000000
stg4benm.anm	1	772	2	12	8	0	
stg4benm.anm	1	780	-1	0	0	0	
stg4benm.anm	2	788	3	0	12	0	04000000
stg4benm.anm	2	800	3	4	12	0	05000000
stg4benm.anm	2	812	3	8	12	0	06000000
stg4benm.anm	2	824	3	12	12	0	07000000
stg4benm.anm	2	836	2	12	8	0	
stg4benm.anm	2	844	-1	0	0	0	
stg4benm.anm	3	852	24	0	12	0	01000000
stg4benm.anm	3	864	10	0	8	0	
stg4benm.anm	3	872	3	0	12	0	07000000
stg4benm.anm	3	884	3	4	12	0	06000000
stg4benm.anm	3	896	3	8	12	0	05000000
stg4benm.anm	3	908	3	12	12	0	04000000
stg4benm.anm	3	920	32	12	28	0	380000000400000000000000000080c000000000
stg4benm.anm	3	948	3	12	12	0	00000000
stg4benm.anm	3	960	3	19	12	0	01000000
stg4benm.anm	3	972	3	26	12	0	02000000
stg4benm.anm	3	984	3	33	12	0	03000000
stg4benm.anm	3	996	3	40	12	0	00000000
stg4benm.anm	3	1008	3	47	12	0	01000000
stg4benm.anm	3	1020	3	54	12	0	02000000
stg4benm.anm	3	1032	3	61	12	0	03000000
stg4benm.anm	3	1044	3	68	12	0	00000000
stg4benm.anm	3	1056	32	68	28	0	3800000004000000000000000000804000000000
stg4benm.anm	3	1084	3	75	12	0	01000000
stg4benm.anm	3	1096	3	82	12	0	02000000
stg4benm.anm	3	1108	3	89	12	0	03000000
stg4benm.anm	3	1120	3	96	12	0	00000000
stg4benm.anm	3	1132	3	103	12	0	01000000
stg4benm.anm	3	1144	3	110	12	0	02000000
stg4benm.anm	3	1156	3	117	12	0	03000000
stg4benm.anm	3	1168	4	124	16	0	440000000c000000
stg4benm.anm	3	1184	-1	0	0	0	
stg4benm.anm	4	1192	24	0	12	0	01000000
stg4benm.anm	4	1204	3	0	12	0	07000000
stg4benm.anm	4	1216	3	4	12	0	06000000
stg4benm.anm	4	1228	3	8	12	0	05000000
stg4benm.anm	4	1240	3	12	12	0	04000000
stg4benm.anm	4	1252	32	12	28	0	380000000400000000000000000080c000000000
stg4benm.anm	4	1280	3	12	12	0	00000000
stg4benm.anm	4	1292	3	19	12	0	01000000
stg4benm.anm	4	1304	3	26	12	0	02000000
stg4benm.anm	4	1316	3	33	12	0	03000000
stg4benm.anm	4	1328	3	40	12	0	00000000
stg4benm.anm	4	1340	3	47	12	0	01000000
stg4benm.anm	4	1352	3	54	12	0	02000000
stg4benm.anm	4	1364	3	61	12	0	03000000
stg4benm.anm	4	1376	3	68	12	0	00000000
stg4benm.anm	4	1388	32	68	28	0	3800000004000000000000000000804000000000
stg4benm.anm	4	1416	3	75	12	0	01000000
stg4benm.anm	4	1428	3	82	12	0	02000000
stg4benm.anm	4	1440	3	89	12	0	03000000
stg4benm.anm	4	1452	3	96	12	0	00000000
stg4benm.anm	4	1464	3	103	12	0	01000000
stg4benm.anm	4	1476	3	110	12	0	02000000
stg4benm.anm	4	1488	3	117	12	0	03000000
stg4benm.anm	4	1500	4	124	16	0	3c0000000c000000
stg4benm.anm	4	1516	-1	0	0	0	
stg4benm.anm	5	1524	3	0	12	0	08000000
stg4benm.anm	5	1536	32	0	28	0	380000000400000000000000000080c000000000
stg4benm.anm	5	1564	32	56	28	0	3800000004000000000000000000804000000000
stg4benm.anm	5	1592	4	112	16	0	0c00000000000000
stg4benm.anm	5	1608	-1	0	0	0	
stg4benm.anm	6	132984	3	0	12	0	0c000000
stg4benm.anm	6	132996	82	0	12	0	01000000
stg4benm.anm	6	133008	9	0	20	0	ff000000ff000000ff000000
stg4benm.anm	6	133028	33	0	28	0	3c00000000000000ff000000ff000000ff000000
stg4benm.anm	6	133056	8	0	12	0	60000000
stg4benm.anm	6	133068	25	0	12	0	01000000
stg4benm.anm	6	133080	7	0	16	0	00000000cdcccc3d
stg4benm.anm	6	133096	36	0	24	0	3c0000000100000033331340cdcccc3d
stg4benm.anm	6	133120	36	60	24	0	3c000000040000003333134000000040
stg4benm.anm	6	133144	30	60	12	0	01000000
stg4benm.anm	6	133156	34	90	20	0	1e00000000000000ff000000
stg4benm.anm	6	133176	34	310	20	0	3c0000000000000000000000
stg4benm.anm	6	133196	1	370	8	0	
stg4benm.anm	6	133204	-1	0	0	0	
stg4benm.anm	7	133212	3	0	12	0	0c000000
stg4benm.anm	7	133224	82	0	12	0	01000000
stg4benm.anm	7	133236	9	0	20	0	ff000000ff000000ff000000
stg4benm.anm	7	133256	33	0	28	0	3c00000000000000ff000000e0000000e0000000
stg4benm.anm	7	133284	8	0	12	0	60000000
stg4benm.anm	7	133296	25	0	12	0	01000000
stg4benm.anm	7	133308	7	0	16	0	00000000cdcc4c3d
stg4benm.anm	7	133324	36	0	24	0	3c0000000100000033331340cdcc4c3d
stg4benm.anm	7	133348	36	60	24	0	3c00000004000000333313400000c03f
stg4benm.anm	7	133372	30	60	12	0	01000000
stg4benm.anm	7	133384	34	90	20	0	1e00000000000000ff000000
stg4benm.anm	7	133404	34	310	20	0	3c0000000000000000000000
stg4benm.anm	7	133424	1	370	8	0	
stg4benm.anm	7	133432	-1	0	0	0	
stg4benm.anm	8	133440	3	0	12	0	0c000000
stg4benm.anm	8	133452	82	0	12	0	01000000
stg4benm.anm	8	133464	9	0	20	0	ff000000ff000000ff000000
stg4benm.anm	8	133484	33	0	28	0	3c00000000000000ff000000c0000000c0000000
stg4benm.anm	8	133512	8	0	12	0	60000000
stg4benm.anm	8	133524	25	0	12	0	01000000
stg4benm.anm	8	133536	7	0	16	0	000000008fc2f53c
stg4benm.anm	8	133552	36	0	24	0	3c00000001000000333313408fc2f53c
stg4benm.anm	8	133576	36	60	24	0	3c00000004000000333313400000803f
stg4benm.anm	8	133600	30	60	12	0	01000000
stg4benm.anm	8	133612	34	90	20	0	1e00000000000000ff000000
stg4benm.anm	8	133632	34	310	20	0	3c0000000000000000000000
stg4benm.anm	8	133652	1	370	8	0	
stg4benm.anm	8	133660	-1	0	0	0	
stg4benm.anm	9	133668	3	0	12	0	0c000000
stg4benm.anm	9	133680	82	0	12	0	01000000
stg4benm.anm	9	133692	9	0	20	0	ff000000ff000000ff000000
stg4benm.anm	9	133712	33	0	28	0	3c00000000000000ff0000008000000080000000
stg4benm.anm	9	133740	8	0	12	0	60000000
stg4benm.anm	9	133752	25	0	12	0	01000000
stg4benm.anm	9	133764	7	0	16	0	000000000ad7a33c
stg4benm.anm	9	133780	36	0	24	0	3c00000001000000333313400ad7a33c
stg4benm.anm	9	133804	36	60	24	0	3c00000004000000333313400000003f
stg4benm.anm	9	133828	30	60	12	0	01000000
stg4benm.anm	9	133840	34	90	20	0	1e00000000000000ff000000
stg4benm.anm	9	133860	34	310	20	0	3c0000000000000000000000
stg4benm.anm	9	133880	1	370	8	0	
stg4benm.anm	9	133888	-1	0	0	0	
stg4benm.anm	10	133896	3	0	12	0	0c000000
stg4benm.anm	10	133908	82	0	12	0	01000000
stg4benm.anm	10	133920	9	0	20	0	ff000000ff000000ff000000
stg4benm.anm	10	133940	33	0	28	0	3c00000000000000ff000000ff000000ff000000
stg4benm.anm	10	133968	8	0	12	0	60000000
stg4benm.anm	10	133980	25	0	12	0	01000000
stg4benm.anm	10	133992	7	0	16	0	00000000cdcccc3d
stg4benm.anm	10	134008	36	0	24	0	3c0000000100000033331340cdcccc3d
stg4benm.anm	10	134032	36	60	24	0	3c000000040000003333134000004040
stg4benm.anm	10	134056	30	60	12	0	01000000
stg4benm.anm	10	134068	34	90	20	0	1e00000000000000ff000000
stg4benm.anm	10	134088	34	310	20	0	3c0000000000000000000000
stg4benm.anm	10	134108	1	370	8	0	
stg4benm.anm	10	134116	-1	0	0	0	
stg4benm.anm	11	134124	3	0	12	0	0c000000
stg4benm.anm	11	134136	82	0	12	0	01000000
stg4benm.anm	11	134148	9	0	20	0	ff000000ff000000ff000000
stg4benm.anm	11	134168	33	0	28	0	3c00000000000000ff000000e0000000e0000000
stg4benm.anm	11	134196	8	0	12	0	60000000
stg4benm.anm	11	134208	25	0	12	0	01000000
stg4benm.anm	11	134220	7	0	16	0	00000000cdcc4c3d
stg4benm.anm	11	134236	36	0	24	0	3c0000000100000033331340cdcc4c3d
stg4benm.anm	11	134260	36	60	24	0	3c000000040000003333134000002040
stg4benm.anm	11	134284	30	60	12	0	01000000
stg4benm.anm	11	134296	34	90	20	0	1e00000000000000ff000000
stg4benm.anm	11	134316	34	310	20	0	3c0000000000000000000000
stg4benm.anm	11	134336	1	370	8	0	
stg4benm.anm	11	134344	-1	0	0	0	
stg4benm.anm	12	134352	3	0	12	0	0c000000
stg4benm.anm	12	134364	82	0	12	0	01000000
stg4benm.anm	12	134376	9	0	20	0	ff000000ff000000ff000000
stg4benm.anm	12	134396	33	0	28	0	3c00000000000000ff000000c0000000c0000000
stg4benm.anm	12	134424	8	0	12	0	60000000
stg4benm.anm	12	134436	25	0	12	0	01000000
stg4benm.anm	12	134448	7	0	16	0	000000008fc2f53c
stg4benm.anm	12	134464	36	0	24	0	3c00000001000000333313408fc2f53c
stg4benm.anm	12	134488	36	60	24	0	3c000000040000003333134000000040
stg4benm.anm	12	134512	30	60	12	0	01000000
stg4benm.anm	12	134524	34	90	20	0	1e00000000000000ff000000
stg4benm.anm	12	134544	34	310	20	0	3c0000000000000000000000
stg4benm.anm	12	134564	1	370	8	0	
stg4benm.anm	12	134572	-1	0	0	0	
stg4benm.anm	13	134580	3	0	12	0	0c000000
stg4benm.anm	13	134592	82	0	12	0	01000000
stg4benm.anm	13	134604	9	0	20	0	ff000000ff000000ff000000
stg4benm.anm	13	134624	33	0	28	0	3c00000000000000ff0000008000000080000000
stg4benm.anm	13	134652	8	0	12	0	60000000
stg4benm.anm	13	134664	25	0	12	0	01000000
stg4benm.anm	13	134676	7	0	16	0	000000000ad7a33c
stg4benm.anm	13	134692	36	0	24	0	3c00000001000000333313400ad7a33c
stg4benm.anm	13	134716	36	60	24	0	3c00000004000000333313400000c03f
stg4benm.anm	13	134740	30	60	12	0	01000000
stg4benm.anm	13	134752	34	90	20	0	1e00000000000000ff000000
stg4benm.anm	13	134772	34	310	20	0	3c0000000000000000000000
stg4benm.anm	13	134792	1	370	8	0	
stg4benm.anm	13	134800	-1	0	0	0	
stg4benm.anm	14	134808	3	0	12	0	0c000000
stg4benm.anm	14	134820	82	0	12	0	01000000
stg4benm.anm	14	134832	9	0	20	0	ff000000ff000000ff000000
stg4benm.anm	14	134852	33	0	28	0	3c00000000000000ff000000ff000000ff000000
stg4benm.anm	14	134880	8	0	12	0	60000000
stg4benm.anm	14	134892	25	0	12	0	01000000
stg4benm.anm	14	134904	7	0	16	0	00000000cdcccc3d
stg4benm.anm	14	134920	36	0	24	0	3c0000000100000033331340cdcccc3d
stg4benm.anm	14	134944	36	60	24	0	3c000000040000003333134000004040
stg4benm.anm	14	134968	30	60	12	0	01000000
stg4benm.anm	14	134980	34	90	20	0	1e00000000000000ff000000
stg4benm.anm	14	135000	34	270	20	0	3c0000000000000000000000
stg4benm.anm	14	135020	1	330	8	0	
stg4benm.anm	14	135028	-1	0	0	0	
stg4benm.anm	15	135036	3	0	12	0	0c000000
stg4benm.anm	15	135048	82	0	12	0	01000000
stg4benm.anm	15	135060	9	0	20	0	ff000000ff000000ff000000
stg4benm.anm	15	135080	33	0	28	0	3c00000000000000ff000000e0000000e0000000
stg4benm.anm	15	135108	8	0	12	0	60000000
stg4benm.anm	15	135120	25	0	12	0	01000000
stg4benm.anm	15	135132	7	0	16	0	00000000cdcc4c3d
stg4benm.anm	15	135148	36	0	24	0	3c0000000100000033331340cdcc4c3d
stg4benm.anm	15	135172	36	60	24	0	3c000000040000003333134000002040
stg4benm.anm	15	135196	30	60	12	0	01000000
stg4benm.anm	15	135208	34	90	20	0	1e00000000000000ff000000
stg4benm.anm	15	135228	34	270	20	0	3c0000000000000000000000
stg4benm.anm	15	135248	1	330	8	0	
stg4benm.anm	15	135256	-1	0	0	0	
stg4benm.anm	16	135264	3	0	12	0	0c000000
stg4benm.anm	16	135276	82	0	12	0	01000000
stg4benm.anm	16	135288	9	0	20	0	ff000000ff000000ff000000
stg4benm.anm	16	135308	33	0	28	0	3c00000000000000ff000000c0000000c0000000
stg4benm.anm	16	135336	8	0	12	0	60000000
stg4benm.anm	16	135348	25	0	12	0	01000000
stg4benm.anm	16	135360	7	0	16	0	000000008fc2f53c
stg4benm.anm	16	135376	36	0	24	0	3c00000001000000333313408fc2f53c
stg4benm.anm	16	135400	36	60	24	0	3c000000040000003333134000000040
stg4benm.anm	16	135424	30	60	12	0	01000000
stg4benm.anm	16	135436	34	90	20	0	1e00000000000000ff000000
stg4benm.anm	16	135456	34	270	20	0	3c0000000000000000000000
stg4benm.anm	16	135476	1	330	8	0	
stg4benm.anm	16	135484	-1	0	0	0	
stg4benm.anm	17	135492	3	0	12	0	0c000000
stg4benm.anm	17	135504	82	0	12	0	01000000
stg4benm.anm	17	135516	9	0	20	0	ff000000ff000000ff000000
stg4benm.anm	17	135536	33	0	28	0	3c00000000000000ff0000008000000080000000
stg4benm.anm	17	135564	8	0	12	0	60000000
stg4benm.anm	17	135576	25	0	12	0	01000000
stg4benm.anm	17	135588	7	0	16	0	000000000ad7a33c
stg4benm.anm	17	135604	36	0	24	0	3c00000001000000333313400ad7a33c
stg4benm.anm	17	135628	36	60	24	0	3c00000004000000333313400000c03f
stg4benm.anm	17	135652	30	60	12	0	01000000
stg4benm.anm	17	135664	34	90	20	0	1e00000000000000ff000000
stg4benm.anm	17	135684	34	270	20	0	3c0000000000000000000000
stg4benm.anm	17	135704	1	330	8	0	
stg4benm.anm	17	135712	-1	0	0	0	
stg4benm.anm	18	135720	3	0	12	0	0c000000
stg4benm.anm	18	135732	82	0	12	0	01000000
stg4benm.anm	18	135744	9	0	20	0	ff000000ff000000ff000000
stg4benm.anm	18	135764	33	0	28	0	3c00000000000000ff000000ff000000ff000000
stg4benm.anm	18	135792	8	0	12	0	60000000
stg4benm.anm	18	135804	25	0	12	0	01000000
stg4benm.anm	18	135816	7	0	16	0	00000000cdcccc3d
stg4benm.anm	18	135832	36	0	24	0	3c0000000100000033331340cdcccc3d
stg4benm.anm	18	135856	36	60	24	0	3c000000040000003333134000004040
stg4benm.anm	18	135880	30	60	12	0	01000000
stg4benm.anm	18	135892	34	90	20	0	1e00000000000000ff000000
stg4benm.anm	18	135912	34	240	20	0	3c0000000000000000000000
stg4benm.anm	18	135932	1	300	8	0	
stg4benm.anm	18	135940	-1	0	0	0	
stg4benm.anm	19	135948	3	0	12	0	0c000000
stg4benm.anm	19	135960	82	0	12	0	01000000
stg4benm.anm	19	135972	9	0	20	0	ff000000ff000000ff000000
stg4benm.anm	19	135992	33	0	28	0	3c00000000000000ff000000e0000000e0000000
stg4benm.anm	19	136020	8	0	12	0	60000000
stg4benm.anm	19	136032	25	0	12	0	01000000
stg4benm.anm	19	136044	7	0	16	0	00000000cdcc4c3d
stg4benm.anm	19	136060	36	0	24	0	3c0000000100000033331340cdcc4c3d
stg4benm.anm	19	136084	36	60	24	0	3c000000040000003333134000002040
stg4benm.anm	19	136108	30	60	12	0	01000000
stg4benm.anm	19	136120	34	90	20	0	1e00000000000000ff000000
stg4benm.anm	19	136140	34	240	20	0	3c0000000000000000000000
stg4benm.anm	19	136160	1	300	8	0	
stg4benm.anm	19	136168	-1	0	0	0	
stg4benm.anm	20	136176	3	0	12	0	0c000000
stg4benm.anm	20	136188	82	0	12	0	01000000
stg4benm.anm	20	136200	9	0	20	0	ff000000ff000000ff000000
stg4benm.anm	20	136220	33	0	28	0	3c00000000000000ff000000c0000000c0000000
stg4benm.anm	20	136248	8	0	12	0	60000000
stg4benm.anm	20	136260	25	0	12	0	01000000
stg4benm.anm	20	136272	7	0	16	0	000000008fc2f53c
stg4benm.anm	20	136288	36	0	24	0	3c00000001000000333313408fc2f53c
stg4benm.anm	20	136312	36	60	24	0	3c000000040000003333134000000040
stg4benm.anm	20	136336	30	60	12	0	01000000
stg4benm.anm	20	136348	34	90	20	0	1e00000000000000ff000000
stg4benm.anm	20	136368	34	240	20	0	3c0000000000000000000000
stg4benm.anm	20	136388	1	300	8	0	
stg4benm.anm	20	136396	-1	0	0	0	
stg4benm.anm	21	136404	3	0	12	0	0c000000
stg4benm.anm	21	136416	82	0	12	0	01000000
stg4benm.anm	21	136428	9	0	20	0	ff000000ff000000ff000000
stg4benm.anm	21	136448	33	0	28	0	3c00000000000000ff0000008000000080000000
stg4benm.anm	21	136476	8	0	12	0	60000000
stg4benm.anm	21	136488	25	0	12	0	01000000
stg4benm.anm	21	136500	7	0	16	0	000000000ad7a33c
stg4benm.anm	21	136516	36	0	24	0	3c00000001000000333313400ad7a33c
stg4benm.anm	21	136540	36	60	24	0	3c00000004000000333313400000c03f
stg4benm.anm	21	136564	30	60	12	0	01000000
stg4benm.anm	21	136576	34	90	20	0	1e00000000000000ff000000
stg4benm.anm	21	136596	34	240	20	0	3c0000000000000000000000
stg4benm.anm	21	136616	1	300	8	0	
stg4benm.anm	21	136624	-1	0	0	0	
stg4benm.anm	22	136632	3	0	12	0	0c000000
stg4benm.anm	22	136644	82	0	12	0	01000000
stg4benm.anm	22	136656	9	0	20	0	ff000000ff000000ff000000
stg4benm.anm	22	136676	33	0	28	0	3c00000000000000ff000000ff000000ff000000
stg4benm.anm	22	136704	8	0	12	0	60000000
stg4benm.anm	22	136716	25	0	12	0	01000000
stg4benm.anm	22	136728	7	0	16	0	00000000cdcccc3d
stg4benm.anm	22	136744	36	0	24	0	3c000000010000009a997940cdcccc3d
stg4benm.anm	22	136768	36	60	24	0	3c000000040000009a99794000004040
stg4benm.anm	22	136792	30	60	12	0	01000000
stg4benm.anm	22	136804	34	90	20	0	1e00000000000000ff000000
stg4benm.anm	22	136824	34	130	20	0	280000000000000000000000
stg4benm.anm	22	136844	1	170	8	0	
stg4benm.anm	22	136852	-1	0	0	0	
stg4benm.anm	23	136860	3	0	12	0	0c000000
stg4benm.anm	23	136872	82	0	12	0	01000000
stg4benm.anm	23	136884	9	0	20	0	ff000000ff000000ff000000
stg4benm.anm	23	136904	33	0	28	0	3c00000000000000ff000000e0000000e0000000
stg4benm.anm	23	136932	8	0	12	0	60000000
stg4benm.anm	23	136944	25	0	12	0	01000000
stg4benm.anm	23	136956	7	0	16	0	00000000cdcc4c3d
stg4benm.anm	23	136972	36	0	24	0	3c000000010000009a997940cdcc4c3d
stg4benm.anm	23	136996	36	60	24	0	3c000000040000009a99794000002040
stg4benm.anm	23	137020	30	60	12	0	01000000
stg4benm.anm	23	137032	34	90	20	0	1e00000000000000ff000000
stg4benm.anm	23	137052	34	130	20	0	280000000000000000000000
stg4benm.anm	23	137072	1	170	8	0	
stg4benm.anm	23	137080	-1	0	0	0	
stg4benm.anm	24	137088	3	0	12	0	0c000000
stg4benm.anm	24	137100	82	0	12	0	01000000
stg4benm.anm	24	137112	9	0	20	0	ff000000ff000000ff000000
stg4benm.anm	24	137132	33	0	28	0	3c00000000000000ff000000c0000000c0000000
stg4benm.anm	24	137160	8	0	12	0	60000000
stg4benm.anm	24	137172	25	0	12	0	01000000
stg4benm.anm	24	137184	7	0	16	0	000000008fc2f53c
stg4benm.anm	24	137200	36	0	24	0	3c000000010000009a9979408fc2f53c
stg4benm.anm	24	137224	36	60	24	0	3c000000040000009a99794000000040
stg4benm.anm	24	137248	30	60	12	0	01000000
stg4benm.anm	24	137260	34	90	20	0	1e00000000000000ff000000
stg4benm.anm	24	137280	34	130	20	0	280000000000000000000000
stg4benm.anm	24	137300	1	170	8	0	
stg4benm.anm	24	137308	-1	0	0	0	
stg4benm.anm	25	137316	3	0	12	0	0c000000
stg4benm.anm	25	137328	82	0	12	0	01000000
stg4benm.anm	25	137340	9	0	20	0	ff000000ff000000ff000000
stg4benm.anm	25	137360	33	0	28	0	3c00000000000000ff0000008000000080000000
stg4benm.anm	25	137388	8	0	12	0	60000000
stg4benm.anm	25	137400	25	0	12	0	01000000
stg4benm.anm	25	137412	7	0	16	0	000000000ad7a33c
stg4benm.anm	25	137428	36	0	24	0	3c000000010000009a9979400ad7a33c
stg4benm.anm	25	137452	36	60	24	0	3c000000040000009a9979400000c03f
stg4benm.anm	25	137476	30	60	12	0	01000000
stg4benm.anm	25	137488	34	90	20	0	1e00000000000000ff000000
stg4benm.anm	25	137508	34	130	20	0	280000000000000000000000
stg4benm.anm	25	137528	1	170	8	0	
stg4benm.anm	25	137536	-1	0	0	0	
stg4btxt.anm	0	272	3	0	12	0	01000000
stg4btxt.anm	0	284	6	0	20	0	000000430000304300000000
stg4btxt.anm	0	304	8	0	12	0	00000000
stg4btxt.anm	0	316	34	130	20	0	3c00000000000000ff000000
stg4btxt.anm	0	336	36	130	24	0	10000000040000000000803f0000803f
stg4btxt.anm	0	360	33	370	28	0	7800000000000000500000006000000090000000
stg4btxt.anm	0	388	34	490	20	0	3c0000000000000000000000
stg4btxt.anm	0	408	1	550	8	0	
stg4btxt.anm	0	416	-1	0	0	0	
stg4btxt.anm	1	424	3	0	12	0	00000000
stg4btxt.anm	1	436	6	0	20	0	000060430000504300000000
stg4btxt.anm	1	456	8	0	12	0	00000000
stg4btxt.anm	1	468	34	130	20	0	3c00000000000000ff000000
stg4btxt.anm	1	488	36	130	24	0	10000000040000000000803f0000803f
stg4btxt.anm	1	512	33	370	28	0	7800000000000000500000006000000090000000
stg4btxt.anm	1	540	34	490	20	0	3c0000000000000000000000
stg4btxt.anm	1	560	1	550	8	0	
stg4btxt.anm	1	568	-1	0	0	0	
stg4btxt.anm	2	576	3	0	12	0	02000000
stg4btxt.anm	2	588	6	0	20	0	000060430000864300000000
stg4btxt.anm	2	608	8	0	12	0	00000000
stg4btxt.anm	2	620	34	130	20	0	3c00000000000000ff000000
stg4btxt.anm	2	640	34	370	20	0	3c0000000000000000000000
stg4btxt.anm	2	660	36	370	24	0	10000000040000000000204100000000
stg4btxt.anm	2	684	1	430	8	0	
stg4btxt.anm	2	692	-1	0	0	0	
stg4btxt.anm	3	700	3	0	12	0	03000000
stg4btxt.anm	3	712	6	0	20	0	000008440000e44300000000
stg4btxt.anm	3	732	8	0	12	0	00000000
stg4btxt.anm	3	744	15	200	16	0	ff0000003c000000
stg4btxt.anm	3	760	32	200	28	0	3c00000004000000000090430000e44300000000
stg4btxt.anm	3	788	15	400	16	0	000000003c000000
stg4btxt.anm	3	804	1	460	8	0	
stg4btxt.anm	3	812	-1	0	0	0	
stg5bg.anm	0	336	3	0	12	0	00000000
stg5bg.anm	0	348	31	0	12	0	01000000
stg5bg.anm	0	360	12	0	20	0	00000000db0fc93f00000000
stg5bg.anm	0	380	2	0	8	0	
stg5bg.anm	0	388	-1	0	0	0	
stg5bg.anm	1	396	3	0	12	0	00000000
stg5bg.anm	1	408	31	0	12	0	01000000
stg5bg.anm	1	420	12	0	20	0	00000000db0fc93f00000000
stg5bg.anm	1	440	2	0	8	0	
stg5bg.anm	1	448	-1	0	0	0	
stg5bg.anm	2	456	3	0	12	0	01000000
stg5bg.anm	2	468	31	0	12	0	01000000
stg5bg.anm	2	480	2	0	8	0	
stg5bg.anm	2	488	-1	0	0	0	
stg5bg.anm	3	496	3	0	12	0	02000000
stg5bg.anm	3	508	31	0	12	0	01000000
stg5bg.anm	3	520	25	0	12	0	12000000
stg5bg.anm	3	532	82	0	12	0	01000000
stg5bg.anm	3	544	30	0	12	0	01000000
stg5bg.anm	3	556	8	0	12	0	c0000000
stg5bg.anm	3	568	8	1	12	0	ff000000
stg5bg.anm	3	580	4	2	16	0	3c00000000000000
stg5bg.anm	3	596	-1	0	0	0	
stg5bg.anm	4	604	3	0	12	0	03000000
stg5bg.anm	4	616	31	0	12	0	01000000
stg5bg.anm	4	628	2	0	8	0	
stg5bg.anm	4	636	-1	0	0	0	
stg5bg.anm	5	644	3	0	12	0	04000000
stg5bg.anm	5	656	31	0	12	0	01000000
stg5bg.anm	5	668	2	0	8	0	
stg5bg.anm	5	676	-1	0	0	0	
stg5bg.anm	6	684	3	0	12	0	05000000
stg5bg.anm	6	696	31	0	12	0	01000000
stg5bg.anm	6	708	12	0	20	0	00000000db0fc93f00000000
stg5bg.anm	6	728	2	0	8	0	
stg5bg.anm	6	736	-1	0	0	0	
stg5bg.anm	7	744	3	0	12	0	05000000
stg5bg.anm	7	756	31	0	12	0	01000000
stg5bg.anm	7	768	12	0	20	0	00000000db0fc93f00000000
stg5bg.anm	7	788	2	0	8	0	
stg5bg.anm	7	796	-1	0	0	0	
stg5bg.anm	8	804	3	0	12	0	06000000
stg5bg.anm	8	816	31	0	12	0	01000000
stg5bg.anm	8	828	25	0	12	0	12000000
stg5bg.anm	8	840	82	0	12	0	01000000
stg5bg.anm	8	852	30	0	12	0	01000000
stg5bg.anm	8	864	8	0	12	0	c0000000
stg5bg.anm	8	876	8	1	12	0	ff000000
stg5bg.anm	8	888	4	2	16	0	3c00000000000000
stg5bg.anm	8	904	-1	0	0	0	
stg5enm.anm	0	600	24	0	12	0	01000000
stg5enm.anm	0	612	3	0	12	0	00000000
stg5enm.anm	0	624	32	0	28	0	280000000400000000000000000080c000000000
stg5enm.anm	0	652	32	40	28	0	2800000004000000000000000000804000000000
stg5enm.anm	0	680	4	80	16	0	1800000000000000
stg5enm.anm	0	696	-1	0	0	0	
stg5enm.anm	1	704	10	0	8	0	
stg5enm.anm	1	712	3	0	12	0	00000000
stg5enm.anm	1	724	3	4	12	0	01000000
stg5enm.anm	1	736	3	8	12	0	02000000
stg5enm.anm	1	748	3	12	12	0	03000000
stg5enm.anm	1	760	2	12	8	0	
stg5enm.anm	1	768	-1	0	0	0	
stg5enm.anm	2	776	3	0	12	0	00000000
stg5enm.anm	2	788	3	4	12	0	01000000
stg5enm.anm	2	800	3	8	12	0	02000000
stg5enm.anm	2	812	3	12	12	0	03000000
stg5enm.anm	2	824	2	12	8	0	
stg5enm.anm	2	832	-1	0	0	0	
stg5enm.anm	3	840	24	0	12	0	01000000
stg5enm.anm	3	852	10	0	8	0	
stg5enm.anm	3	860	3	0	12	0	03000000
stg5enm.anm	3	872	3	4	12	0	02000000
stg5enm.anm	3	884	3	8	12	0	01000000
stg5enm.anm	3	896	3	12	12	0	00000000
stg5enm.anm	3	908	32	12	28	0	280000000400000000000000000080c000000000
stg5enm.anm	3	936	32	52	28	0	2800000004000000000000000000804000000000
stg5enm.anm	3	964	4	92	16	0	440000000c000000
stg5enm.anm	3	980	-1	0	0	0	
stg5enm.anm	4	988	24	0	12	0	01000000
stg5enm.anm	4	1000	3	0	12	0	03000000
stg5enm.anm	4	1012	3	4	12	0	02000000
stg5enm.anm	4	1024	3	8	12	0	01000000
stg5enm.anm	4	1036	3	12	12	0	00000000
stg5enm.anm	4	1048	32	12	28	0	280000000400000000000000000080c000000000
stg5enm.anm	4	1076	32	52	28	0	2800000004000000000000000000804000000000
stg5enm.anm	4	1104	4	92	16	0	3c0000000c000000
stg5enm.anm	4	1120	-1	0	0	0	
stg5enm.anm	5	1128	3	0	12	0	04000000
stg5enm.anm	5	1140	82	0	12	0	01000000
stg5enm.anm	5	1152	7	0	16	0	0000004000000040
stg5enm.anm	5	1168	8	0	12	0	00000000
stg5enm.anm	5	1180	36	0	24	0	32000000040000000000803f0000803f
stg5enm.anm	5	1204	34	0	20	0	3200000000000000ff000000
stg5enm.anm	5	1224	34	50	20	0	0a0000000000000000000000
stg5enm.anm	5	1244	20	60	8	0	
stg5enm.anm	5	1252	-1	0	0	0	
stg5enm.anm	6	1260	24	0	12	0	01000000
stg5enm.anm	6	1272	32	0	28	0	280000000400000000000000000080c000000000
stg5enm.anm	6	1300	3	0	12	0	05000000
stg5enm.anm	6	1312	3	5	12	0	06000000
stg5enm.anm	6	1324	3	10	12	0	07000000
stg5enm.anm	6	1336	3	15	12	0	08000000
stg5enm.anm	6	1348	3	20	12	0	05000000
stg5enm.anm	6	1360	3	25	12	0	06000000
stg5enm.anm	6	1372	3	30	12	0	07000000
stg5enm.anm	6	1384	3	35	12	0	08000000
stg5enm.anm	6	1396	3	40	12	0	05000000
stg5enm.anm	6	1408	32	40	28	0	2800000004000000000000000000804000000000
stg5enm.anm	6	1436	3	45	12	0	06000000
stg5enm.anm	6	1448	3	50	12	0	07000000
stg5enm.anm	6	1460	3	55	12	0	08000000
stg5enm.anm	6	1472	3	60	12	0	05000000
stg5enm.anm	6	1484	3	65	12	0	06000000
stg5enm.anm	6	1496	3	70	12	0	07000000
stg5enm.anm	6	1508	3	75	12	0	08000000
stg5enm.anm	6	1520	4	80	16	0	0c00000000000000
stg5enm.anm	6	1536	-1	0	0	0	
stg5enm.anm	7	1544	10	0	8	0	
stg5enm.anm	7	1552	3	0	12	0	09000000
stg5enm.anm	7	1564	3	4	12	0	0a000000
stg5enm.anm	7	1576	3	8	12	0	0b000000
stg5enm.anm	7	1588	3	12	12	0	0c000000
stg5enm.anm	7	1600	2	12	8	0	
stg5enm.anm	7	1608	-1	0	0	0	
stg5enm.anm	8	1616	3	0	12	0	09000000
stg5enm.anm	8	1628	3	4	12	0	0a000000
stg5enm.anm	8	1640	3	8	12	0	0b000000
stg5enm.anm	8	1652	3	12	12	0	0c000000
stg5enm.anm	8	1664	2	12	8	0	
stg5enm.anm	8	1672	-1	0	0	0	
stg5enm.anm	9	1680	24	0	12	0	01000000
stg5enm.anm	9	1692	10	0	8	0	
stg5enm.anm	9	1700	3	0	12	0	0c000000
stg5enm.anm	9	1712	3	4	12	0	0b000000
stg5enm.anm	9	1724	3	8	12	0	0a000000
stg5enm.anm	9	1736	3	12	12	0	09000000
stg5enm.anm	9	1748	32	12	28	0	200000000400000000000000000080c000000000
stg5enm.anm	9	1776	3	12	12	0	05000000
stg5enm.anm	9	1788	3	16	12	0	06000000
stg5enm.anm	9	1800	3	20	12	0	07000000
stg5enm.anm	9	1812	3	24	12	0	08000000
stg5enm.anm	9	1824	3	28	12	0	05000000
stg5enm.anm	9	1836	3	32	12	0	06000000
stg5enm.anm	9	1848	3	36	12	0	07000000
stg5enm.anm	9	1860	3	40	12	0	08000000
stg5enm.anm	9	1872	3	44	12	0	05000000
stg5enm.anm	9	1884	32	44	28	0	2000000004000000000000000000804000000000
stg5enm.anm	9	1912	3	48	12	0	06000000
stg5enm.anm	9	1924	3	52	12	0	07000000
stg5enm.anm	9	1936	3	56	12	0	08000000
stg5enm.anm	9	1948	3	60	12	0	05000000
stg5enm.anm	9	1960	3	64	12	0	06000000
stg5enm.anm	9	1972	3	68	12	0	07000000
stg5enm.anm	9	1984	3	72	12	0	08000000
stg5enm.anm	9	1996	4	76	16	0	440000000c000000
stg5enm.anm	9	2012	-1	0	0	0	
stg5enm.anm	10	2020	24	0	12	0	01000000
stg5enm.anm	10	2032	3	0	12	0	0c000000
stg5enm.anm	10	2044	3	4	12	0	0b000000
stg5enm.anm	10	2056	3	8	12	0	0a000000
stg5enm.anm	10	2068	3	12	12	0	09000000
stg5enm.anm	10	2080	32	12	28	0	200000000400000000000000000080c000000000
stg5enm.anm	10	2108	3	12	12	0	05000000
stg5enm.anm	10	2120	3	16	12	0	06000000
stg5enm.anm	10	2132	3	20	12	0	07000000
stg5enm.anm	10	2144	3	24	12	0	08000000
stg5enm.anm	10	2156	3	28	12	0	05000000
stg5enm.anm	10	2168	3	32	12	0	06000000
stg5enm.anm	10	2180	3	36	12	0	07000000
stg5enm.anm	10	2192	3	40	12	0	08000000
stg5enm.anm	10	2204	3	44	12	0	05000000
stg5enm.anm	10	2216	32	44	28	0	2000000004000000000000000000804000000000
stg5enm.anm	10	2244	3	48	12	0	06000000
stg5enm.anm	10	2256	3	52	12	0	07000000
stg5enm.anm	10	2268	3	56	12	0	08000000
stg5enm.anm	10	2280	3	60	12	0	05000000
stg5enm.anm	10	2292	3	64	12	0	06000000
stg5enm.anm	10	2304	3	68	12	0	07000000
stg5enm.anm	10	2316	3	72	12	0	08000000
stg5enm.anm	10	2328	4	76	16	0	3c0000000c000000
stg5enm.anm	10	2344	-1	0	0	0	
stg5enm.anm	11	2352	24	0	12	0	01000000
stg5enm.anm	11	2364	3	0	12	0	0d000000
stg5enm.anm	11	2376	3	2	12	0	0e000000
stg5enm.anm	11	2388	3	4	12	0	0f000000
stg5enm.anm	11	2400	3	6	12	0	10000000
stg5enm.anm	11	2412	32	6	28	0	280000000400000000000000000080c000000000
stg5enm.anm	11	2440	32	46	28	0	2800000004000000000000000000804000000000
stg5enm.anm	11	2468	4	86	16	0	3c00000006000000
stg5enm.anm	11	2484	-1	0	0	0	
stg5enm.anm	12	134012	24	0	12	0	01000000
stg5enm.anm	12	134024	32	0	28	0	280000000400000000000000000080c000000000
stg5enm.anm	12	134052	3	0	12	0	11000000
stg5enm.anm	12	134064	3	5	12	0	12000000
stg5enm.anm	12	134076	3	10	12	0	13000000
stg5enm.anm	12	134088	3	15	12	0	14000000
stg5enm.anm	12	134100	3	20	12	0	11000000
stg5enm.anm	12	134112	3	25	12	0	12000000
stg5enm.anm	12	134124	3	30	12	0	13000000
stg5enm.anm	12	134136	3	35	12	0	14000000
stg5enm.anm	12	134148	3	40	12	0	11000000
stg5enm.anm	12	134160	32	40	28	0	2800000004000000000000000000804000000000
stg5enm.anm	12	134188	3	45	12	0	12000000
stg5enm.anm	12	134200	3	50	12	0	13000000
stg5enm.anm	12	134212	3	55	12	0	14000000
stg5enm.anm	12	134224	3	60	12	0	11000000
stg5enm.anm	12	134236	3	65	12	0	12000000
stg5enm.anm	12	134248	3	70	12	0	13000000
stg5enm.anm	12	134260	3	75	12	0	14000000
stg5enm.anm	12	134272	4	80	16	0	0c00000000000000
stg5enm.anm	12	134288	-1	0	0	0	
stg5enm.anm	13	134296	10	0	8	0	
stg5enm.anm	13	134304	3	0	12	0	15000000
stg5enm.anm	13	134316	3	4	12	0	16000000
stg5enm.anm	13	134328	3	8	12	0	17000000
stg5enm.anm	13	134340	3	12	12	0	18000000
stg5enm.anm	13	134352	2	12	8	0	
stg5enm.anm	13	134360	-1	0	0	0	
stg5enm.anm	14	134368	3	0	12	0	15000000
stg5enm.anm	14	134380	3	4	12	0	16000000
stg5enm.anm	14	134392	3	8	12	0	17000000
stg5enm.anm	14	134404	3	12	12	0	18000000
stg5enm.anm	14	134416	2	12	8	0	
stg5enm.anm	14	134424	-1	0	0	0	
stg5enm.anm	15	134432	24	0	12	0	01000000
stg5enm.anm	15	134444	10	0	8	0	
stg5enm.anm	15	134452	3	0	12	0	18000000
stg5enm.anm	15	134464	3	4	12	0	17000000
stg5enm.anm	15	134476	3	8	12	0	16000000
stg5enm.anm	15	134488	3	12	12	0	15000000
stg5enm.anm	15	134500	32	12	28	0	200000000400000000000000000080c000000000
stg5enm.anm	15	134528	3	12	12	0	11000000
stg5enm.anm	15	134540	3	16	12	0	12000000
stg5enm.anm	15	134552	3	20	12	0	13000000
stg5enm.anm	15	134564	3	24	12	0	14000000
stg5enm.anm	15	134576	3	28	12	0	11000000
stg5enm.anm	15	134588	3	32	12	0	12000000
stg5enm.anm	15	134600	3	36	12	0	13000000
stg5enm.anm	15	134612	3	40	12	0	14000000
stg5enm.anm	15	134624	3	44	12	0	11000000
stg5enm.anm	15	134636	32	44	28	0	2000000004000000000000000000804000000000
stg5enm.anm	15	134664	3	48	12	0	12000000
stg5enm.anm	15	134676	3	52	12	0	13000000
stg5enm.anm	15	134688	3	56	12	0	14000000
stg5enm.anm	15	134700	3	60	12	0	11000000
stg5enm.anm	15	134712	3	64	12	0	12000000
stg5enm.anm	15	134724	3	68	12	0	13000000
stg5enm.anm	15	134736	3	72	12	0	14000000
stg5enm.anm	15	134748	4	76	16	0	440000000c000000
stg5enm.anm	15	134764	-1	0	0	0	
stg5enm.anm	16	134772	24	0	12	0	01000000
stg5enm.anm	16	134784	3	0	12	0	18000000
stg5enm.anm	16	134796	3	4	12	0	17000000
stg5enm.anm	16	134808	3	8	12	0	16000000
stg5enm.anm	16	134820	3	12	12	0	15000000
stg5enm.anm	16	134832	32	12	28	0	200000000400000000000000000080c000000000
stg5enm.anm	16	134860	3	12	12	0	11000000
stg5enm.anm	16	134872	3	16	12	0	12000000
stg5enm.anm	16	134884	3	20	12	0	13000000
stg5enm.anm	16	134896	3	24	12	0	14000000
stg5enm.anm	16	134908	3	28	12	0	11000000
stg5enm.anm	16	134920	3	32	12	0	12000000
stg5enm.anm	16	134932	3	36	12	0	13000000
stg5enm.anm	16	134944	3	40	12	0	14000000
stg5enm.anm	16	134956	3	44	12	0	11000000
stg5enm.anm	16	134968	32	44	28	0	2000000004000000000000000000804000000000
stg5enm.anm	16	134996	3	48	12	0	12000000
stg5enm.anm	16	135008	3	52	12	0	13000000
stg5enm.anm	16	135020	3	56	12	0	14000000
stg5enm.anm	16	135032	3	60	12	0	11000000
stg5enm.anm	16	135044	3	64	12	0	12000000
stg5enm.anm	16	135056	3	68	12	0	13000000
stg5enm.anm	16	135068	3	72	12	0	14000000
stg5enm.anm	16	135080	4	76	16	0	3c0000000c000000
stg5enm.anm	16	135096	-1	0	0	0	
stg5enm.anm	17	135104	24	0	12	0	01000000
stg5enm.anm	17	135116	3	0	12	0	19000000
stg5enm.anm	17	135128	3	2	12	0	1a000000
stg5enm.anm	17	135140	3	4	12	0	1b000000
stg5enm.anm	17	135152	3	6	12	0	1c000000
stg5enm.anm	17	135164	32	6	28	0	280000000400000000000000000080c000000000
stg5enm.anm	17	135192	32	46	28	0	2800000004000000000000000000804000000000
stg5enm.anm	17	135220	4	86	16	0	3c00000006000000
stg5enm.anm	17	135236	-1	0	0	0	
stg5txt.anm	0	272	3	0	12	0	01000000
stg5txt.anm	0	284	6	0	20	0	000000430000304300000000
stg5txt.anm	0	304	8	0	12	0	00000000
stg5txt.anm	0	316	8	600	12	0	00000000
stg5txt.anm	0	328	34	730	20	0	3c00000000000000ff000000
stg5txt.anm	0	348	36	730	24	0	10000000040000000000803f0000803f
stg5txt.anm	0	372	33	970	28	0	7800000000000000500000006000000090000000
stg5txt.anm	0	400	34	1090	20	0	3c0000000000000000000000
stg5txt.anm	0	420	1	1150	8	0	
stg5txt.anm	0	428	-1	0	0	0	
stg5txt.anm	1	436	3	0	12	0	00000000
stg5txt.anm	1	448	6	0	20	0	000060430000504300000000
stg5txt.anm	1	468	8	0	12	0	00000000
stg5txt.anm	1	480	8	600	12	0	00000000
stg5txt.anm	1	492	34	730	20	0	3c00000000000000ff000000
stg5txt.anm	1	512	36	730	24	0	10000000040000000000803f0000803f
stg5txt.anm	1	536	33	970	28	0	7800000000000000500000006000000090000000
stg5txt.anm	1	564	34	1090	20	0	3c0000000000000000000000
stg5txt.anm	1	584	1	1150	8	0	
stg5txt.anm	1	592	-1	0	0	0	
stg5txt.anm	2	600	3	0	12	0	02000000
stg5txt.anm	2	612	6	0	20	0	000070430000864300000000
stg5txt.anm	2	632	8	0	12	0	00000000
stg5txt.anm	2	644	8	600	12	0	00000000
stg5txt.anm	2	656	34	730	20	0	3c00000000000000ff000000
stg5txt.anm	2	676	34	970	20	0	3c0000000000000000000000
stg5txt.anm	2	696	36	970	24	0	10000000040000000000204100000000
stg5txt.anm	2	720	1	1030	8	0	
stg5txt.anm	2	728	-1	0	0	0	
stg5txt.anm	3	736	3	0	12	0	03000000
stg5txt.anm	3	748	6	0	20	0	000008440000e44300000000
stg5txt.anm	3	768	8	0	12	0	00000000
stg5txt.anm	3	780	15	200	16	0	ff0000003c000000
stg5txt.anm	3	796	32	200	28	0	3c00000004000000000090430000e44300000000
stg5txt.anm	3	824	15	500	16	0	000000003c000000
stg5txt.anm	3	840	1	560	8	0	
stg5txt.anm	3	848	-1	0	0	0	
stg6bg.anm	0	336	3	0	12	0	00000000
stg6bg.anm	0	348	31	0	12	0	01000000
stg6bg.anm	0	360	12	0	20	0	00000000db0fc93f00000000
stg6bg.anm	0	380	2	0	8	0	
stg6bg.anm	0	388	-1	0	0	0	
stg6bg.anm	1	396	3	0	12	0	00000000
stg6bg.anm	1	408	31	0	12	0	01000000
stg6bg.anm	1	420	12	0	20	0	00000000db0fc93f00000000
stg6bg.anm	1	440	2	0	8	0	
stg6bg.anm	1	448	-1	0	0	0	
stg6bg.anm	2	456	3	0	12	0	01000000
stg6bg.anm	2	468	31	0	12	0	01000000
stg6bg.anm	2	480	2	0	8	0	
stg6bg.anm	2	488	-1	0	0	0	
stg6bg.anm	3	496	3	0	12	0	02000000
stg6bg.anm	3	508	31	0	12	0	01000000
stg6bg.anm	3	520	25	0	12	0	12000000
stg6bg.anm	3	532	82	0	12	0	01000000
stg6bg.anm	3	544	30	0	12	0	01000000
stg6bg.anm	3	556	8	0	12	0	c0000000
stg6bg.anm	3	568	8	1	12	0	ff000000
stg6bg.anm	3	580	4	2	16	0	3c00000000000000
stg6bg.anm	3	596	-1	0	0	0	
stg6bg.anm	4	604	3	0	12	0	01000000
stg6bg.anm	4	616	31	0	12	0	01000000
stg6bg.anm	4	628	9	0	20	0	180000001800000018000000
stg6bg.anm	4	648	2	0	8	0	
stg6bg.anm	4	656	-1	0	0	0	
stg6bg.anm	5	664	3	0	12	0	04000000
stg6bg.anm	5	676	31	0	12	0	01000000
stg6bg.anm	5	688	2	0	8	0	
stg6bg.anm	5	696	-1	0	0	0	
stg6bg.anm	6	704	3	0	12	0	05000000
stg6bg.anm	6	716	31	0	12	0	01000000
stg6bg.anm	6	728	12	0	20	0	00000000db0fc93f00000000
stg6bg.anm	6	748	2	0	8	0	
stg6bg.anm	6	756	-1	0	0	0	
stg6bg.anm	7	764	3	0	12	0	05000000
stg6bg.anm	7	776	31	0	12	0	01000000
stg6bg.anm	7	788	12	0	20	0	00000000db0fc93f00000000
stg6bg.anm	7	808	2	0	8	0	
stg6bg.anm	7	816	-1	0	0	0	
stg6bg.anm	8	824	3	0	12	0	06000000
stg6bg.anm	8	836	31	0	12	0	01000000
stg6bg.anm	8	848	25	0	12	0	12000000
stg6bg.anm	8	860	82	0	12	0	01000000
stg6bg.anm	8	872	30	0	12	0	01000000
stg6bg.anm	8	884	8	0	12	0	c0000000
stg6bg.anm	8	896	8	1	12	0	ff000000
stg6bg.anm	8	908	4	2	16	0	3c00000000000000
stg6bg.anm	8	924	-1	0	0	0	
stg6bg.anm	9	1049668	3	0	12	0	07000000
stg6bg.anm	9	1049680	22	0	8	0	
stg6bg.anm	9	1049688	6	0	20	0	000000420000804100000000
stg6bg.anm	9	1049708	8	0	12	0	00000000
stg6bg.anm	9	1049720	34	0	20	0	f401000000000000ff000000
stg6bg.anm	9	1049740	80	0	12	0	6f128338
stg6bg.anm	9	1049752	81	0	12	0	6f120338
stg6bg.anm	9	1049764	2	4000	8	0	
stg6bg.anm	9	1049772	-1	0	0	0	
stg6bg.anm	10	1049780	3	0	12	0	07000000
stg6bg.anm	10	1049792	22	0	8	0	
stg6bg.anm	10	1049800	6	0	20	0	000000420000804100000000
stg6bg.anm	10	1049820	33	0	28	0	1400000000000000000000000000000000000000
stg6bg.anm	10	1049848	2	20	8	0	
stg6bg.anm	10	1049856	-1	0	0	0	
stg6bg.anm	11	1049864	3	0	12	0	07000000
stg6bg.anm	11	1049876	22	0	8	0	
stg6bg.anm	11	1049884	6	0	20	0	000000420000804100000000
stg6bg.anm	11	1049904	80	0	12	0	6f128338
stg6bg.anm	11	1049916	81	0	12	0	6f120338
stg6bg.anm	11	1049928	2	4000	8	0	
stg6bg.anm	11	1049936	-1	0	0	0	
stg6bg.anm	12	2098672	3	0	12	0	08000000
stg6bg.anm	12	2098684	22	0	8	0	
stg6bg.anm	12	2098692	6	0	20	0	000000420000804100000000
stg6bg.anm	12	2098712	9	0	20	0	000000000000000000000000
stg6bg.anm	12	2098732	33	0	28	0	1400000000000000ff000000ff000000ff000000
stg6bg.anm	12	2098760	7	0	16	0	0000c03f0000e03f
stg6bg.anm	12	2098776	2	20	8	0	
stg6bg.anm	12	2098784	-1	0	0	0	
stg6bg.anm	13	2098792	3	0	12	0	08000000
stg6bg.anm	13	2098804	22	0	8	0	
stg6bg.anm	13	2098812	6	0	20	0	000000420000804100000000
stg6bg.anm	13	2098832	7	0	16	0	0000c03f0000e03f
stg6bg.anm	13	2098848	33	0	28	0	1400000000000000000000000000000000000000
stg6bg.anm	13	2098876	2	20	8	0	
stg6bg.anm	13	2098884	-1	0	0	0	
stg6bg.anm	14	2361188	3	0	12	0	09000000
stg6bg.anm	14	2361200	22	0	8	0	
stg6bg.anm	14	2361208	6	0	20	0	000000420000804100000000
stg6bg.anm	14	2361228	9	0	20	0	000000000000000000000000
stg6bg.anm	14	2361248	33	0	28	0	1400000000000000ff000000ff000000ff000000
stg6bg.anm	14	2361276	7	0	16	0	0000c03f0000e03f
stg6bg.anm	14	2361292	2	20	8	0	
stg6bg.anm	14	2361300	-1	0	0	0	
stg6bg.anm	15	2361308	3	0	12	0	09000000
stg6bg.anm	15	2361320	22	0	8	0	
stg6bg.anm	15	2361328	6	0	20	0	000000420000804100000000
stg6bg.anm	15	2361348	7	0	16	0	0000c03f0000e03f
stg6bg.anm	15	2361364	33	0	28	0	1400000000000000000000000000000000000000
stg6bg.anm	15	2361392	2	20	8	0	
stg6bg.anm	15	2361400	-1	0	0	0	
stg6bg.anm	16	2623704	3	0	12	0	0a000000
stg6bg.anm	16	2623716	22	0	8	0	
stg6bg.anm	16	2623724	6	0	20	0	000000420000804100000000
stg6bg.anm	16	2623744	9	0	20	0	000000000000000000000000
stg6bg.anm	16	2623764	33	0	28	0	1400000000000000ff000000ff000000ff000000
stg6bg.anm	16	2623792	7	0	16	0	0000c03f0000e03f
stg6bg.anm	16	2623808	2	20	8	0	
stg6bg.anm	16	2623816	-1	0	0	0	
stg6bg.anm	17	2623824	3	0	12	0	0a000000
stg6bg.anm	17	2623836	22	0	8	0	
stg6bg.anm	17	2623844	6	0	20	0	000000420000804100000000
stg6bg.anm	17	2623864	7	0	16	0	0000c03f0000e03f
stg6bg.anm	17	2623880	33	0	28	0	1400000000000000000000000000000000000000
stg6bg.anm	17	2623908	2	20	8	0	
stg6bg.anm	17	2623916	-1	0	0	0	
stg6enm.anm	0	464	24	0	12	0	01000000
stg6enm.anm	0	476	32	0	28	0	280000000400000000000000000080c000000000
stg6enm.anm	0	504	3	0	12	0	00000000
stg6enm.anm	0	516	3	5	12	0	01000000
stg6enm.anm	0	528	3	10	12	0	02000000
stg6enm.anm	0	540	3	15	12	0	03000000
stg6enm.anm	0	552	3	20	12	0	00000000
stg6enm.anm	0	564	3	25	12	0	01000000
stg6enm.anm	0	576	3	30	12	0	02000000
stg6enm.anm	0	588	3	35	12	0	03000000
stg6enm.anm	0	600	3	40	12	0	00000000
stg6enm.anm	0	612	32	40	28	0	2800000004000000000000000000804000000000
stg6enm.anm	0	640	3	45	12	0	01000000
stg6enm.anm	0	652	3	50	12	0	02000000
stg6enm.anm	0	664	3	55	12	0	03000000
stg6enm.anm	0	676	3	60	12	0	00000000
stg6enm.anm	0	688	3	65	12	0	01000000
stg6enm.anm	0	700	3	70	12	0	02000000
stg6enm.anm	0	712	3	75	12	0	03000000
stg6enm.anm	0	724	4	80	16	0	0c00000000000000
stg6enm.anm	0	740	-1	0	0	0	
stg6enm.anm	1	748	10	0	8	0	
stg6enm.anm	1	756	3	0	12	0	04000000
stg6enm.anm	1	768	3	4	12	0	05000000
stg6enm.anm	1	780	3	8	12	0	06000000
stg6enm.anm	1	792	3	12	12	0	07000000
stg6enm.anm	1	804	2	12	8	0	
stg6enm.anm	1	812	-1	0	0	0	
stg6enm.anm	2	820	3	0	12	0	04000000
stg6enm.anm	2	832	3	4	12	0	05000000
stg6enm.anm	2	844	3	8	12	0	06000000
stg6enm.anm	2	856	3	12	12	0	07000000
stg6enm.anm	2	868	2	12	8	0	
stg6enm.anm	2	876	-1	0	0	0	
stg6enm.anm	3	884	24	0	12	0	01000000
stg6enm.anm	3	896	10	0	8	0	
stg6enm.anm	3	904	3	0	12	0	07000000
stg6enm.anm	3	916	3	4	12	0	06000000
stg6enm.anm	3	928	3	8	12	0	05000000
stg6enm.anm	3	940	3	12	12	0	04000000
stg6enm.anm	3	952	32	12	28	0	200000000400000000000000000080c000000000
stg6enm.anm	3	980	3	12	12	0	00000000
stg6enm.anm	3	992	3	16	12	0	01000000
stg6enm.anm	3	1004	3	20	12	0	02000000
stg6enm.anm	3	1016	3	24	12	0	03000000
stg6enm.anm	3	1028	3	28	12	0	00000000
stg6enm.anm	3	1040	3	32	12	0	01000000
stg6enm.anm	3	1052	3	36	12	0	02000000
stg6enm.anm	3	1064	3	40	12	0	03000000
stg6enm.anm	3	1076	3	44	12	0	00000000
stg6enm.anm	3	1088	32	44	28	0	2000000004000000000000000000804000000000
stg6enm.anm	3	1116	3	48	12	0	01000000
stg6enm.anm	3	1128	3	52	12	0	02000000
stg6enm.anm	3	1140	3	56	12	0	03000000
stg6enm.anm	3	1152	3	60	12	0	00000000
stg6enm.anm	3	1164	3	64	12	0	01000000
stg6enm.anm	3	1176	3	68	12	0	02000000
stg6enm.anm	3	1188	3	72	12	0	03000000
stg6enm.anm	3	1200	4	76	16	0	440000000c000000
stg6enm.anm	3	1216	-1	0	0	0	
stg6enm.anm	4	1224	24	0	12	0	01000000
stg6enm.anm	4	1236	3	0	12	0	07000000
stg6enm.anm	4	1248	3	4	12	0	06000000
stg6enm.anm	4	1260	3	8	12	0	05000000
stg6enm.anm	4	1272	3	12	12	0	04000000
stg6enm.anm	4	1284	32	12	28	0	200000000400000000000000000080c000000000
stg6enm.anm	4	1312	3	12	12	0	00000000
stg6enm.anm	4	1324	3	16	12	0	01000000
stg6enm.anm	4	1336	3	20	12	0	02000000
stg6enm.anm	4	1348	3	24	12	0	03000000
stg6enm.anm	4	1360	3	28	12	0	00000000
stg6enm.anm	4	1372	3	32	12	0	01000000
stg6enm.anm	4	1384	3	36	12	0	02000000
stg6enm.anm	4	1396	3	40	12	0	03000000
stg6enm.anm	4	1408	3	44	12	0	00000000
stg6enm.anm	4	1420	32	44	28	0	2000000004000000000000000000804000000000
stg6enm.anm	4	1448	3	48	12	0	01000000
stg6enm.anm	4	1460	3	52	12	0	02000000
stg6enm.anm	4	1472	3	56	12	0	03000000
stg6enm.anm	4	1484	3	60	12	0	00000000
stg6enm.anm	4	1496	3	64	12	0	01000000
stg6enm.anm	4	1508	3	68	12	0	02000000
stg6enm.anm	4	1520	3	72	12	0	03000000
stg6enm.anm	4	1532	4	76	16	0	3c0000000c000000
stg6enm.anm	4	1548	-1	0	0	0	
stg6enm.anm	5	1556	24	0	12	0	01000000
stg6enm.anm	5	1568	3	0	12	0	08000000
stg6enm.anm	5	1580	3	2	12	0	09000000
stg6enm.anm	5	1592	3	4	12	0	0a000000
stg6enm.anm	5	1604	3	6	12	0	0b000000
stg6enm.anm	5	1616	4	46	16	0	3c00000006000000
stg6enm.anm	5	1632	-1	0	0	0	
stg6enm.anm	6	1640	24	0	12	0	01000000
stg6enm.anm	6	1652	3	0	12	0	0c000000
stg6enm.anm	6	1664	7	0	16	0	0000a04100000000
stg6enm.anm	6	1680	8	0	12	0	00000000
stg6enm.anm	6	1692	34	60	20	0	0f00000004000000ff000000
stg6enm.anm	6	1712	36	60	24	0	0f000000040000000000803f0000803f
stg6enm.anm	6	1736	32	60	28	0	3c0000000400000000000000000080c000000000
stg6enm.anm	6	1764	32	120	28	0	3c00000004000000000000000000804000000000
stg6enm.anm	6	1792	4	180	16	0	600000003c000000
stg6enm.anm	6	1808	-1	0	0	0	
stg6txt.anm	0	296	3	0	12	0	01000000
stg6txt.anm	0	308	6	0	20	0	000000430000304300000000
stg6txt.anm	0	328	8	0	12	0	00000000
stg6txt.anm	0	340	8	660	12	0	00000000
stg6txt.anm	0	352	34	790	20	0	3c00000000000000ff000000
stg6txt.anm	0	372	36	790	24	0	10000000040000000000803f0000803f
stg6txt.anm	0	396	33	1030	28	0	7800000000000000500000006000000090000000
stg6txt.anm	0	424	34	1150	20	0	3c0000000000000000000000
stg6txt.anm	0	444	1	1210	8	0	
stg6txt.anm	0	452	-1	0	0	0	
stg6txt.anm	1	460	3	0	12	0	00000000
stg6txt.anm	1	472	6	0	20	0	000060430000504300000000
stg6txt.anm	1	492	8	0	12	0	00000000
stg6txt.anm	1	504	8	660	12	0	00000000
stg6txt.anm	1	516	34	790	20	0	3c00000000000000ff000000
stg6txt.anm	1	536	36	790	24	0	10000000040000000000803f0000803f
stg6txt.anm	1	560	33	1030	28	0	7800000000000000500000006000000090000000
stg6txt.anm	1	588	34	1150	20	0	3c0000000000000000000000
stg6txt.anm	1	608	1	1210	8	0	
stg6txt.anm	1	616	-1	0	0	0	
stg6txt.anm	2	624	3	0	12	0	02000000
stg6txt.anm	2	636	6	0	20	0	000070430000864300000000
stg6txt.anm	2	656	8	0	12	0	00000000
stg6txt.anm	2	668	8	660	12	0	00000000
stg6txt.anm	2	680	34	790	20	0	3c00000000000000ff000000
stg6txt.anm	2	700	34	1030	20	0	3c0000000000000000000000
stg6txt.anm	2	720	36	1030	24	0	10000000040000000000204100000000
stg6txt.anm	2	744	1	1090	8	0	
stg6txt.anm	2	752	-1	0	0	0	
stg6txt.anm	3	760	3	0	12	0	03000000
stg6txt.anm	3	772	6	0	20	0	000008440000e44300000000
stg6txt.anm	3	792	8	0	12	0	00000000
stg6txt.anm	3	804	15	200	16	0	ff0000003c000000
stg6txt.anm	3	820	32	200	28	0	3c00000004000000000090430000e44300000000
stg6txt.anm	3	848	15	500	16	0	000000003c000000
stg6txt.anm	3	864	1	560	8	0	
stg6txt.anm	3	872	-1	0	0	0	
stg7bg.anm	0	336	3	0	12	0	00000000
stg7bg.anm	0	348	31	0	12	0	01000000
stg7bg.anm	0	360	12	0	20	0	00000000db0fc93f00000000
stg7bg.anm	0	380	2	0	8	0	
stg7bg.anm	0	388	-1	0	0	0	
stg7bg.anm	1	396	3	0	12	0	00000000
stg7bg.anm	1	408	31	0	12	0	01000000
stg7bg.anm	1	420	12	0	20	0	00000000db0fc93f00000000
stg7bg.anm	1	440	2	0	8	0	
stg7bg.anm	1	448	-1	0	0	0	
stg7bg.anm	2	456	3	0	12	0	01000000
stg7bg.anm	2	468	31	0	12	0	01000000
stg7bg.anm	2	480	2	0	8	0	
stg7bg.anm	2	488	-1	0	0	0	
stg7bg.anm	3	496	3	0	12	0	02000000
stg7bg.anm	3	508	31	0	12	0	01000000
stg7bg.anm	3	520	25	0	12	0	12000000
stg7bg.anm	3	532	82	0	12	0	01000000
stg7bg.anm	3	544	30	0	12	0	01000000
stg7bg.anm	3	556	8	0	12	0	c0000000
stg7bg.anm	3	568	8	1	12	0	ff000000
stg7bg.anm	3	580	4	2	16	0	3c00000000000000
stg7bg.anm	3	596	-1	0	0	0	
stg7bg.anm	4	604	3	0	12	0	01000000
stg7bg.anm	4	616	31	0	12	0	01000000
stg7bg.anm	4	628	9	0	20	0	180000001800000018000000
stg7bg.anm	4	648	2	0	8	0	
stg7bg.anm	4	656	-1	0	0	0	
stg7bg.anm	5	664	3	0	12	0	04000000
stg7bg.anm	5	676	31	0	12	0	01000000
stg7bg.anm	5	688	2	0	8	0	
stg7bg.anm	5	696	-1	0	0	0	
stg7bg.anm	6	704	3	0	12	0	05000000
stg7bg.anm	6	716	31	0	12	0	01000000
stg7bg.anm	6	728	12	0	20	0	00000000db0fc93f00000000
stg7bg.anm	6	748	2	0	8	0	
stg7bg.anm	6	756	-1	0	0	0	
stg7bg.anm	7	764	3	0	12	0	05000000
stg7bg.anm	7	776	31	0	12	0	01000000
stg7bg.anm	7	788	12	0	20	0	00000000db0fc93f00000000
stg7bg.anm	7	808	2	0	8	0	
stg7bg.anm	7	816	-1	0	0	0	
stg7bg.anm	8	824	3	0	12	0	06000000
stg7bg.anm	8	836	31	0	12	0	01000000
stg7bg.anm	8	848	25	0	12	0	12000000
stg7bg.anm	8	860	82	0	12	0	01000000
stg7bg.anm	8	872	30	0	12	0	01000000
stg7bg.anm	8	884	8	0	12	0	c0000000
stg7bg.anm	8	896	8	1	12	0	ff000000
stg7bg.anm	8	908	4	2	16	0	3c00000000000000
stg7bg.anm	8	924	-1	0	0	0	
stg7bg.anm	9	1049660	3	0	12	0	07000000
stg7bg.anm	9	1049672	22	0	8	0	
stg7bg.anm	9	1049680	6	0	20	0	000000420000804100000000
stg7bg.anm	9	1049700	8	0	12	0	00000000
stg7bg.anm	9	1049712	34	0	20	0	f401000000000000ff000000
stg7bg.anm	9	1049732	80	0	12	0	6f1203b8
stg7bg.anm	9	1049744	2	4000	8	0	
stg7bg.anm	9	1049752	-1	0	0	0	
stg7bg.anm	10	1049760	3	0	12	0	07000000
stg7bg.anm	10	1049772	22	0	8	0	
stg7bg.anm	10	1049780	6	0	20	0	000000420000804100000000
stg7bg.anm	10	1049800	80	0	12	0	6f1203b8
stg7bg.anm	10	1049812	2	4000	8	0	
stg7bg.anm	10	1049820	-1	0	0	0	
stg7bg.anm	11	2098548	3	0	12	0	08000000
stg7bg.anm	11	2098560	16	0	12	0	01000000
stg7bg.anm	11	2098572	8	0	12	0	00000000
stg7bg.anm	11	2098584	34	0	20	0	0f00000000000000aa000000
stg7bg.anm	11	2098604	9	0	20	0	8000000020000000ff000000
stg7bg.anm	11	2098624	80	0	12	0	0ad7233b
stg7bg.anm	11	2098636	37	0	16	1	1027000078000000
stg7bg.anm	11	2098652	37	0	16	1	1127000001000000
stg7bg.anm	11	2098668	38	0	16	1	00541c4600003c43
stg7bg.anm	11	2098684	7	0	16	0	000034430000803f
stg7bg.anm	11	2098700	6	0	20	0	000000430000344300000000
stg7bg.anm	11	2098720	32	0	28	0	a00f000000000000000040430000344300000000
stg7bg.anm	11	2098748	13	0	20	0	00000000000000002ee34dba
stg7bg.anm	11	2098768	4	10000	16	0	dc00000000000000
stg7bg.anm	11	2098784	21	10000	12	0	02000000
stg7bg.anm	11	2098796	34	10260	20	0	7800000000000000ff000000
stg7bg.anm	11	2098816	33	10260	28	0	7800000000000000ff0000002000000020000000
stg7bg.anm	11	2098844	37	10260	16	1	1827000078000000
stg7bg.anm	11	2098860	38	10260	16	1	00581c460000c843
stg7bg.anm	11	2098876	56	10260	20	5	005c1c460000803f00581c46
stg7bg.anm	11	2098896	80	10260	12	1	005c1c46
stg7bg.anm	11	2098908	42	10260	16	1	00581c4600002040
stg7bg.anm	11	2098924	5	10261	20	1	182700004801000014280000
stg7bg.anm	11	2098944	4	20261	16	0	8c01000015280000
stg7bg.anm	11	2098960	-1	0	0	0	
stg7bg.anm	12	2230184	3	0	12	0	09000000
stg7bg.anm	12	2230196	16	0	12	0	01000000
stg7bg.anm	12	2230208	8	0	12	0	00000000
stg7bg.anm	12	2230220	34	0	20	0	0f00000000000000aa000000
stg7bg.anm	12	2230240	9	0	20	0	8000000020000000ff000000
stg7bg.anm	12	2230260	80	0	12	0	0ad7233b
stg7bg.anm	12	2230272	37	0	16	1	1027000078000000
stg7bg.anm	12	2230288	37	0	16	1	1127000001000000
stg7bg.anm	12	2230304	38	0	16	1	00541c4600003c43
stg7bg.anm	12	2230320	7	0	16	0	000034430000803f
stg7bg.anm	12	2230336	21	0	12	0	02000000
stg7bg.anm	12	2230348	34	260	20	0	7800000000000000ff000000
stg7bg.anm	12	2230368	33	260	28	0	7800000000000000ff0000002000000020000000
stg7bg.anm	12	2230396	37	260	16	1	1827000078000000
stg7bg.anm	12	2230412	38	260	16	1	00581c460000c843
stg7bg.anm	12	2230428	56	260	20	5	005c1c460000803f00581c46
stg7bg.anm	12	2230448	80	260	12	1	005c1c46
stg7bg.anm	12	2230460	42	260	16	1	00581c4600002040
stg7bg.anm	12	2230476	5	261	20	1	18270000f400000004010000
stg7bg.anm	12	2230496	4	10261	16	0	3801000005010000
stg7bg.anm	12	2230512	21	10261	12	0	03000000
stg7bg.anm	12	2230524	34	10521	20	0	7800000000000000ff000000
stg7bg.anm	12	2230544	33	10521	28	0	7800000000000000ff0000002000000020000000
stg7bg.anm	12	2230572	37	10521	16	1	1827000078000000
stg7bg.anm	12	2230588	38	10521	16	1	00581c460000c842
stg7bg.anm	12	2230604	56	10521	20	5	005c1c460000803f00581c46
stg7bg.anm	12	2230624	80	10521	12	1	005c1c46
stg7bg.anm	12	2230636	40	10521	16	1	00581c4600008040
stg7bg.anm	12	2230652	5	10522	20	1	18270000a401000019290000
stg7bg.anm	12	2230672	37	10522	16	1	1827000078000000
stg7bg.anm	12	2230688	38	10522	16	1	00581c4600001144
stg7bg.anm	12	2230704	56	10522	20	5	005c1c460000803f00581c46
stg7bg.anm	12	2230724	52	10522	20	5	005c1c4600000000005c1c46
stg7bg.anm	12	2230744	80	10522	12	1	005c1c46
stg7bg.anm	12	2230756	42	10522	16	1	00581c4600008040
stg7bg.anm	12	2230772	5	10523	20	1	18270000080200001a290000
stg7bg.anm	12	2230792	4	20523	16	0	600200001b290000
stg7bg.anm	12	2230808	21	20523	12	0	04000000
stg7bg.anm	12	2230820	34	20783	20	0	7800000000000000ff000000
stg7bg.anm	12	2230840	33	20783	28	0	7800000000000000ff00000020000000ff000000
stg7bg.anm	12	2230868	4	30783	16	0	ac0200002f510000
stg7bg.anm	12	2230884	-1	0	0	0	
stg7enm.anm	0	464	24	0	12	0	01000000
stg7enm.anm	0	476	32	0	28	0	280000000400000000000000000080c000000000
stg7enm.anm	0	504	3	0	12	0	00000000
stg7enm.anm	0	516	3	5	12	0	01000000
stg7enm.anm	0	528	3	10	12	0	02000000
stg7enm.anm	0	540	3	15	12	0	03000000
stg7enm.anm	0	552	3	20	12	0	00000000
stg7enm.anm	0	564	3	25	12	0	01000000
stg7enm.anm	0	576	3	30	12	0	02000000
stg7enm.anm	0	588	3	35	12	0	03000000
stg7enm.anm	0	600	3	40	12	0	00000000
stg7enm.anm	0	612	32	40	28	0	2800000004000000000000000000804000000000
stg7enm.anm	0	640	3	45	12	0	01000000
stg7enm.anm	0	652	3	50	12	0	02000000
stg7enm.anm	0	664	3	55	12	0	03000000
stg7enm.anm	0	676	3	60	12	0	00000000
stg7enm.anm	0	688	3	65	12	0	01000000
stg7enm.anm	0	700	3	70	12	0	02000000
stg7enm.anm	0	712	3	75	12	0	03000000
stg7enm.anm	0	724	4	80	16	0	0c00000000000000
stg7enm.anm	0	740	-1	0	0	0	
stg7enm.anm	1	748	10	0	8	0	
stg7enm.anm	1	756	3	0	12	0	04000000
stg7enm.anm	1	768	3	4	12	0	05000000
stg7enm.anm	1	780	3	8	12	0	06000000
stg7enm.anm	1	792	3	12	12	0	07000000
stg7enm.anm	1	804	2	12	8	0	
stg7enm.anm	1	812	-1	0	0	0	
stg7enm.anm	2	820	3	0	12	0	04000000
stg7enm.anm	2	832	3	4	12	0	05000000
stg7enm.anm	2	844	3	8	12	0	06000000
stg7enm.anm	2	856	3	12	12	0	07000000
stg7enm.anm	2	868	2	12	8	0	
stg7enm.anm	2	876	-1	0	0	0	
stg7enm.anm	3	884	24	0	12	0	01000000
stg7enm.anm	3	896	10	0	8	0	
stg7enm.anm	3	904	3	0	12	0	07000000
stg7enm.anm	3	916	3	4	12	0	06000000
stg7enm.anm	3	928	3	8	12	0	05000000
stg7enm.anm	3	940	3	12	12	0	04000000
stg7enm.anm	3	952	32	12	28	0	200000000400000000000000000080c000000000
stg7enm.anm	3	980	3	12	12	0	00000000
stg7enm.anm	3	992	3	16	12	0	01000000
stg7enm.anm	3	1004	3	20	12	0	02000000
stg7enm.anm	3	1016	3	24	12	0	03000000
stg7enm.anm	3	1028	3	28	12	0	00000000
stg7enm.anm	3	1040	3	32	12	0	01000000
stg7enm.anm	3	1052	3	36	12	0	02000000
stg7enm.anm	3	1064	3	40	12	0	03000000
stg7enm.anm	3	1076	3	44	12	0	00000000
stg7enm.anm	3	1088	32	44	28	0	2000000004000000000000000000804000000000
stg7enm.anm	3	1116	3	48	12	0	01000000
stg7enm.anm	3	1128	3	52	12	0	02000000
stg7enm.anm	3	1140	3	56	12	0	03000000
stg7enm.anm	3	1152	3	60	12	0	00000000
stg7enm.anm	3	1164	3	64	12	0	01000000
stg7enm.anm	3	1176	3	68	12	0	02000000
stg7enm.anm	3	1188	3	72	12	0	03000000
stg7enm.anm	3	1200	4	76	16	0	440000000c000000
stg7enm.anm	3	1216	-1	0	0	0	
stg7enm.anm	4	1224	24	0	12	0	01000000
stg7enm.anm	4	1236	3	0	12	0	07000000
stg7enm.anm	4	1248	3	4	12	0	06000000
stg7enm.anm	4	1260	3	8	12	0	05000000
stg7enm.anm	4	1272	3	12	12	0	04000000
stg7enm.anm	4	1284	32	12	28	0	200000000400000000000000000080c000000000
stg7enm.anm	4	1312	3	12	12	0	00000000
stg7enm.anm	4	1324	3	16	12	0	01000000
stg7enm.anm	4	1336	3	20	12	0	02000000
stg7enm.anm	4	1348	3	24	12	0	03000000
stg7enm.anm	4	1360	3	28	12	0	00000000
stg7enm.anm	4	1372	3	32	12	0	01000000
stg7enm.anm	4	1384	3	36	12	0	02000000
stg7enm.anm	4	1396	3	40	12	0	03000000
stg7enm.anm	4	1408	3	44	12	0	00000000
stg7enm.anm	4	1420	32	44	28	0	2000000004000000000000000000804000000000
stg7enm.anm	4	1448	3	48	12	0	01000000
stg7enm.anm	4	1460	3	52	12	0	02000000
stg7enm.anm	4	1472	3	56	12	0	03000000
stg7enm.anm	4	1484	3	60	12	0	00000000
stg7enm.anm	4	1496	3	64	12	0	01000000
stg7enm.anm	4	1508	3	68	12	0	02000000
stg7enm.anm	4	1520	3	72	12	0	03000000
stg7enm.anm	4	1532	4	76	16	0	3c0000000c000000
stg7enm.anm	4	1548	-1	0	0	0	
stg7enm.anm	5	1556	24	0	12	0	01000000
stg7enm.anm	5	1568	3	0	12	0	08000000
stg7enm.anm	5	1580	3	2	12	0	09000000
stg7enm.anm	5	1592	3	4	12	0	0a000000
stg7enm.anm	5	1604	3	6	12	0	0b000000
stg7enm.anm	5	1616	4	46	16	0	3c00000006000000
stg7enm.anm	5	1632	-1	0	0	0	
stg7enm.anm	6	1640	24	0	12	0	01000000
stg7enm.anm	6	1652	3	0	12	0	0c000000
stg7enm.anm	6	1664	7	0	16	0	0000a04100000000
stg7enm.anm	6	1680	8	0	12	0	00000000
stg7enm.anm	6	1692	34	60	20	0	1900000004000000ff000000
stg7enm.anm	6	1712	36	60	24	0	19000000040000000000803f0000803f
stg7enm.anm	6	1736	32	60	28	0	3c0000000400000000000000000080c000000000
stg7enm.anm	6	1764	32	120	28	0	3c00000004000000000000000000804000000000
stg7enm.anm	6	1792	4	180	16	0	600000003c000000
stg7enm.anm	6	1808	-1	0	0	0	
stg7enm.anm	7	133336	24	0	12	0	01000000
stg7enm.anm	7	133348	32	0	28	0	280000000400000000000000000080c000000000
stg7enm.anm	7	133376	3	0	12	0	0d000000
stg7enm.anm	7	133388	3	5	12	0	0e000000
stg7enm.anm	7	133400	3	10	12	0	0f000000
stg7enm.anm	7	133412	3	15	12	0	10000000
stg7enm.anm	7	133424	3	20	12	0	0d000000
stg7enm.anm	7	133436	3	25	12	0	0e000000
stg7enm.anm	7	133448	3	30	12	0	0f000000
stg7enm.anm	7	133460	3	35	12	0	10000000
stg7enm.anm	7	133472	3	40	12	0	0d000000
stg7enm.anm	7	133484	32	40	28	0	2800000004000000000000000000804000000000
stg7enm.anm	7	133512	3	45	12	0	0e000000
stg7enm.anm	7	133524	3	50	12	0	0f000000
stg7enm.anm	7	133536	3	55	12	0	10000000
stg7enm.anm	7	133548	3	60	12	0	0d000000
stg7enm.anm	7	133560	3	65	12	0	0e000000
stg7enm.anm	7	133572	3	70	12	0	0f000000
stg7enm.anm	7	133584	3	75	12	0	10000000
stg7enm.anm	7	133596	4	80	16	0	0c00000000000000
stg7enm.anm	7	133612	-1	0	0	0	
stg7enm.anm	8	133620	10	0	8	0	
stg7enm.anm	8	133628	3	0	12	0	11000000
stg7enm.anm	8	133640	3	4	12	0	12000000
stg7enm.anm	8	133652	3	8	12	0	13000000
stg7enm.anm	8	133664	3	12	12	0	14000000
stg7enm.anm	8	133676	2	12	8	0	
stg7enm.anm	8	133684	-1	0	0	0	
stg7enm.anm	9	133692	3	0	12	0	11000000
stg7enm.anm	9	133704	3	4	12	0	12000000
stg7enm.anm	9	133716	3	8	12	0	13000000
stg7enm.anm	9	133728	3	12	12	0	14000000
stg7enm.anm	9	133740	2	12	8	0	
stg7enm.anm	9	133748	-1	0	0	0	
stg7enm.anm	10	133756	24	0	12	0	01000000
stg7enm.anm	10	133768	10	0	8	0	
stg7enm.anm	10	133776	3	0	12	0	14000000
stg7enm.anm	10	133788	3	4	12	0	13000000
stg7enm.anm	10	133800	3	8	12	0	12000000
stg7enm.anm	10	133812	3	12	12	0	11000000
stg7enm.anm	10	133824	32	12	28	0	200000000400000000000000000080c000000000
stg7enm.anm	10	133852	3	12	12	0	0d000000
stg7enm.anm	10	133864	3	16	12	0	0e000000
stg7enm.anm	10	133876	3	20	12	0	0f000000
stg7enm.anm	10	133888	3	24	12	0	10000000
stg7enm.anm	10	133900	3	28	12	0	0d000000
stg7enm.anm	10	133912	3	32	12	0	0e000000
stg7enm.anm	10	133924	3	36	12	0	0f000000
stg7enm.anm	10	133936	3	40	12	0	10000000
stg7enm.anm	10	133948	3	44	12	0	0d000000
stg7enm.anm	10	133960	32	44	28	0	2000000004000000000000000000804000000000
stg7enm.anm	10	133988	3	48	12	0	0e000000
stg7enm.anm	10	134000	3	52	12	0	0f000000
stg7enm.anm	10	134012	3	56	12	0	10000000
stg7enm.anm	10	134024	3	60	12	0	0d000000
stg7enm.anm	10	134036	3	64	12	0	0e000000
stg7enm.anm	10	134048	3	68	12	0	0f000000
stg7enm.anm	10	134060	3	72	12	0	10000000
stg7enm.anm	10	134072	4	76	16	0	440000000c000000
stg7enm.anm	10	134088	-1	0	0	0	
stg7enm.anm	11	134096	24	0	12	0	01000000
stg7enm.anm	11	134108	3	0	12	0	14000000
stg7enm.anm	11	134120	3	4	12	0	13000000
stg7enm.anm	11	134132	3	8	12	0	12000000
stg7enm.anm	11	134144	3	12	12	0	11000000
stg7enm.anm	11	134156	32	12	28	0	200000000400000000000000000080c000000000
stg7enm.anm	11	134184	3	12	12	0	0d000000
stg7enm.anm	11	134196	3	16	12	0	0e000000
stg7enm.anm	11	134208	3	20	12	0	0f000000
stg7enm.anm	11	134220	3	24	12	0	10000000
stg7enm.anm	11	134232	3	28	12	0	0d000000
stg7enm.anm	11	134244	3	32	12	0	0e000000
stg7enm.anm	11	134256	3	36	12	0	0f000000
stg7enm.anm	11	134268	3	40	12	0	10000000
stg7enm.anm	11	134280	3	44	12	0	0d000000
stg7enm.anm	11	134292	32	44	28	0	2000000004000000000000000000804000000000
stg7enm.anm	11	134320	3	48	12	0	0e000000
stg7enm.anm	11	134332	3	52	12	0	0f000000
stg7enm.anm	11	134344	3	56	12	0	10000000
stg7enm.anm	11	134356	3	60	12	0	0d000000
stg7enm.anm	11	134368	3	64	12	0	0e000000
stg7enm.anm	11	134380	3	68	12	0	0f000000
stg7enm.anm	11	134392	3	72	12	0	10000000
stg7enm.anm	11	134404	4	76	16	0	3c0000000c000000
stg7enm.anm	11	134420	-1	0	0	0	
stg7enm.anm	12	134428	24	0	12	0	01000000
stg7enm.anm	12	134440	3	0	12	0	15000000
stg7enm.anm	12	134452	3	2	12	0	16000000
stg7enm.anm	12	134464	3	4	12	0	17000000
stg7enm.anm	12	134476	3	6	12	0	18000000
stg7enm.anm	12	134488	4	46	16	0	3c00000006000000
stg7enm.anm	12	134504	-1	0	0	0	
stg7txt.anm	0	296	3	0	12	0	01000000
stg7txt.anm	0	308	6	0	20	0	000000430000304300000000
stg7txt.anm	0	328	8	0	12	0	00000000
stg7txt.anm	0	340	8	660	12	0	00000000
stg7txt.anm	0	352	34	790	20	0	3c00000000000000ff000000
stg7txt.anm	0	372	36	790	24	0	10000000040000000000803f0000803f
stg7txt.anm	0	396	33	1030	28	0	7800000000000000500000006000000090000000
stg7txt.anm	0	424	34	1150	20	0	3c0000000000000000000000
stg7txt.anm	0	444	1	1210	8	0	
stg7txt.anm	0	452	-1	0	0	0	
stg7txt.anm	1	460	3	0	12	0	00000000
stg7txt.anm	1	472	6	0	20	0	000060430000504300000000
stg7txt.anm	1	492	8	0	12	0	00000000
stg7txt.anm	1	504	8	660	12	0	00000000
stg7txt.anm	1	516	34	790	20	0	3c00000000000000ff000000
stg7txt.anm	1	536	36	790	24	0	10000000040000000000803f0000803f
stg7txt.anm	1	560	33	1030	28	0	7800000000000000500000006000000090000000
stg7txt.anm	1	588	34	1150	20	0	3c0000000000000000000000
stg7txt.anm	1	608	1	1210	8	0	
stg7txt.anm	1	616	-1	0	0	0	
stg7txt.anm	2	624	3	0	12	0	02000000
stg7txt.anm	2	636	6	0	20	0	000070430000864300000000
stg7txt.anm	2	656	8	0	12	0	00000000
stg7txt.anm	2	668	8	660	12	0	00000000
stg7txt.anm	2	680	34	790	20	0	3c00000000000000ff000000
stg7txt.anm	2	700	34	1030	20	0	3c0000000000000000000000
stg7txt.anm	2	720	36	1030	24	0	10000000040000000000204100000000
stg7txt.anm	2	744	1	1090	8	0	
stg7txt.anm	2	752	-1	0	0	0	
stg7txt.anm	3	760	3	0	12	0	03000000
stg7txt.anm	3	772	6	0	20	0	000008440000e44300000000
stg7txt.anm	3	792	8	0	12	0	00000000
stg7txt.anm	3	804	15	200	16	0	ff0000003c000000
stg7txt.anm	3	820	32	200	28	0	3c00000004000000000090430000e44300000000
stg7txt.anm	3	848	15	500	16	0	000000003c000000
stg7txt.anm	3	864	1	560	8	0	
stg7txt.anm	3	872	-1	0	0	0	
stg8bg.anm	0	224	3	0	12	0	00000000
stg8bg.anm	0	236	31	0	12	0	01000000
stg8bg.anm	0	248	22	0	8	0	
stg8bg.anm	0	256	4	10000	16	0	2000000000000000
stg8bg.anm	0	272	1	10000	8	0	
stg8bg.anm	0	280	-1	0	0	0	
stg8bg.anm	1	288	3	0	12	0	01000000
stg8bg.anm	1	300	31	0	12	0	01000000
stg8bg.anm	1	312	25	0	12	0	02000000
stg8bg.anm	1	324	2	0	8	0	
stg8bg.anm	1	332	-1	0	0	0	
stg8bg.anm	2	340	3	0	12	0	02000000
stg8bg.anm	2	352	31	0	12	0	01000000
stg8bg.anm	2	364	25	0	12	0	02000000
stg8bg.anm	2	376	2	0	8	0	
stg8bg.anm	2	384	-1	0	0	0	
stg8bg.anm	3	392	3	0	12	0	03000000
stg8bg.anm	3	404	31	0	12	0	01000000
stg8bg.anm	3	416	25	0	12	0	02000000
stg8bg.anm	3	428	2	0	8	0	
stg8bg.anm	3	436	-1	0	0	0	
stg8bg.anm	4	524900	3	0	12	0	04000000
stg8bg.anm	4	524912	22	0	8	0	
stg8bg.anm	4	524920	6	0	20	0	000000420000804100000000
stg8bg.anm	4	524940	8	0	12	0	00000000
stg8bg.anm	4	524952	34	4562	20	0	c800000000000000ff000000
stg8bg.anm	4	524972	80	4562	12	0	6f120338
stg8bg.anm	4	524984	2	8562	8	0	
stg8bg.anm	4	524992	-1	0	0	0	
stg8bg.anm	5	525000	3	0	12	0	04000000
stg8bg.anm	5	525012	9	0	20	0	500000005000000050000000
stg8bg.anm	5	525032	8	0	12	0	ff000000
stg8bg.anm	5	525044	34	4562	20	0	580200000000000000000000
stg8bg.anm	5	525064	9	4562	20	0	ff000000ff000000ff000000
stg8bg.anm	5	525084	2	10562	8	0	
stg8bg.anm	5	525092	-1	0	0	0	
stg8bg.anm	6	525100	3	0	12	0	04000000
stg8bg.anm	6	525112	22	0	8	0	
stg8bg.anm	6	525120	6	0	20	0	000000420000804100000000
stg8bg.anm	6	525140	8	0	12	0	ff000000
stg8bg.anm	6	525152	80	0	12	0	6f120338
stg8bg.anm	6	525164	2	4000	8	0	
stg8bg.anm	6	525172	-1	0	0	0	
stg8bg.anm	7	525180	3	0	12	0	04000000
stg8bg.anm	7	525192	9	0	20	0	000000000000000000000000
stg8bg.anm	7	525212	8	0	12	0	00000000
stg8bg.anm	7	525224	2	6000	8	0	
stg8bg.anm	7	525232	-1	0	0	0	
stg8enm.anm	0	432	24	0	12	0	01000000
stg8enm.anm	0	444	32	0	28	0	280000000400000000000000000080c000000000
stg8enm.anm	0	472	3	0	12	0	00000000
stg8enm.anm	0	484	3	5	12	0	01000000
stg8enm.anm	0	496	3	10	12	0	02000000
stg8enm.anm	0	508	3	15	12	0	03000000
stg8enm.anm	0	520	3	20	12	0	00000000
stg8enm.anm	0	532	3	25	12	0	01000000
stg8enm.anm	0	544	3	30	12	0	02000000
stg8enm.anm	0	556	3	35	12	0	03000000
stg8enm.anm	0	568	3	40	12	0	00000000
stg8enm.anm	0	580	32	40	28	0	2800000004000000000000000000804000000000
stg8enm.anm	0	608	3	45	12	0	01000000
stg8enm.anm	0	620	3	50	12	0	02000000
stg8enm.anm	0	632	3	55	12	0	03000000
stg8enm.anm	0	644	3	60	12	0	00000000
stg8enm.anm	0	656	3	65	12	0	01000000
stg8enm.anm	0	668	3	70	12	0	02000000
stg8enm.anm	0	680	3	75	12	0	03000000
stg8enm.anm	0	692	4	80	16	0	0c00000000000000
stg8enm.anm	0	708	-1	0	0	0	
stg8enm.anm	1	716	10	0	8	0	
stg8enm.anm	1	724	3	0	12	0	04000000
stg8enm.anm	1	736	3	4	12	0	05000000
stg8enm.anm	1	748	3	8	12	0	06000000
stg8enm.anm	1	760	3	12	12	0	07000000
stg8enm.anm	1	772	2	12	8	0	
stg8enm.anm	1	780	-1	0	0	0	
stg8enm.anm	2	788	3	0	12	0	04000000
stg8enm.anm	2	800	3	4	12	0	05000000
stg8enm.anm	2	812	3	8	12	0	06000000
stg8enm.anm	2	824	3	12	12	0	07000000
stg8enm.anm	2	836	2	12	8	0	
stg8enm.anm	2	844	-1	0	0	0	
stg8enm.anm	3	852	24	0	12	0	01000000
stg8enm.anm	3	864	10	0	8	0	
stg8enm.anm	3	872	3	0	12	0	07000000
stg8enm.anm	3	884	3	4	12	0	06000000
stg8enm.anm	3	896	3	8	12	0	05000000
stg8enm.anm	3	908	3	12	12	0	04000000
stg8enm.anm	3	920	32	12	28	0	380000000400000000000000000080c000000000
stg8enm.anm	3	948	3	12	12	0	00000000
stg8enm.anm	3	960	3	19	12	0	01000000
stg8enm.anm	3	972	3	26	12	0	02000000
stg8enm.anm	3	984	3	33	12	0	03000000
stg8enm.anm	3	996	3	40	12	0	00000000
stg8enm.anm	3	1008	3	47	12	0	01000000
stg8enm.anm	3	1020	3	54	12	0	02000000
stg8enm.anm	3	1032	3	61	12	0	03000000
stg8enm.anm	3	1044	3	68	12	0	00000000
stg8enm.anm	3	1056	32	68	28	0	3800000004000000000000000000804000000000
stg8enm.anm	3	1084	3	75	12	0	01000000
stg8enm.anm	3	1096	3	82	12	0	02000000
stg8enm.anm	3	1108	3	89	12	0	03000000
stg8enm.anm	3	1120	3	96	12	0	00000000
stg8enm.anm	3	1132	3	103	12	0	01000000
stg8enm.anm	3	1144	3	110	12	0	02000000
stg8enm.anm	3	1156	3	117	12	0	03000000
stg8enm.anm	3	1168	4	124	16	0	440000000c000000
stg8enm.anm	3	1184	-1	0	0	0	
stg8enm.anm	4	1192	24	0	12	0	01000000
stg8enm.anm	4	1204	3	0	12	0	07000000
stg8enm.anm	4	1216	3	4	12	0	06000000
stg8enm.anm	4	1228	3	8	12	0	05000000
stg8enm.anm	4	1240	3	12	12	0	04000000
stg8enm.anm	4	1252	32	12	28	0	380000000400000000000000000080c000000000
stg8enm.anm	4	1280	3	12	12	0	00000000
stg8enm.anm	4	1292	3	19	12	0	01000000
stg8enm.anm	4	1304	3	26	12	0	02000000
stg8enm.anm	4	1316	3	33	12	0	03000000
stg8enm.anm	4	1328	3	40	12	0	00000000
stg8enm.anm	4	1340	3	47	12	0	01000000
stg8enm.anm	4	1352	3	54	12	0	02000000
stg8enm.anm	4	1364	3	61	12	0	03000000
stg8enm.anm	4	1376	3	68	12	0	00000000
stg8enm.anm	4	1388	32	68	28	0	3800000004000000000000000000804000000000
stg8enm.anm	4	1416	3	75	12	0	01000000
stg8enm.anm	4	1428	3	82	12	0	02000000
stg8enm.anm	4	1440	3	89	12	0	03000000
stg8enm.anm	4	1452	3	96	12	0	00000000
stg8enm.anm	4	1464	3	103	12	0	01000000
stg8enm.anm	4	1476	3	110	12	0	02000000
stg8enm.anm	4	1488	3	117	12	0	03000000
stg8enm.anm	4	1500	4	124	16	0	3c0000000c000000
stg8enm.anm	4	1516	-1	0	0	0	
stg8enm.anm	5	1524	3	0	12	0	08000000
stg8enm.anm	5	1536	3	6	12	0	09000000
stg8enm.anm	5	1548	3	10	12	0	0a000000
stg8enm.anm	5	1560	3	16	12	0	0b000000
stg8enm.anm	5	1572	4	4016	16	0	240000000a000000
stg8enm.anm	5	1588	-1	0	0	0	
stg8enm.anm	6	133124	24	0	12	0	01000000
stg8enm.anm	6	133136	32	0	28	0	280000000400000000000000000080c000000000
stg8enm.anm	6	133164	3	0	12	0	0c000000
stg8enm.anm	6	133176	3	5	12	0	0d000000
stg8enm.anm	6	133188	3	10	12	0	0e000000
stg8enm.anm	6	133200	3	15	12	0	0f000000
stg8enm.anm	6	133212	3	20	12	0	0c000000
stg8enm.anm	6	133224	3	25	12	0	0d000000
stg8enm.anm	6	133236	3	30	12	0	0e000000
stg8enm.anm	6	133248	3	35	12	0	0f000000
stg8enm.anm	6	133260	3	40	12	0	0c000000
stg8enm.anm	6	133272	32	40	28	0	2800000004000000000000000000804000000000
stg8enm.anm	6	133300	3	45	12	0	0d000000
stg8enm.anm	6	133312	3	50	12	0	0e000000
stg8enm.anm	6	133324	3	55	12	0	0f000000
stg8enm.anm	6	133336	3	60	12	0	0c000000
stg8enm.anm	6	133348	3	65	12	0	0d000000
stg8enm.anm	6	133360	3	70	12	0	0e000000
stg8enm.anm	6	133372	3	75	12	0	0f000000
stg8enm.anm	6	133384	4	80	16	0	0c00000000000000
stg8enm.anm	6	133400	-1	0	0	0	
stg8enm.anm	7	133408	10	0	8	0	
stg8enm.anm	7	133416	3	0	12	0	10000000
stg8enm.anm	7	133428	3	4	12	0	11000000
stg8enm.anm	7	133440	3	8	12	0	12000000
stg8enm.anm	7	133452	3	12	12	0	13000000
stg8enm.anm	7	133464	2	12	8	0	
stg8enm.anm	7	133472	-1	0	0	0	
stg8enm.anm	8	133480	3	0	12	0	10000000
stg8enm.anm	8	133492	3	4	12	0	11000000
stg8enm.anm	8	133504	3	8	12	0	12000000
stg8enm.anm	8	133516	3	12	12	0	13000000
stg8enm.anm	8	133528	2	12	8	0	
stg8enm.anm	8	133536	-1	0	0	0	
stg8enm.anm	9	133544	24	0	12	0	01000000
stg8enm.anm	9	133556	10	0	8	0	
stg8enm.anm	9	133564	3	0	12	0	13000000
stg8enm.anm	9	133576	3	4	12	0	12000000
stg8enm.anm	9	133588	3	8	12	0	11000000
stg8enm.anm	9	133600	3	12	12	0	10000000
stg8enm.anm	9	133612	32	12	28	0	380000000400000000000000000080c000000000
stg8enm.anm	9	133640	3	12	12	0	0c000000
stg8enm.anm	9	133652	3	19	12	0	0d000000
stg8enm.anm	9	133664	3	26	12	0	0e000000
stg8enm.anm	9	133676	3	33	12	0	0f000000
stg8enm.anm	9	133688	3	40	12	0	0c000000
stg8enm.anm	9	133700	3	47	12	0	0d000000
stg8enm.anm	9	133712	3	54	12	0	0e000000
stg8enm.anm	9	133724	3	61	12	0	0f000000
stg8enm.anm	9	133736	3	68	12	0	0c000000
stg8enm.anm	9	133748	32	68	28	0	3800000004000000000000000000804000000000
stg8enm.anm	9	133776	3	75	12	0	0d000000
stg8enm.anm	9	133788	3	82	12	0	0e000000
stg8enm.anm	9	133800	3	89	12	0	0f000000
stg8enm.anm	9	133812	3	96	12	0	0c000000
stg8enm.anm	9	133824	3	103	12	0	0d000000
stg8enm.anm	9	133836	3	110	12	0	0e000000
stg8enm.anm	9	133848	3	117	12	0	0f000000
stg8enm.anm	9	133860	4	124	16	0	440000000c000000
stg8enm.anm	9	133876	-1	0	0	0	
stg8enm.anm	10	133884	24	0	12	0	01000000
stg8enm.anm	10	133896	3	0	12	0	13000000
stg8enm.anm	10	133908	3	4	12	0	12000000
stg8enm.anm	10	133920	3	8	12	0	11000000
stg8enm.anm	10	133932	3	12	12	0	10000000
stg8enm.anm	10	133944	32	12	28	0	380000000400000000000000000080c000000000
stg8enm.anm	10	133972	3	12	12	0	0c000000
stg8enm.anm	10	133984	3	19	12	0	0d000000
stg8enm.anm	10	133996	3	26	12	0	0e000000
stg8enm.anm	10	134008	3	33	12	0	0f000000
stg8enm.anm	10	134020	3	40	12	0	0c000000
stg8enm.anm	10	134032	3	47	12	0	0d000000
stg8enm.anm	10	134044	3	54	12	0	0e000000
stg8enm.anm	10	134056	3	61	12	0	0f000000
stg8enm.anm	10	134068	3	68	12	0	0c000000
stg8enm.anm	10	134080	32	68	28	0	3800000004000000000000000000804000000000
stg8enm.anm	10	134108	3	75	12	0	0d000000
stg8enm.anm	10	134120	3	82	12	0	0e000000
stg8enm.anm	10	134132	3	89	12	0	0f000000
stg8enm.anm	10	134144	3	96	12	0	0c000000
stg8enm.anm	10	134156	3	103	12	0	0d000000
stg8enm.anm	10	134168	3	110	12	0	0e000000
stg8enm.anm	10	134180	3	117	12	0	0f000000
stg8enm.anm	10	134192	4	124	16	0	3c0000000c000000
stg8enm.anm	10	134208	-1	0	0	0	
stg8enm.anm	11	134216	3	0	12	0	14000000
stg8enm.anm	11	134228	3	6	12	0	15000000
stg8enm.anm	11	134240	3	10	12	0	16000000
stg8enm.anm	11	134252	3	16	12	0	17000000
stg8enm.anm	11	134264	4	4016	16	0	240000000a000000
stg8enm.anm	11	134280	-1	0	0	0	
stg8enm.anm	12	134288	34	0	20	0	3c0000000000000080000000
stg8enm.anm	12	134308	3	0	12	0	14000000
stg8enm.anm	12	134320	3	6	12	0	15000000
stg8enm.anm	12	134332	3	10	12	0	16000000
stg8enm.anm	12	134344	3	16	12	0	17000000
stg8enm.anm	12	134356	4	4016	16	0	380000000a000000
stg8enm.anm	12	134372	-1	0	0	0	
stg8enm.anm	13	265636	3	0	12	0	18000000
stg8enm.anm	13	265648	8	0	12	0	00000000
stg8enm.anm	13	265660	34	0	20	0	2800000004000000ff000000
stg8enm.anm	13	265680	7	0	16	0	0000804000008040
stg8enm.anm	13	265696	36	0	24	0	28000000000000000000803f0000803f
stg8enm.anm	13	265720	4	30000	16	0	5400000000000000
stg8enm.anm	13	265736	-1	0	0	0	
stg8enm.anm	14	265744	3	0	12	0	18000000
stg8enm.anm	14	265756	82	0	12	0	01000000
stg8enm.anm	14	265768	34	0	20	0	2800000004000000ff000000
stg8enm.anm	14	265788	36	0	24	0	28000000000000000000803f0000803f
stg8enm.anm	14	265812	0	40	8	0	
stg8enm.anm	14	265820	8	40	12	0	ff000000
stg8enm.anm	14	265832	7	40	16	0	cdcc4c3fcdcc4c3f
stg8enm.anm	14	265848	36	40	24	0	2e000000000000009a99993f9a99993f
stg8enm.anm	14	265872	34	40	20	0	2e0000000400000000000000
stg8enm.anm	14	265892	4	86	16	0	4c00000028000000
stg8enm.anm	14	265908	-1	0	0	0	
stg8enm.anm	15	265916	3	0	12	0	18000000
stg8enm.anm	15	265928	4	30000	16	0	0c00000000000000
stg8enm.anm	15	265944	-1	0	0	0	
stg8enm.anm	16	265952	3	0	12	0	18000000
stg8enm.anm	16	265964	82	0	12	0	01000000
stg8enm.anm	16	265976	8	0	12	0	ff000000
stg8enm.anm	16	265988	7	0	16	0	cdcc4c3fcdcc4c3f
stg8enm.anm	16	266004	36	0	24	0	2e000000000000009a99993f9a99993f
stg8enm.anm	16	266028	34	0	20	0	2e0000000400000000000000
stg8enm.anm	16	266048	4	46	16	0	1800000000000000
stg8enm.anm	16	266064	-1	0	0	0	
stg8enm.anm	17	266072	3	0	12	0	18000000
stg8enm.anm	17	266084	82	0	12	0	01000000
stg8enm.anm	17	266096	34	0	20	0	2800000004000000ff000000
stg8enm.anm	17	266116	36	0	24	0	28000000000000000000803f0000803f
stg8enm.anm	17	266140	0	40	8	0	
stg8enm.anm	17	266148	8	40	12	0	ff000000
stg8enm.anm	17	266160	7	40	16	0	cdcc4c3fcdcc4c3f
stg8enm.anm	17	266176	36	40	24	0	2e000000000000000000004000000040
stg8enm.anm	17	266200	34	40	20	0	2e0000000400000000000000
stg8enm.anm	17	266220	4	86	16	0	4c00000028000000
stg8enm.anm	17	266236	-1	0	0	0	
stg8enm.anm	18	266244	3	0	12	0	18000000
stg8enm.anm	18	266256	82	0	12	0	01000000
stg8enm.anm	18	266268	8	0	12	0	00000000
stg8enm.anm	18	266280	34	0	20	0	2800000004000000ff000000
stg8enm.anm	18	266300	7	0	16	0	0000804000008040
stg8enm.anm	18	266316	36	0	24	0	28000000000000000000803f0000803f
stg8enm.anm	18	266340	0	63	8	0	
stg8enm.anm	18	266348	8	63	12	0	ff000000
stg8enm.anm	18	266360	7	63	16	0	6666a63f6666a63f
stg8enm.anm	18	266376	36	63	24	0	2e000000000000000000803f0000803f
stg8enm.anm	18	266400	34	63	20	0	2e0000000100000000000000
stg8enm.anm	18	266420	4	109	16	0	680000003f000000
stg8enm.anm	18	266436	-1	0	0	0	
stg8txt.anm	0	296	3	0	12	0	01000000
stg8txt.anm	0	308	6	0	20	0	000000430000304300000000
stg8txt.anm	0	328	8	0	12	0	00000000
stg8txt.anm	0	340	34	130	20	0	3c00000000000000ff000000
stg8txt.anm	0	360	36	130	24	0	10000000040000000000803f0000803f
stg8txt.anm	0	384	33	370	28	0	7800000000000000500000006000000090000000
stg8txt.anm	0	412	34	490	20	0	3c0000000000000000000000
stg8txt.anm	0	432	1	550	8	0	
stg8txt.anm	0	440	-1	0	0	0	
stg8txt.anm	1	448	3	0	12	0	00000000
stg8txt.anm	1	460	6	0	20	0	000060430000504300000000
stg8txt.anm	1	480	8	0	12	0	00000000
stg8txt.anm	1	492	34	130	20	0	3c00000000000000ff000000
stg8txt.anm	1	512	36	130	24	0	10000000040000000000803f0000803f
stg8txt.anm	1	536	33	370	28	0	7800000000000000500000006000000090000000
stg8txt.anm	1	564	34	490	20	0	3c0000000000000000000000
stg8txt.anm	1	584	1	550	8	0	
stg8txt.anm	1	592	-1	0	0	0	
stg8txt.anm	2	600	3	0	12	0	02000000
stg8txt.anm	2	612	6	0	20	0	000060430000864300000000
stg8txt.anm	2	632	8	0	12	0	00000000
stg8txt.anm	2	644	34	130	20	0	3c00000000000000ff000000
stg8txt.anm	2	664	34	370	20	0	3c0000000000000000000000
stg8txt.anm	2	684	36	370	24	0	10000000040000000000204100000000
stg8txt.anm	2	708	1	430	8	0	
stg8txt.anm	2	716	-1	0	0	0	
stg8txt.anm	3	724	3	0	12	0	03000000
stg8txt.anm	3	736	6	0	20	0	000008440000e44300000000
stg8txt.anm	3	756	8	0	12	0	00000000
stg8txt.anm	3	768	15	200	16	0	ff0000003c000000
stg8txt.anm	3	784	32	200	28	0	3c00000004000000000090430000e44300000000
stg8txt.anm	3	812	15	400	16	0	000000003c000000
stg8txt.anm	3	828	1	460	8	0	
stg8txt.anm	3	836	-1	0	0	0	
stgenm_al.anm	0	456	24	0	12	0	01000000
stgenm_al.anm	0	468	32	0	28	0	280000000400000000000000000080c000000000
stgenm_al.anm	0	496	3	0	12	0	00000000
stgenm_al.anm	0	508	3	5	12	0	01000000
stgenm_al.anm	0	520	3	10	12	0	02000000
stgenm_al.anm	0	532	3	15	12	0	03000000
stgenm_al.anm	0	544	3	20	12	0	00000000
stgenm_al.anm	0	556	3	25	12	0	01000000
stgenm_al.anm	0	568	3	30	12	0	02000000
stgenm_al.anm	0	580	3	35	12	0	03000000
stgenm_al.anm	0	592	3	40	12	0	00000000
stgenm_al.anm	0	604	32	40	28	0	2800000004000000000000000000804000000000
stgenm_al.anm	0	632	3	45	12	0	01000000
stgenm_al.anm	0	644	3	50	12	0	02000000
stgenm_al.anm	0	656	3	55	12	0	03000000
stgenm_al.anm	0	668	3	60	12	0	00000000
stgenm_al.anm	0	680	3	65	12	0	01000000
stgenm_al.anm	0	692	3	70	12	0	02000000
stgenm_al.anm	0	704	3	75	12	0	03000000
stgenm_al.anm	0	716	4	80	16	0	0c00000000000000
stgenm_al.anm	0	732	-1	0	0	0	
stgenm_al.anm	1	740	10	0	8	0	
stgenm_al.anm	1	748	3	0	12	0	04000000
stgenm_al.anm	1	760	3	4	12	0	05000000
stgenm_al.anm	1	772	3	8	12	0	06000000
stgenm_al.anm	1	784	3	12	12	0	07000000
stgenm_al.anm	1	796	3	16	12	0	08000000
stgenm_al.anm	1	808	2	16	8	0	
stgenm_al.anm	1	816	-1	0	0	0	
stgenm_al.anm	2	824	3	0	12	0	04000000
stgenm_al.anm	2	836	3	4	12	0	05000000
stgenm_al.anm	2	848	3	8	12	0	06000000
stgenm_al.anm	2	860	3	12	12	0	07000000
stgenm_al.anm	2	872	3	16	12	0	08000000
stgenm_al.anm	2	884	2	16	8	0	
stgenm_al.anm	2	892	-1	0	0	0	
stgenm_al.anm	3	900	24	0	12	0	01000000
stgenm_al.anm	3	912	10	0	8	0	
stgenm_al.anm	3	920	3	0	12	0	08000000
stgenm_al.anm	3	932	3	4	12	0	07000000
stgenm_al.anm	3	944	3	8	12	0	06000000
stgenm_al.anm	3	956	3	12	12	0	05000000
stgenm_al.anm	3	968	3	16	12	0	04000000
stgenm_al.anm	3	980	32	16	28	0	380000000400000000000000000080c000000000
stgenm_al.anm	3	1008	3	16	12	0	00000000
stgenm_al.anm	3	1020	3	23	12	0	01000000
stgenm_al.anm	3	1032	3	30	12	0	02000000
stgenm_al.anm	3	1044	3	37	12	0	03000000
stgenm_al.anm	3	1056	3	44	12	0	00000000
stgenm_al.anm	3	1068	3	51	12	0	01000000
stgenm_al.anm	3	1080	3	58	12	0	02000000
stgenm_al.anm	3	1092	3	65	12	0	03000000
stgenm_al.anm	3	1104	3	72	12	0	00000000
stgenm_al.anm	3	1116	32	72	28	0	3800000004000000000000000000804000000000
stgenm_al.anm	3	1144	3	79	12	0	01000000
stgenm_al.anm	3	1156	3	86	12	0	02000000
stgenm_al.anm	3	1168	3	93	12	0	03000000
stgenm_al.anm	3	1180	3	100	12	0	00000000
stgenm_al.anm	3	1192	3	107	12	0	01000000
stgenm_al.anm	3	1204	3	114	12	0	02000000
stgenm_al.anm	3	1216	3	121	12	0	03000000
stgenm_al.anm	3	1228	4	128	16	0	5000000010000000
stgenm_al.anm	3	1244	-1	0	0	0	
stgenm_al.anm	4	1252	24	0	12	0	01000000
stgenm_al.anm	4	1264	3	0	12	0	08000000
stgenm_al.anm	4	1276	3	4	12	0	07000000
stgenm_al.anm	4	1288	3	8	12	0	06000000
stgenm_al.anm	4	1300	3	12	12	0	05000000
stgenm_al.anm	4	1312	3	16	12	0	04000000
stgenm_al.anm	4	1324	32	16	28	0	380000000400000000000000000080c000000000
stgenm_al.anm	4	1352	3	16	12	0	00000000
stgenm_al.anm	4	1364	3	23	12	0	01000000
stgenm_al.anm	4	1376	3	30	12	0	02000000
stgenm_al.anm	4	1388	3	37	12	0	03000000
stgenm_al.anm	4	1400	3	44	12	0	00000000
stgenm_al.anm	4	1412	3	51	12	0	01000000
stgenm_al.anm	4	1424	3	58	12	0	02000000
stgenm_al.anm	4	1436	3	65	12	0	03000000
stgenm_al.anm	4	1448	3	72	12	0	00000000
stgenm_al.anm	4	1460	32	72	28	0	3800000004000000000000000000804000000000
stgenm_al.anm	4	1488	3	79	12	0	01000000
stgenm_al.anm	4	1500	3	86	12	0	02000000
stgenm_al.anm	4	1512	3	93	12	0	03000000
stgenm_al.anm	4	1524	3	100	12	0	00000000
stgenm_al.anm	4	1536	3	107	12	0	01000000
stgenm_al.anm	4	1548	3	114	12	0	02000000
stgenm_al.anm	4	1560	3	121	12	0	03000000
stgenm_al.anm	4	1572	4	128	16	0	4800000010000000
stgenm_al.anm	4	1588	-1	0	0	0	
stgenm_al.anm	5	1596	3	0	12	0	09000000
stgenm_al.anm	5	1608	3	6	12	0	0b000000
stgenm_al.anm	5	1620	3	10	12	0	0c000000
stgenm_al.anm	5	1632	3	16	12	0	0a000000
stgenm_al.anm	5	1644	4	20	16	0	0000000000000000
stgenm_al.anm	5	1660	-1	0	0	0	
stgenm_rm.anm	0	216	24	0	12	0	01000000
stgenm_rm.anm	0	228	32	0	28	0	280000000400000000000000000080c000000000
stgenm_rm.anm	0	256	3	0	12	0	00000000
stgenm_rm.anm	0	268	32	40	28	0	2800000004000000000000000000804000000000
stgenm_rm.anm	0	296	4	80	16	0	0c00000000000000
stgenm_rm.anm	0	312	-1	0	0	0	
stgenm_rm.anm	1	320	10	0	8	0	
stgenm_rm.anm	1	328	3	0	12	0	01000000
stgenm_rm.anm	1	340	3	4	12	0	02000000
stgenm_rm.anm	1	352	2	4	8	0	
stgenm_rm.anm	1	360	-1	0	0	0	
stgenm_rm.anm	2	368	3	0	12	0	01000000
stgenm_rm.anm	2	380	3	4	12	0	02000000
stgenm_rm.anm	2	392	2	4	8	0	
stgenm_rm.anm	2	400	-1	0	0	0	
stgenm_rm.anm	3	408	24	0	12	0	01000000
stgenm_rm.anm	3	420	10	0	8	0	
stgenm_rm.anm	3	428	3	0	12	0	02000000
stgenm_rm.anm	3	440	3	4	12	0	01000000
stgenm_rm.anm	3	452	32	4	28	0	380000000400000000000000000080c000000000
stgenm_rm.anm	3	480	3	4	12	0	00000000
stgenm_rm.anm	3	492	32	60	28	0	3800000004000000000000000000804000000000
stgenm_rm.anm	3	520	4	116	16	0	2c00000004000000
stgenm_rm.anm	3	536	-1	0	0	0	
stgenm_rm.anm	4	544	24	0	12	0	01000000
stgenm_rm.anm	4	556	3	0	12	0	02000000
stgenm_rm.anm	4	568	3	4	12	0	01000000
stgenm_rm.anm	4	580	32	4	28	0	380000000400000000000000000080c000000000
stgenm_rm.anm	4	608	3	4	12	0	00000000
stgenm_rm.anm	4	620	32	60	28	0	3800000004000000000000000000804000000000
stgenm_rm.anm	4	648	4	116	16	0	2400000004000000
stgenm_rm.anm	4	664	-1	0	0	0	
stgenm_rm.anm	5	672	3	0	12	0	00000000
stgenm_rm.anm	5	684	4	4	16	0	0000000000000000
stgenm_rm.anm	5	700	-1	0	0	0	
stgenm_sk.anm	0	432	24	0	12	0	01000000
stgenm_sk.anm	0	444	32	0	28	0	280000000400000000000000000080c000000000
stgenm_sk.anm	0	472	3	0	12	0	00000000
stgenm_sk.anm	0	484	3	5	12	0	01000000
stgenm_sk.anm	0	496	3	10	12	0	02000000
stgenm_sk.anm	0	508	3	15	12	0	03000000
stgenm_sk.anm	0	520	3	20	12	0	00000000
stgenm_sk.anm	0	532	3	25	12	0	01000000
stgenm_sk.anm	0	544	3	30	12	0	02000000
stgenm_sk.anm	0	556	3	35	12	0	03000000
stgenm_sk.anm	0	568	3	40	12	0	00000000
stgenm_sk.anm	0	580	32	40	28	0	2800000004000000000000000000804000000000
stgenm_sk.anm	0	608	3	45	12	0	01000000
stgenm_sk.anm	0	620	3	50	12	0	02000000
stgenm_sk.anm	0	632	3	55	12	0	03000000
stgenm_sk.anm	0	644	3	60	12	0	00000000
stgenm_sk.anm	0	656	3	65	12	0	01000000
stgenm_sk.anm	0	668	3	70	12	0	02000000
stgenm_sk.anm	0	680	3	75	12	0	03000000
stgenm_sk.anm	0	692	4	80	16	0	0c00000000000000
stgenm_sk.anm	0	708	-1	0	0	0	
stgenm_sk.anm	1	716	10	0	8	0	
stgenm_sk.anm	1	724	3	0	12	0	04000000
stgenm_sk.anm	1	736	3	4	12	0	05000000
stgenm_sk.anm	1	748	3	8	12	0	06000000
stgenm_sk.anm	1	760	3	12	12	0	07000000
stgenm_sk.anm	1	772	2	12	8	0	
stgenm_sk.anm	1	780	-1	0	0	0	
stgenm_sk.anm	2	788	3	0	12	0	04000000
stgenm_sk.anm	2	800	3	4	12	0	05000000
stgenm_sk.anm	2	812	3	8	12	0	06000000
stgenm_sk.anm	2	824	3	12	12	0	07000000
stgenm_sk.anm	2	836	2	12	8	0	
stgenm_sk.anm	2	844	-1	0	0	0	
stgenm_sk.anm	3	852	24	0	12	0	01000000
stgenm_sk.anm	3	864	10	0	8	0	
stgenm_sk.anm	3	872	3	0	12	0	07000000
stgenm_sk.anm	3	884	3	4	12	0	06000000
stgenm_sk.anm	3	896	3	8	12	0	05000000
stgenm_sk.anm	3	908	3	12	12	0	04000000
stgenm_sk.anm	3	920	32	12	28	0	380000000400000000000000000080c000000000
stgenm_sk.anm	3	948	3	12	12	0	00000000
stgenm_sk.anm	3	960	3	19	12	0	01000000
stgenm_sk.anm	3	972	3	26	12	0	02000000
stgenm_sk.anm	3	984	3	33	12	0	03000000
stgenm_sk.anm	3	996	3	40	12	0	00000000
stgenm_sk.anm	3	1008	3	47	12	0	01000000
stgenm_sk.anm	3	1020	3	54	12	0	02000000
stgenm_sk.anm	3	1032	3	61	12	0	03000000
stgenm_sk.anm	3	1044	3	68	12	0	00000000
stgenm_sk.anm	3	1056	32	68	28	0	3800000004000000000000000000804000000000
stgenm_sk.anm	3	1084	3	75	12	0	01000000
stgenm_sk.anm	3	1096	3	82	12	0	02000000
stgenm_sk.anm	3	1108	3	89	12	0	03000000
stgenm_sk.anm	3	1120	3	96	12	0	00000000
stgenm_sk.anm	3	1132	3	103	12	0	01000000
stgenm_sk.anm	3	1144	3	110	12	0	02000000
stgenm_sk.anm	3	1156	3	117	12	0	03000000
stgenm_sk.anm	3	1168	4	124	16	0	440000000c000000
stgenm_sk.anm	3	1184	-1	0	0	0	
stgenm_sk.anm	4	1192	24	0	12	0	01000000
stgenm_sk.anm	4	1204	3	0	12	0	07000000
stgenm_sk.anm	4	1216	3	4	12	0	06000000
stgenm_sk.anm	4	1228	3	8	12	0	05000000
stgenm_sk.anm	4	1240	3	12	12	0	04000000
stgenm_sk.anm	4	1252	32	12	28	0	380000000400000000000000000080c000000000
stgenm_sk.anm	4	1280	3	12	12	0	00000000
stgenm_sk.anm	4	1292	3	19	12	0	01000000
stgenm_sk.anm	4	1304	3	26	12	0	02000000
stgenm_sk.anm	4	1316	3	33	12	0	03000000
stgenm_sk.anm	4	1328	3	40	12	0	00000000
stgenm_sk.anm	4	1340	3	47	12	0	01000000
stgenm_sk.anm	4	1352	3	54	12	0	02000000
stgenm_sk.anm	4	1364	3	61	12	0	03000000
stgenm_sk.anm	4	1376	3	68	12	0	00000000
stgenm_sk.anm	4	1388	32	68	28	0	3800000004000000000000000000804000000000
stgenm_sk.anm	4	1416	3	75	12	0	01000000
stgenm_sk.anm	4	1428	3	82	12	0	02000000
stgenm_sk.anm	4	1440	3	89	12	0	03000000
stgenm_sk.anm	4	1452	3	96	12	0	00000000
stgenm_sk.anm	4	1464	3	103	12	0	01000000
stgenm_sk.anm	4	1476	3	110	12	0	02000000
stgenm_sk.anm	4	1488	3	117	12	0	03000000
stgenm_sk.anm	4	1500	4	124	16	0	3c0000000c000000
stgenm_sk.anm	4	1516	-1	0	0	0	
stgenm_sk.anm	5	1524	3	0	12	0	08000000
stgenm_sk.anm	5	1536	3	6	12	0	0a000000
stgenm_sk.anm	5	1548	3	10	12	0	0b000000
stgenm_sk.anm	5	1560	3	16	12	0	09000000
stgenm_sk.anm	5	1572	4	20	16	0	0000000000000000
stgenm_sk.anm	5	1588	-1	0	0	0	
stgenm_yk.anm	0	712	3	0	12	0	09000000
stgenm_yk.anm	0	724	16	0	12	0	01000000
stgenm_yk.anm	0	736	13	0	20	0	00000000000000005077563d
stgenm_yk.anm	0	756	1	10000	8	0	
stgenm_yk.anm	0	764	-1	0	0	0	
stgenm_yk.anm	1	772	3	0	12	0	09000000
stgenm_yk.anm	1	784	16	0	12	0	01000000
stgenm_yk.anm	1	796	8	0	12	0	00000000
stgenm_yk.anm	1	808	34	0	20	0	5000000000000000ff000000
stgenm_yk.anm	1	828	13	0	20	0	00000000000000005077563d
stgenm_yk.anm	1	848	1	10000	8	0	
stgenm_yk.anm	1	856	-1	0	0	0	
stgenm_yk.anm	2	864	24	0	12	0	01000000
stgenm_yk.anm	2	876	3	0	12	0	00000000
stgenm_yk.anm	2	888	32	0	28	0	180000000400000000000000000080c000000000
stgenm_yk.anm	2	916	32	24	28	0	1800000004000000000000000000804000000000
stgenm_yk.anm	2	944	4	48	16	0	1800000000000000
stgenm_yk.anm	2	960	-1	0	0	0	
stgenm_yk.anm	3	968	24	0	12	0	01000000
stgenm_yk.anm	3	980	32	0	28	0	1800000004000000000000000000000000000000
stgenm_yk.anm	3	1008	3	0	12	0	06000000
stgenm_yk.anm	3	1020	3	3	12	0	07000000
stgenm_yk.anm	3	1032	3	6	12	0	08000000
stgenm_yk.anm	3	1044	0	6	8	0	
stgenm_yk.anm	3	1052	4	30006	16	0	4c00000006000000
stgenm_yk.anm	3	1068	-1	0	0	0	
stgenm_yk.anm	4	1076	24	0	12	0	01000000
stgenm_yk.anm	4	1088	32	0	28	0	1800000004000000000000000000000000000000
stgenm_yk.anm	4	1116	3	0	12	0	03000000
stgenm_yk.anm	4	1128	3	3	12	0	04000000
stgenm_yk.anm	4	1140	3	6	12	0	05000000
stgenm_yk.anm	4	1152	0	6	8	0	
stgenm_yk.anm	4	1160	4	30006	16	0	4c00000006000000
stgenm_yk.anm	4	1176	-1	0	0	0	
stgenm_yk.anm	5	1184	24	0	12	0	01000000
stgenm_yk.anm	5	1196	32	0	28	0	1800000004000000000000000000000000000000
stgenm_yk.anm	5	1224	3	0	12	0	06000000
stgenm_yk.anm	5	1236	3	3	12	0	07000000
stgenm_yk.anm	5	1248	3	6	12	0	08000000
stgenm_yk.anm	5	1260	3	6	12	0	00000000
stgenm_yk.anm	5	1272	32	6	28	0	180000000400000000000000000080c000000000
stgenm_yk.anm	5	1300	32	30	28	0	1800000004000000000000000000804000000000
stgenm_yk.anm	5	1328	4	54	16	0	5800000006000000
stgenm_yk.anm	5	1344	-1	0	0	0	
stgenm_yk.anm	6	1352	24	0	12	0	01000000
stgenm_yk.anm	6	1364	32	0	28	0	1800000004000000000000000000000000000000
stgenm_yk.anm	6	1392	3	0	12	0	03000000
stgenm_yk.anm	6	1404	3	3	12	0	04000000
stgenm_yk.anm	6	1416	3	6	12	0	05000000
stgenm_yk.anm	6	1428	3	6	12	0	00000000
stgenm_yk.anm	6	1440	32	6	28	0	180000000400000000000000000080c000000000
stgenm_yk.anm	6	1468	32	30	28	0	1800000004000000000000000000804000000000
stgenm_yk.anm	6	1496	4	54	16	0	5800000006000000
stgenm_yk.anm	6	1512	-1	0	0	0	
stgenm_yk.anm	7	1520	24	0	12	0	01000000
stgenm_yk.anm	7	1532	32	0	28	0	1800000004000000000000000000000000000000
stgenm_yk.anm	7	1560	3	0	12	0	00000000
stgenm_yk.anm	7	1572	3	5	12	0	01000000
stgenm_yk.anm	7	1584	3	10	12	0	02000000
stgenm_yk.anm	7	1596	0	24	8	0	
stgenm_yk.anm	7	1604	32	24	28	0	180000000400000000000000000080c000000000
stgenm_yk.anm	7	1632	32	48	28	0	1800000004000000000000000000804000000000
stgenm_yk.anm	7	1660	4	72	16	0	5400000018000000
stgenm_yk.anm	7	1676	-1	0	0	0	
stgenm_yk.anm	8	1684	12	0	20	0	000000000000000000000000
stgenm_yk.anm	8	1704	13	0	20	0	000000000000000000000000
stgenm_yk.anm	8	1724	24	0	12	0	01000000
stgenm_yk.anm	8	1736	3	0	12	0	0c000000
stgenm_yk.anm	8	1748	32	0	28	0	180000000400000000000000000080c000000000
stgenm_yk.anm	8	1776	3	6	12	0	0d000000
stgenm_yk.anm	8	1788	3	12	12	0	0e000000
stgenm_yk.anm	8	1800	3	18	12	0	0f000000
stgenm_yk.anm	8	1812	3	24	12	0	0c000000
stgenm_yk.anm	8	1824	32	24	28	0	1800000004000000000000000000804000000000
stgenm_yk.anm	8	1852	3	30	12	0	0d000000
stgenm_yk.anm	8	1864	3	36	12	0	0e000000
stgenm_yk.anm	8	1876	3	42	12	0	0f000000
stgenm_yk.anm	8	1888	4	48	16	0	3400000000000000
stgenm_yk.anm	8	1904	-1	0	0	0	
stgenm_yk.anm	9	1912	12	0	20	0	000000000000000000000000
stgenm_yk.anm	9	1932	13	0	20	0	000000000000000000000000
stgenm_yk.anm	9	1952	24	0	12	0	01000000
stgenm_yk.anm	9	1964	10	0	8	0	
stgenm_yk.anm	9	1972	3	0	12	0	11000000
stgenm_yk.anm	9	1984	3	3	12	0	12000000
stgenm_yk.anm	9	1996	3	6	12	0	13000000
stgenm_yk.anm	9	2008	35	6	28	0	0c000000010000000000000000000000db0f4940
stgenm_yk.anm	9	2036	13	18	20	0	0000000000000000db0fc93e
stgenm_yk.anm	9	2056	0	18	8	0	
stgenm_yk.anm	9	2064	4	30018	16	0	9000000012000000
stgenm_yk.anm	9	2080	-1	0	0	0	
stgenm_yk.anm	10	2088	12	0	20	0	000000000000000000000000
stgenm_yk.anm	10	2108	13	0	20	0	000000000000000000000000
stgenm_yk.anm	10	2128	3	0	12	0	11000000
stgenm_yk.anm	10	2140	3	3	12	0	12000000
stgenm_yk.anm	10	2152	3	6	12	0	13000000
stgenm_yk.anm	10	2164	35	6	28	0	0c000000010000000000000000000000db0f49c0
stgenm_yk.anm	10	2192	13	18	20	0	0000000000000000db0fc9be
stgenm_yk.anm	10	2212	0	18	8	0	
stgenm_yk.anm	10	2220	4	30018	16	0	7c00000012000000
stgenm_yk.anm	10	2236	-1	0	0	0	
stgenm_yk.anm	11	2244	12	0	20	0	000000000000000000000000
stgenm_yk.anm	11	2264	13	0	20	0	000000000000000000000000
stgenm_yk.anm	11	2284	10	0	8	0	
stgenm_yk.anm	11	2292	3	0	12	0	13000000
stgenm_yk.anm	11	2304	3	3	12	0	12000000
stgenm_yk.anm	11	2316	3	6	12	0	11000000
stgenm_yk.anm	11	2328	24	6	12	0	01000000
stgenm_yk.anm	11	2340	3	6	12	0	0c000000
stgenm_yk.anm	11	2352	32	6	28	0	180000000400000000000000000080c000000000
stgenm_yk.anm	11	2380	3	12	12	0	0d000000
stgenm_yk.anm	11	2392	3	18	12	0	0e000000
stgenm_yk.anm	11	2404	3	24	12	0	0f000000
stgenm_yk.anm	11	2416	3	30	12	0	0c000000
stgenm_yk.anm	11	2428	32	30	28	0	1800000004000000000000000000804000000000
stgenm_yk.anm	11	2456	3	36	12	0	0d000000
stgenm_yk.anm	11	2468	3	42	12	0	0e000000
stgenm_yk.anm	11	2480	3	48	12	0	0f000000
stgenm_yk.anm	11	2492	4	54	16	0	6000000006000000
stgenm_yk.anm	11	2508	-1	0	0	0	
stgenm_yk.anm	12	2516	12	0	20	0	000000000000000000000000
stgenm_yk.anm	12	2536	13	0	20	0	000000000000000000000000
stgenm_yk.anm	12	2556	3	0	12	0	13000000
stgenm_yk.anm	12	2568	3	3	12	0	12000000
stgenm_yk.anm	12	2580	3	6	12	0	11000000
stgenm_yk.anm	12	2592	24	6	12	0	01000000
stgenm_yk.anm	12	2604	3	6	12	0	0c000000
stgenm_yk.anm	12	2616	32	6	28	0	180000000400000000000000000080c000000000
stgenm_yk.anm	12	2644	3	12	12	0	0d000000
stgenm_yk.anm	12	2656	3	18	12	0	0e000000
stgenm_yk.anm	12	2668	3	24	12	0	0f000000
stgenm_yk.anm	12	2680	3	30	12	0	0c000000
stgenm_yk.anm	12	2692	32	30	28	0	1800000004000000000000000000804000000000
stgenm_yk.anm	12	2720	3	36	12	0	0d000000
stgenm_yk.anm	12	2732	3	42	12	0	0e000000
stgenm_yk.anm	12	2744	3	48	12	0	0f000000
stgenm_yk.anm	12	2756	4	54	16	0	5800000006000000
stgenm_yk.anm	12	2772	-1	0	0	0	
stgenm_yk.anm	13	2780	12	0	20	0	000000000000000000000000
stgenm_yk.anm	13	2800	13	0	20	0	000000000000000000000000
stgenm_yk.anm	13	2820	3	0	12	0	10000000
stgenm_yk.anm	13	2832	32	0	28	0	0c0000000400000000000000000080c000000000
stgenm_yk.anm	13	2860	32	12	28	0	0c00000004000000000000000000804000000000
stgenm_yk.anm	13	2888	4	24	16	0	3400000000000000
stgenm_yk.anm	13	2904	-1	0	0	0	
stgenm_yk.anm	14	2912	12	0	20	0	000000000000000000000000
stgenm_yk.anm	14	2932	13	0	20	0	000000000000000000000000
stgenm_yk.anm	14	2952	3	0	12	0	0a000000
stgenm_yk.anm	14	2964	8	0	12	0	00000000
stgenm_yk.anm	14	2976	34	200	20	0	500000000000000080000000
stgenm_yk.anm	14	2996	0	280	8	0	
stgenm_yk.anm	14	3004	34	280	20	0	c80000000400000040000000
stgenm_yk.anm	14	3024	36	280	24	0	c8000000040000000000c03f0000c03f
stgenm_yk.anm	14	3048	34	480	20	0	c800000004000000c0000000
stgenm_yk.anm	14	3068	36	480	24	0	c8000000040000000000803f0000803f
stgenm_yk.anm	14	3092	4	680	16	0	5c00000018010000
stgenm_yk.anm	14	3108	-1	0	0	0	
stgenm_yk.anm	15	3116	12	0	20	0	000000000000000000000000
stgenm_yk.anm	15	3136	13	0	20	0	0000000000000000a6922bbc
stgenm_yk.anm	15	3156	3	0	12	0	0b000000
stgenm_yk.anm	15	3168	82	0	12	0	01000000
stgenm_yk.anm	15	3180	8	0	12	0	00000000
stgenm_yk.anm	15	3192	34	0	20	0	500000000000000080000000
stgenm_yk.anm	15	3212	0	80	8	0	
stgenm_yk.anm	15	3220	34	80	20	0	c80000000400000080000000
stgenm_yk.anm	15	3240	36	80	24	0	c8000000040000000000004000000040
stgenm_yk.anm	15	3264	34	280	20	0	c800000004000000ff000000
stgenm_yk.anm	15	3284	36	280	24	0	c8000000040000000000c03f0000c03f
stgenm_yk.anm	15	3308	4	480	16	0	6800000050000000
stgenm_yk.anm	15	3324	-1	0	0	0	
stgenm_yk.anm	16	3332	12	0	20	0	000000000000000000000000
stgenm_yk.anm	16	3352	13	0	20	0	000000000000000000000000
stgenm_yk.anm	16	3372	3	0	12	0	02000000
stgenm_yk.anm	16	3384	34	0	20	0	780000000000000080000000
stgenm_yk.anm	16	3404	32	0	28	0	0c0000000400000000000000000080c000000000
stgenm_yk.anm	16	3432	32	12	28	0	0c00000004000000000000000000804000000000
stgenm_yk.anm	16	3460	4	24	16	0	4800000000000000
stgenm_yk.anm	16	3476	-1	0	0	0	
stgenm_ym.anm	0	592	24	0	12	0	01000000
stgenm_ym.anm	0	604	32	0	28	0	280000000400000000000000000080c000000000
stgenm_ym.anm	0	632	3	0	12	0	00000000
stgenm_ym.anm	0	644	3	5	12	0	01000000
stgenm_ym.anm	0	656	3	10	12	0	02000000
stgenm_ym.anm	0	668	3	15	12	0	03000000
stgenm_ym.anm	0	680	3	20	12	0	00000000
stgenm_ym.anm	0	692	3	25	12	0	01000000
stgenm_ym.anm	0	704	3	30	12	0	02000000
stgenm_ym.anm	0	716	3	35	12	0	03000000
stgenm_ym.anm	0	728	3	40	12	0	00000000
stgenm_ym.anm	0	740	32	40	28	0	2800000004000000000000000000804000000000
stgenm_ym.anm	0	768	3	45	12	0	01000000
stgenm_ym.anm	0	780	3	50	12	0	02000000
stgenm_ym.anm	0	792	3	55	12	0	03000000
stgenm_ym.anm	0	804	3	60	12	0	00000000
stgenm_ym.anm	0	816	3	65	12	0	01000000
stgenm_ym.anm	0	828	3	70	12	0	02000000
stgenm_ym.anm	0	840	3	75	12	0	03000000
stgenm_ym.anm	0	852	4	80	16	0	0c00000000000000
stgenm_ym.anm	0	868	-1	0	0	0	
stgenm_ym.anm	1	876	3	0	12	0	04000000
stgenm_ym.anm	1	888	3	4	12	0	05000000
stgenm_ym.anm	1	900	3	8	12	0	06000000
stgenm_ym.anm	1	912	3	12	12	0	07000000
stgenm_ym.anm	1	924	2	12	8	0	
stgenm_ym.anm	1	932	-1	0	0	0	
stgenm_ym.anm	2	940	3	0	12	0	08000000
stgenm_ym.anm	2	952	3	4	12	0	09000000
stgenm_ym.anm	2	964	3	8	12	0	0a000000
stgenm_ym.anm	2	976	3	12	12	0	0b000000
stgenm_ym.anm	2	988	2	12	8	0	
stgenm_ym.anm	2	996	-1	0	0	0	
stgenm_ym.anm	3	1004	24	0	12	0	01000000
stgenm_ym.anm	3	1016	3	0	12	0	07000000
stgenm_ym.anm	3	1028	3	4	12	0	06000000
stgenm_ym.anm	3	1040	3	8	12	0	05000000
stgenm_ym.anm	3	1052	3	12	12	0	04000000
stgenm_ym.anm	3	1064	32	12	28	0	380000000400000000000000000080c000000000
stgenm_ym.anm	3	1092	3	12	12	0	00000000
stgenm_ym.anm	3	1104	3	19	12	0	01000000
stgenm_ym.anm	3	1116	3	26	12	0	02000000
stgenm_ym.anm	3	1128	3	33	12	0	03000000
stgenm_ym.anm	3	1140	3	40	12	0	00000000
stgenm_ym.anm	3	1152	3	47	12	0	01000000
stgenm_ym.anm	3	1164	3	54	12	0	02000000
stgenm_ym.anm	3	1176	3	61	12	0	03000000
stgenm_ym.anm	3	1188	3	68	12	0	00000000
stgenm_ym.anm	3	1200	32	68	28	0	3800000004000000000000000000804000000000
stgenm_ym.anm	3	1228	3	75	12	0	01000000
stgenm_ym.anm	3	1240	3	82	12	0	02000000
stgenm_ym.anm	3	1252	3	89	12	0	03000000
stgenm_ym.anm	3	1264	3	96	12	0	00000000
stgenm_ym.anm	3	1276	3	103	12	0	01000000
stgenm_ym.anm	3	1288	3	110	12	0	02000000
stgenm_ym.anm	3	1300	3	117	12	0	03000000
stgenm_ym.anm	3	1312	4	124	16	0	3c0000000c000000
stgenm_ym.anm	3	1328	-1	0	0	0	
stgenm_ym.anm	4	1336	24	0	12	0	01000000
stgenm_ym.anm	4	1348	3	0	12	0	0b000000
stgenm_ym.anm	4	1360	3	4	12	0	0a000000
stgenm_ym.anm	4	1372	3	8	12	0	09000000
stgenm_ym.anm	4	1384	3	12	12	0	08000000
stgenm_ym.anm	4	1396	32	12	28	0	380000000400000000000000000080c000000000
stgenm_ym.anm	4	1424	3	12	12	0	00000000
stgenm_ym.anm	4	1436	3	19	12	0	01000000
stgenm_ym.anm	4	1448	3	26	12	0	02000000
stgenm_ym.anm	4	1460	3	33	12	0	03000000
stgenm_ym.anm	4	1472	3	40	12	0	00000000
stgenm_ym.anm	4	1484	3	47	12	0	01000000
stgenm_ym.anm	4	1496	3	54	12	0	02000000
stgenm_ym.anm	4	1508	3	61	12	0	03000000
stgenm_ym.anm	4	1520	3	68	12	0	00000000
stgenm_ym.anm	4	1532	32	68	28	0	3800000004000000000000000000804000000000
stgenm_ym.anm	4	1560	3	75	12	0	01000000
stgenm_ym.anm	4	1572	3	82	12	0	02000000
stgenm_ym.anm	4	1584	3	89	12	0	03000000
stgenm_ym.anm	4	1596	3	96	12	0	00000000
stgenm_ym.anm	4	1608	3	103	12	0	01000000
stgenm_ym.anm	4	1620	3	110	12	0	02000000
stgenm_ym.anm	4	1632	3	117	12	0	03000000
stgenm_ym.anm	4	1644	4	124	16	0	3c0000000c000000
stgenm_ym.anm	4	1660	-1	0	0	0	
stgenm_ym.anm	5	1668	24	0	12	0	01000000
stgenm_ym.anm	5	1680	6	0	20	0	00000000000080c100000000
stgenm_ym.anm	5	1700	3	0	12	0	0c000000
stgenm_ym.anm	5	1712	3	1	12	0	0d000000
stgenm_ym.anm	5	1724	3	2	12	0	0e000000
stgenm_ym.anm	5	1736	6	2	20	0	000000000000000000000000
stgenm_ym.anm	5	1756	3	3	12	0	0f000000
stgenm_ym.anm	5	1768	3	4	12	0	10000000
stgenm_ym.anm	5	1780	4	404	16	0	7000000004000000
stgenm_ym.anm	5	1796	-1	0	0	0	
stgenm_ym.anm	6	1804	24	0	12	0	01000000
stgenm_ym.anm	6	1816	6	0	20	0	00000000000080c100000000
stgenm_ym.anm	6	1836	3	0	12	0	0c000000
stgenm_ym.anm	6	1848	4	400	16	0	2c00000000000000
stgenm_ym.anm	6	1864	-1	0	0	0	
stgenm_ym.anm	7	1872	3	0	12	0	11000000
stgenm_ym.anm	7	1884	8	0	12	0	00000000
stgenm_ym.anm	7	1896	34	0	20	0	0a00000000000000ff000000
stgenm_ym.anm	7	1916	7	0	16	0	0000000000008040
stgenm_ym.anm	7	1932	36	0	24	0	14000000040000000000803f0000e03f
stgenm_ym.anm	7	1956	82	0	12	0	01000000
stgenm_ym.anm	7	1968	4	400	16	0	6000000000000000
stgenm_ym.anm	7	1984	-1	0	0	0	
stgenm_yy.anm	0	384	24	0	12	0	01000000
stgenm_yy.anm	0	396	3	0	12	0	00000000
stgenm_yy.anm	0	408	32	0	28	0	8000000004000000000000000000004100000000
stgenm_yy.anm	0	436	32	128	28	0	800000000400000000000000000000c100000000
stgenm_yy.anm	0	464	4	256	16	0	1800000000000000
stgenm_yy.anm	0	480	-1	0	0	0	
stgenm_yy.anm	1	488	10	0	8	0	
stgenm_yy.anm	1	496	24	0	12	0	01000000
stgenm_yy.anm	1	508	6	0	20	0	000000000000000000000000
stgenm_yy.anm	1	528	3	0	12	0	04000000
stgenm_yy.anm	1	540	3	3	12	0	05000000
stgenm_yy.anm	1	552	3	6	12	0	06000000
stgenm_yy.anm	1	564	0	6	8	0	
stgenm_yy.anm	1	572	4	30006	16	0	4c00000006000000
stgenm_yy.anm	1	588	-1	0	0	0	
stgenm_yy.anm	2	596	24	0	12	0	01000000
stgenm_yy.anm	2	608	6	0	20	0	000000000000000000000000
stgenm_yy.anm	2	628	3	0	12	0	04000000
stgenm_yy.anm	2	640	3	3	12	0	05000000
stgenm_yy.anm	2	652	3	6	12	0	06000000
stgenm_yy.anm	2	664	0	6	8	0	
stgenm_yy.anm	2	672	4	30006	16	0	4400000006000000
stgenm_yy.anm	2	688	-1	0	0	0	
stgenm_yy.anm	3	696	10	0	8	0	
stgenm_yy.anm	3	704	24	0	12	0	01000000
stgenm_yy.anm	3	716	6	0	20	0	000000000000000000000000
stgenm_yy.anm	3	736	3	0	12	0	06000000
stgenm_yy.anm	3	748	3	3	12	0	05000000
stgenm_yy.anm	3	760	3	6	12	0	04000000
stgenm_yy.anm	3	772	3	9	12	0	00000000
stgenm_yy.anm	3	784	32	9	28	0	8000000004000000000000000000004100000000
stgenm_yy.anm	3	812	32	137	28	0	800000000400000000000000000000c100000000
stgenm_yy.anm	3	840	4	265	16	0	5800000009000000
stgenm_yy.anm	3	856	-1	0	0	0	
stgenm_yy.anm	4	864	24	0	12	0	01000000
stgenm_yy.anm	4	876	6	0	20	0	000000000000000000000000
stgenm_yy.anm	4	896	3	0	12	0	06000000
stgenm_yy.anm	4	908	3	3	12	0	05000000
stgenm_yy.anm	4	920	3	6	12	0	04000000
stgenm_yy.anm	4	932	3	9	12	0	00000000
stgenm_yy.anm	4	944	32	9	28	0	8000000004000000000000000000004100000000
stgenm_yy.anm	4	972	32	137	28	0	800000000400000000000000000000c100000000
stgenm_yy.anm	4	1000	4	265	16	0	5000000009000000
stgenm_yy.anm	4	1016	-1	0	0	0	
stgenm_yy.anm	5	1024	24	0	12	0	01000000
stgenm_yy.anm	5	1036	6	0	20	0	000000000000000000000000
stgenm_yy.anm	5	1056	3	0	12	0	00000000
stgenm_yy.anm	5	1068	3	3	12	0	01000000
stgenm_yy.anm	5	1080	3	6	12	0	02000000
stgenm_yy.anm	5	1092	0	6	8	0	
stgenm_yy.anm	5	1100	4	30006	16	0	4400000006000000
stgenm_yy.anm	5	1116	-1	0	0	0	
stgenm_yy.anm	6	1124	3	0	12	0	07000000
stgenm_yy.anm	6	1136	7	0	16	0	0000000000000000
stgenm_yy.anm	6	1152	32	0	28	0	8000000004000000000000000000004100000000
stgenm_yy.anm	6	1180	36	0	24	0	1e000000040000000000803fcdcc4c3e
stgenm_yy.anm	6	1204	36	30	24	0	1e000000040000000000803f0000803f
stgenm_yy.anm	6	1228	0	30	8	0	
stgenm_yy.anm	6	1236	4	30030	16	0	680000001e000000
stgenm_yy.anm	6	1252	-1	0	0	0	
stgenm_yy.anm	7	1260	24	0	12	0	01000000
stgenm_yy.anm	7	1272	3	0	12	0	03000000
stgenm_yy.anm	7	1284	8	0	12	0	00000000
stgenm_yy.anm	7	1296	34	0	20	0	780000000000000080000000
stgenm_yy.anm	7	1316	32	128	28	0	8000000004000000000000000000004100000000
stgenm_yy.anm	7	1344	32	256	28	0	800000000400000000000000000000c100000000
stgenm_yy.anm	7	1372	34	256	20	0	780000000000000040000000
stgenm_yy.anm	7	1392	32	384	28	0	8000000004000000000000000000004100000000
stgenm_yy.anm	7	1420	32	512	28	0	800000000400000000000000000000c100000000
stgenm_yy.anm	7	1448	4	640	16	0	2400000000000000
stgenm_yy.anm	7	1464	-1	0	0	0	
stgenm_yy.anm	8	1472	3	0	12	0	08000000
stgenm_yy.anm	8	1484	24	0	12	0	01000000
stgenm_yy.anm	8	1496	6	0	20	0	000050430000604300000000
stgenm_yy.anm	8	1516	8	0	12	0	00000000
stgenm_yy.anm	8	1528	15	0	16	0	ff0000003c000000
stgenm_yy.anm	8	1544	32	0	28	0	b400000000000000000030430000604300000000
stgenm_yy.anm	8	1572	15	350	16	0	000000003c000000
stgenm_yy.anm	8	1588	1	410	8	0	
stgenm_yy.anm	8	1596	-1	0	0	0	
text.anm	0	1216	3	0	12	0	00000000
text.anm	0	1228	22	0	8	0	
text.anm	0	1236	6	0	20	0	000096420000c34300000000
text.anm	0	1256	8	0	12	0	00000000
text.anm	0	1268	15	0	16	0	ff0000000c000000
text.anm	0	1284	2	12	8	0	
text.anm	0	1292	-1	0	0	0	
text.anm	1	1300	3	0	12	0	01000000
text.anm	1	1312	22	0	8	0	
text.anm	1	1320	6	0	20	0	000096420000cd4300000000
text.anm	1	1340	8	0	12	0	00000000
text.anm	1	1352	15	0	16	0	ff0000000c000000
text.anm	1	1368	2	12	8	0	
text.anm	1	1376	-1	0	0	0	
text.anm	2	1384	3	0	12	0	02000000
text.anm	2	1396	6	0	20	0	000088430000b04300000000
text.anm	2	1416	8	0	12	0	00000000
text.anm	2	1428	15	0	16	0	f00000003c000000
text.anm	2	1444	15	360	16	0	000000003c000000
text.anm	2	1460	1	420	8	0	
text.anm	2	1468	-1	0	0	0	
text.anm	3	1476	3	0	12	0	03000000
text.anm	3	1488	6	0	20	0	000088430000b84300000000
text.anm	3	1508	8	0	12	0	00000000
text.anm	3	1520	15	0	16	0	f00000003c000000
text.anm	3	1536	15	360	16	0	000000003c000000
text.anm	3	1552	1	420	8	0	
text.anm	3	1560	-1	0	0	0	
text.anm	4	1568	3	0	12	0	04000000
text.anm	4	1580	30	0	12	0	01000000
text.anm	4	1592	6	0	20	0	000050430000ac4300000000
text.anm	4	1612	8	0	12	0	00000000
text.anm	4	1624	15	0	16	0	ff0000001e000000
text.anm	4	1640	7	0	16	0	0000404000004040
text.anm	4	1656	36	0	24	0	1e000000000000000000803f0000803f
text.anm	4	1680	32	100	28	0	1e00000004000000000050430000dc4300000000
text.anm	4	1708	20	130	8	0	
text.anm	4	1716	21	130	12	0	01000000
text.anm	4	1728	32	130	28	0	1e00000004000000000000c30000dc4300000000
text.anm	4	1756	1	160	8	0	
text.anm	4	1764	-1	0	0	0	
text.anm	5	1772	3	0	12	0	05000000
text.anm	5	1784	6	0	20	0	0000804300009c4300000000
text.anm	5	1804	8	0	12	0	00000000
text.anm	5	1816	15	0	16	0	ff0000001e000000
text.anm	5	1832	7	0	16	0	0000404000004040
text.anm	5	1848	14	0	16	0	898888bd898888bd
text.anm	5	1864	14	30	16	0	0000000000000000
text.anm	5	1880	7	30	16	0	0000803f0000803f
text.anm	5	1896	32	100	28	0	1e00000004000000000080430000204200000000
text.anm	5	1924	20	130	8	0	
text.anm	5	1932	21	130	12	0	01000000
text.anm	5	1944	32	130	28	0	1e00000004000000000010440000204200000000
text.anm	5	1972	1	160	8	0	
text.anm	5	1980	-1	0	0	0	
text.anm	6	1988	3	0	12	0	05000000
text.anm	6	2000	6	0	20	0	0000804300009c4300000000
text.anm	6	2020	8	0	12	0	00000000
text.anm	6	2032	15	0	16	0	ff0000001e000000
text.anm	6	2048	7	0	16	0	0000a0400000a040
text.anm	6	2064	36	0	24	0	32000000040000000000803f0000803f
text.anm	6	2088	32	100	28	0	1e00000004000000000080430000204200000000
text.anm	6	2116	20	130	8	0	
text.anm	6	2124	21	130	12	0	01000000
text.anm	6	2136	32	130	28	0	1e00000004000000000010440000204200000000
text.anm	6	2164	1	160	8	0	
text.anm	6	2172	-1	0	0	0	
text.anm	7	2180	3	0	12	0	05000000
text.anm	7	2192	6	0	20	0	0000804300009c4300000000
text.anm	7	2212	82	0	12	0	01000000
text.anm	7	2224	8	0	12	0	00000000
text.anm	7	2236	15	10	16	0	ff0000001e000000
text.anm	7	2252	7	10	16	0	0000a0400000a040
text.anm	7	2268	36	10	24	0	32000000040000000000803f0000803f
text.anm	7	2292	15	60	16	0	1400000000000000
text.anm	7	2308	1	80	8	0	
text.anm	7	2316	-1	0	0	0	
text.anm	8	2324	3	0	12	0	05000000
text.anm	8	2336	6	0	20	0	0000804300009c4300000000
text.anm	8	2356	82	0	12	0	01000000
text.anm	8	2368	8	0	12	0	00000000
text.anm	8	2380	15	20	16	0	ff0000001e000000
text.anm	8	2396	7	20	16	0	0000a0400000a040
text.anm	8	2412	36	20	24	0	32000000040000000000803f0000803f
text.anm	8	2436	15	70	16	0	1400000000000000
text.anm	8	2452	1	90	8	0	
text.anm	8	2460	-1	0	0	0	
text.anm	9	2468	3	0	12	0	15000000
text.anm	9	2480	6	0	20	0	0000a0430000e04300000000
text.anm	9	2500	21	0	12	0	01000000
text.anm	9	2512	8	0	12	0	00000000
text.anm	9	2524	34	0	20	0	1400000000000000ff000000
text.anm	9	2544	20	20	8	0	
text.anm	9	2552	21	20	12	0	02000000
text.anm	9	2564	34	20	20	0	3c0000000000000000000000
text.anm	9	2584	23	80	8	0	
text.anm	9	2592	-1	0	0	0	
text.anm	10	2600	3	0	12	0	15000000
text.anm	10	2612	22	0	8	0	
text.anm	10	2620	6	0	20	0	000080420000a04300000000
text.anm	10	2640	23	0	8	0	
text.anm	10	2648	21	0	12	0	01000000
text.anm	10	2660	8	0	12	0	00000000
text.anm	10	2672	79	0	12	0	00000000
text.anm	10	2684	34	0	20	0	1400000000000000ff000000
text.anm	10	2704	20	20	8	0	
text.anm	10	2712	21	20	12	0	02000000
text.anm	10	2724	34	20	20	0	140000000000000080000000
text.anm	10	2744	20	80	8	0	
text.anm	10	2752	21	80	12	0	ffffffff
text.anm	10	2764	79	80	12	0	00000000
text.anm	10	2776	34	80	20	0	1e0000000000000000000000
text.anm	10	2796	1	110	8	0	
text.anm	10	2804	-1	0	0	0	
text.anm	11	2812	3	0	12	0	16000000
text.anm	11	2824	22	0	8	0	
text.anm	11	2832	6	0	20	0	000080420000a84300000000
text.anm	11	2852	23	0	8	0	
text.anm	11	2860	21	0	12	0	01000000
text.anm	11	2872	8	0	12	0	00000000
text.anm	11	2884	79	0	12	0	02000000
text.anm	11	2896	34	0	20	0	1400000000000000ff000000
text.anm	11	2916	20	20	8	0	
text.anm	11	2924	21	20	12	0	02000000
text.anm	11	2936	34	20	20	0	140000000000000080000000
text.anm	11	2956	20	80	8	0	
text.anm	11	2964	21	80	12	0	ffffffff
text.anm	11	2976	79	80	12	0	02000000
text.anm	11	2988	34	80	20	0	1e0000000000000000000000
text.anm	11	3008	1	110	8	0	
text.anm	11	3016	-1	0	0	0	
text.anm	12	3024	3	0	12	0	17000000
text.anm	12	3036	22	0	8	0	
text.anm	12	3044	6	0	20	0	000080420000b04300000000
text.anm	12	3064	23	0	8	0	
text.anm	12	3072	21	0	12	0	01000000
text.anm	12	3084	8	0	12	0	00000000
text.anm	12	3096	79	0	12	0	04000000
text.anm	12	3108	34	0	20	0	1400000000000000ff000000
text.anm	12	3128	20	20	8	0	
text.anm	12	3136	21	20	12	0	02000000
text.anm	12	3148	34	20	20	0	140000000000000080000000
text.anm	12	3168	20	80	8	0	
text.anm	12	3176	21	80	12	0	ffffffff
text.anm	12	3188	79	80	12	0	04000000
text.anm	12	3200	34	80	20	0	1e0000000000000000000000
text.anm	12	3220	1	110	8	0	
text.anm	12	3228	-1	0	0	0	
text.anm	13	3236	3	0	12	0	18000000
text.anm	13	3248	22	0	8	0	
text.anm	13	3256	6	0	20	0	000080420000b84300000000
text.anm	13	3276	23	0	8	0	
text.anm	13	3284	21	0	12	0	01000000
text.anm	13	3296	8	0	12	0	00000000
text.anm	13	3308	79	0	12	0	06000000
text.anm	13	3320	34	0	20	0	1400000000000000ff000000
text.anm	13	3340	20	20	8	0	
text.anm	13	3348	21	20	12	0	02000000
text.anm	13	3360	34	20	20	0	140000000000000080000000
text.anm	13	3380	20	80	8	0	
text.anm	13	3388	21	80	12	0	ffffffff
text.anm	13	3400	79	80	12	0	06000000
text.anm	13	3412	34	80	20	0	1e0000000000000000000000
text.anm	13	3432	1	110	8	0	
text.anm	13	3440	-1	0	0	0	
text.anm	14	3448	3	0	12	0	19000000
text.anm	14	3460	22	0	8	0	
text.anm	14	3468	6	0	20	0	000080420000c04300000000
text.anm	14	3488	23	0	8	0	
text.anm	14	3496	21	0	12	0	01000000
text.anm	14	3508	8	0	12	0	00000000
text.anm	14	3520	79	0	12	0	08000000
text.anm	14	3532	34	0	20	0	1400000000000000ff000000
text.anm	14	3552	20	20	8	0	
text.anm	14	3560	21	20	12	0	02000000
text.anm	14	3572	34	20	20	0	140000000000000080000000
text.anm	14	3592	20	80	8	0	
text.anm	14	3600	21	80	12	0	ffffffff
text.anm	14	3612	79	80	12	0	08000000
text.anm	14	3624	34	80	20	0	1e0000000000000000000000
text.anm	14	3644	1	110	8	0	
text.anm	14	3652	-1	0	0	0	
text.anm	15	3660	3	0	12	0	1a000000
text.anm	15	3672	22	0	8	0	
text.anm	15	3680	6	0	20	0	000080420000c84300000000
text.anm	15	3700	23	0	8	0	
text.anm	15	3708	21	0	12	0	01000000
text.anm	15	3720	8	0	12	0	00000000
text.anm	15	3732	79	0	12	0	0a000000
text.anm	15	3744	34	0	20	0	1400000000000000ff000000
text.anm	15	3764	20	20	8	0	
text.anm	15	3772	21	20	12	0	02000000
text.anm	15	3784	34	20	20	0	140000000000000080000000
text.anm	15	3804	20	80	8	0	
text.anm	15	3812	21	80	12	0	ffffffff
text.anm	15	3824	79	80	12	0	0a000000
text.anm	15	3836	34	80	20	0	1e0000000000000000000000
text.anm	15	3856	1	110	8	0	
text.anm	15	3864	-1	0	0	0	
text.anm	16	3872	3	0	12	0	1b000000
text.anm	16	3884	22	0	8	0	
text.anm	16	3892	6	0	20	0	000080420000d04300000000
text.anm	16	3912	23	0	8	0	
text.anm	16	3920	21	0	12	0	01000000
text.anm	16	3932	8	0	12	0	00000000
text.anm	16	3944	79	0	12	0	0c000000
text.anm	16	3956	34	0	20	0	1400000000000000ff000000
text.anm	16	3976	20	20	8	0	
text.anm	16	3984	21	20	12	0	02000000
text.anm	16	3996	34	20	20	0	140000000000000080000000
text.anm	16	4016	20	80	8	0	
text.anm	16	4024	21	80	12	0	ffffffff
text.anm	16	4036	79	80	12	0	0c000000
text.anm	16	4048	34	80	20	0	1e0000000000000000000000
text.anm	16	4068	1	110	8	0	
text.anm	16	4076	-1	0	0	0	
text.anm	17	4084	3	0	12	0	1c000000
text.anm	17	4096	22	0	8	0	
text.anm	17	4104	6	0	20	0	000080420000d84300000000
text.anm	17	4124	23	0	8	0	
text.anm	17	4132	21	0	12	0	01000000
text.anm	17	4144	8	0	12	0	00000000
text.anm	17	4156	79	0	12	0	0e000000
text.anm	17	4168	34	0	20	0	1400000000000000ff000000
text.anm	17	4188	20	20	8	0	
text.anm	17	4196	21	20	12	0	02000000
text.anm	17	4208	34	20	20	0	140000000000000080000000
text.anm	17	4228	20	80	8	0	
text.anm	17	4236	21	80	12	0	ffffffff
text.anm	17	4248	79	80	12	0	0e000000
text.anm	17	4260	34	80	20	0	1e0000000000000000000000
text.anm	17	4280	1	110	8	0	
text.anm	17	4288	-1	0	0	0	
text.anm	18	4296	3	0	12	0	15000000
text.anm	18	4308	22	0	8	0	
text.anm	18	4316	6	0	20	0	000080420000c04300000000
text.anm	18	4336	8	0	12	0	00000000
text.anm	18	4348	21	0	12	0	02000000
text.anm	18	4360	23	0	8	0	
text.anm	18	4368	21	0	12	0	01000000
text.anm	18	4380	7	0	16	0	0000803f00000000
text.anm	18	4396	36	0	24	0	06000000000000000000803f0000803f
text.anm	18	4420	8	0	12	0	00000000
text.anm	18	4432	34	0	20	0	0a00000000000000ff000000
text.anm	18	4452	20	11	8	0	
text.anm	18	4460	-1	0	0	0	
text.anm	19	4468	3	0	12	0	16000000
text.anm	19	4480	22	0	8	0	
text.anm	19	4488	6	0	20	0	000080420000c04300000000
text.anm	19	4508	8	0	12	0	00000000
text.anm	19	4520	21	0	12	0	02000000
text.anm	19	4532	23	0	8	0	
text.anm	19	4540	21	0	12	0	01000000
text.anm	19	4552	7	0	16	0	0000803f00000000
text.anm	19	4568	36	0	24	0	06000000000000000000803f0000803f
text.anm	19	4592	8	0	12	0	00000000
text.anm	19	4604	34	0	20	0	0a00000000000000ff000000
text.anm	19	4624	20	11	8	0	
text.anm	19	4632	-1	0	0	0	
text.anm	20	4640	3	0	12	0	17000000
text.anm	20	4652	22	0	8	0	
text.anm	20	4660	6	0	20	0	000080420000c04300000000
text.anm	20	4680	8	0	12	0	00000000
text.anm	20	4692	21	0	12	0	02000000
text.anm	20	4704	23	0	8	0	
text.anm	20	4712	21	0	12	0	01000000
text.anm	20	4724	7	0	16	0	0000803f00000000
text.anm	20	4740	36	0	24	0	06000000000000000000803f0000803f
text.anm	20	4764	8	0	12	0	00000000
text.anm	20	4776	34	0	20	0	0a00000000000000ff000000
text.anm	20	4796	20	11	8	0	
text.anm	20	4804	-1	0	0	0	
text.anm	21	4812	3	0	12	0	18000000
text.anm	21	4824	22	0	8	0	
text.anm	21	4832	6	0	20	0	000080420000c04300000000
text.anm	21	4852	8	0	12	0	00000000
text.anm	21	4864	21	0	12	0	02000000
text.anm	21	4876	23	0	8	0	
text.anm	21	4884	21	0	12	0	01000000
text.anm	21	4896	7	0	16	0	0000803f00000000
text.anm	21	4912	36	0	24	0	06000000000000000000803f0000803f
text.anm	21	4936	8	0	12	0	00000000
text.anm	21	4948	34	0	20	0	0a00000000000000ff000000
text.anm	21	4968	20	11	8	0	
text.anm	21	4976	-1	0	0	0	
text.anm	22	4984	3	0	12	0	19000000
text.anm	22	4996	22	0	8	0	
text.anm	22	5004	6	0	20	0	000080420000c04300000000
text.anm	22	5024	8	0	12	0	00000000
text.anm	22	5036	21	0	12	0	02000000
text.anm	22	5048	23	0	8	0	
text.anm	22	5056	21	0	12	0	01000000
text.anm	22	5068	7	0	16	0	0000803f00000000
text.anm	22	5084	36	0	24	0	06000000000000000000803f0000803f
text.anm	22	5108	8	0	12	0	00000000
text.anm	22	5120	34	0	20	0	0a00000000000000ff000000
text.anm	22	5140	20	11	8	0	
text.anm	22	5148	-1	0	0	0	
text.anm	23	5156	3	0	12	0	1a000000
text.anm	23	5168	22	0	8	0	
text.anm	23	5176	6	0	20	0	000080420000c04300000000
text.anm	23	5196	8	0	12	0	00000000
text.anm	23	5208	21	0	12	0	02000000
text.anm	23	5220	23	0	8	0	
text.anm	23	5228	21	0	12	0	01000000
text.anm	23	5240	7	0	16	0	0000803f00000000
text.anm	23	5256	36	0	24	0	06000000000000000000803f0000803f
text.anm	23	5280	8	0	12	0	00000000
text.anm	23	5292	34	0	20	0	0a00000000000000ff000000
text.anm	23	5312	20	11	8	0	
text.anm	23	5320	-1	0	0	0	
text.anm	24	5328	3	0	12	0	1b000000
text.anm	24	5340	22	0	8	0	
text.anm	24	5348	6	0	20	0	000080420000c04300000000
text.anm	24	5368	8	0	12	0	00000000
text.anm	24	5380	21	0	12	0	02000000
text.anm	24	5392	23	0	8	0	
text.anm	24	5400	21	0	12	0	01000000
text.anm	24	5412	7	0	16	0	0000803f00000000
text.anm	24	5428	36	0	24	0	06000000000000000000803f0000803f
text.anm	24	5452	8	0	12	0	00000000
text.anm	24	5464	34	0	20	0	0a00000000000000ff000000
text.anm	24	5484	20	11	8	0	
text.anm	24	5492	-1	0	0	0	
text.anm	25	5500	3	0	12	0	1c000000
text.anm	25	5512	22	0	8	0	
text.anm	25	5520	6	0	20	0	000080420000c04300000000
text.anm	25	5540	8	0	12	0	00000000
text.anm	25	5552	21	0	12	0	02000000
text.anm	25	5564	23	0	8	0	
text.anm	25	5572	21	0	12	0	01000000
text.anm	25	5584	7	0	16	0	0000803f00000000
text.anm	25	5600	36	0	24	0	06000000000000000000803f0000803f
text.anm	25	5624	8	0	12	0	00000000
text.anm	25	5636	34	0	20	0	0a00000000000000ff000000
text.anm	25	5656	20	11	8	0	
text.anm	25	5664	-1	0	0	0	
text.anm	26	5672	3	0	12	0	1d000000
text.anm	26	5684	22	0	8	0	
text.anm	26	5692	6	0	20	0	000080420000c04300000000
text.anm	26	5712	8	0	12	0	00000000
text.anm	26	5724	21	0	12	0	02000000
text.anm	26	5736	23	0	8	0	
text.anm	26	5744	21	0	12	0	01000000
text.anm	26	5756	7	0	16	0	0000803f00000000
text.anm	26	5772	36	0	24	0	06000000000000000000803f0000803f
text.anm	26	5796	8	0	12	0	00000000
text.anm	26	5808	34	0	20	0	0a00000000000000ff000000
text.anm	26	5828	20	11	8	0	
text.anm	26	5836	-1	0	0	0	
text.anm	27	5844	3	0	12	0	1e000000
text.anm	27	5856	22	0	8	0	
text.anm	27	5864	6	0	20	0	000080420000c04300000000
text.anm	27	5884	8	0	12	0	00000000
text.anm	27	5896	21	0	12	0	02000000
text.anm	27	5908	23	0	8	0	
text.anm	27	5916	21	0	12	0	01000000
text.anm	27	5928	7	0	16	0	0000803f00000000
text.anm	27	5944	36	0	24	0	06000000000000000000803f0000803f
text.anm	27	5968	8	0	12	0	00000000
text.anm	27	5980	34	0	20	0	0a00000000000000ff000000
text.anm	27	6000	20	11	8	0	
text.anm	27	6008	-1	0	0	0	
text.anm	28	6016	3	0	12	0	1f000000
text.anm	28	6028	22	0	8	0	
text.anm	28	6036	6	0	20	0	000080420000c04300000000
text.anm	28	6056	8	0	12	0	00000000
text.anm	28	6068	21	0	12	0	02000000
text.anm	28	6080	23	0	8	0	
text.anm	28	6088	21	0	12	0	01000000
text.anm	28	6100	7	0	16	0	0000803f00000000
text.anm	28	6116	36	0	24	0	06000000000000000000803f0000803f
text.anm	28	6140	8	0	12	0	00000000
text.anm	28	6152	34	0	20	0	0a00000000000000ff000000
text.anm	28	6172	20	11	8	0	
text.anm	28	6180	-1	0	0	0	
text.anm	29	6188	3	0	12	0	20000000
text.anm	29	6200	22	0	8	0	
text.anm	29	6208	6	0	20	0	000080420000c04300000000
text.anm	29	6228	8	0	12	0	00000000
text.anm	29	6240	21	0	12	0	02000000
text.anm	29	6252	23	0	8	0	
text.anm	29	6260	21	0	12	0	01000000
text.anm	29	6272	7	0	16	0	0000803f00000000
text.anm	29	6288	36	0	24	0	06000000000000000000803f0000803f
text.anm	29	6312	8	0	12	0	00000000
text.anm	29	6324	34	0	20	0	0a00000000000000ff000000
text.anm	29	6344	20	11	8	0	
text.anm	29	6352	-1	0	0	0	
text.anm	30	6360	3	0	12	0	21000000
text.anm	30	6372	22	0	8	0	
text.anm	30	6380	6	0	20	0	000080420000c04300000000
text.anm	30	6400	8	0	12	0	00000000
text.anm	30	6412	21	0	12	0	02000000
text.anm	30	6424	23	0	8	0	
text.anm	30	6432	21	0	12	0	01000000
text.anm	30	6444	7	0	16	0	0000803f00000000
text.anm	30	6460	36	0	24	0	06000000000000000000803f0000803f
text.anm	30	6484	8	0	12	0	00000000
text.anm	30	6496	34	0	20	0	0a00000000000000ff000000
text.anm	30	6516	20	11	8	0	
text.anm	30	6524	-1	0	0	0	
text.anm	31	6532	3	0	12	0	22000000
text.anm	31	6544	22	0	8	0	
text.anm	31	6552	6	0	20	0	000080420000c04300000000
text.anm	31	6572	8	0	12	0	00000000
text.anm	31	6584	21	0	12	0	02000000
text.anm	31	6596	23	0	8	0	
text.anm	31	6604	21	0	12	0	01000000
text.anm	31	6616	7	0	16	0	0000803f00000000
text.anm	31	6632	36	0	24	0	06000000000000000000803f0000803f
text.anm	31	6656	8	0	12	0	00000000
text.anm	31	6668	34	0	20	0	0a00000000000000ff000000
text.anm	31	6688	20	11	8	0	
text.anm	31	6696	-1	0	0	0	
text.anm	32	6704	3	0	12	0	23000000
text.anm	32	6716	22	0	8	0	
text.anm	32	6724	6	0	20	0	000080420000c04300000000
text.anm	32	6744	8	0	12	0	00000000
text.anm	32	6756	21	0	12	0	02000000
text.anm	32	6768	23	0	8	0	
text.anm	32	6776	21	0	12	0	01000000
text.anm	32	6788	7	0	16	0	0000803f00000000
text.anm	32	6804	36	0	24	0	06000000000000000000803f0000803f
text.anm	32	6828	8	0	12	0	00000000
text.anm	32	6840	34	0	20	0	0a00000000000000ff000000
text.anm	32	6860	20	11	8	0	
text.anm	32	6868	-1	0	0	0	
text.anm	33	6876	3	0	12	0	15000000
text.anm	33	6888	21	0	12	0	02000000
text.anm	33	6900	33	8	28	0	10000000000000004000000040000000ff000000
text.anm	33	6928	34	8	20	0	1000000000000000ff000000
text.anm	33	6948	20	24	8	0	
text.anm	33	6956	21	24	12	0	01000000
text.anm	33	6968	33	32	28	0	1000000000000000ff000000ff000000ff000000
text.anm	33	6996	34	32	20	0	1000000000000000ff000000
text.anm	33	7016	20	48	8	0	
text.anm	33	7024	4	10048	16	0	9400000030000000
text.anm	33	7040	-1	0	0	0	
times.anm	0	504	3	0	12	0	00000000
times.anm	0	516	6	0	20	0	000080430000864300000000
times.anm	0	536	8	0	12	0	00000000
times.anm	0	548	7	0	16	0	0000204100000000
times.anm	0	564	34	240	20	0	3c00000000000000ff000000
times.anm	0	584	36	240	24	0	10000000040000000000803f0000803f
times.anm	0	608	33	300	28	0	3c00000000000000500000006000000090000000
times.anm	0	636	34	360	20	0	3c0000000000000000000000
times.anm	0	656	1	420	8	0	
times.anm	0	664	-1	0	0	0	
times.anm	1	672	3	0	12	0	00000000
times.anm	1	684	6	0	20	0	000060430000684300000000
times.anm	1	704	8	0	12	0	00000000
times.anm	1	716	34	0	20	0	1e00000000000000ff000000
times.anm	1	736	20	0	8	0	
times.anm	1	744	21	0	12	0	01000000
times.anm	1	756	36	0	24	0	0f000000040000000000803f00000000
times.anm	1	780	36	15	24	0	0f000000040000000000803f0000803f
times.anm	1	804	34	75	20	0	140000000000000000000000
times.anm	1	824	1	95	8	0	
times.anm	1	832	21	95	12	0	02000000
times.anm	1	844	34	95	20	0	140000000000000000000000
times.anm	1	864	1	115	8	0	
times.anm	1	872	-1	0	0	0	
times.anm	2	880	3	0	12	0	00000000
times.anm	2	892	6	0	20	0	0000a0430000c04200000000
times.anm	2	912	8	0	12	0	00000000
times.anm	2	924	7	0	16	0	0000204100000000
times.anm	2	940	34	0	20	0	1e00000000000000ff000000
times.anm	2	960	36	0	24	0	10000000040000000000803f0000803f
times.anm	2	984	0	60	8	0	
times.anm	2	992	33	60	28	0	1400000000000000ff0000004000000040000000
times.anm	2	1020	33	80	28	0	1400000000000000ff000000ff000000ff000000
times.anm	2	1048	4	100	16	0	700000003c000000
times.anm	2	1064	21	100	12	0	01000000
times.anm	2	1076	7	100	16	0	0000000000000000
times.anm	2	1092	36	100	24	0	0f000000040000000000803f0000803f
times.anm	2	1116	0	130	8	0	
times.anm	2	1124	33	130	28	0	1400000000000000ff0000004000000040000000
times.anm	2	1152	33	150	28	0	1400000000000000ff000000ff000000ff000000
times.anm	2	1180	4	170	16	0	f400000082000000
times.anm	2	1196	21	170	12	0	02000000
times.anm	2	1208	7	170	16	0	0000000000000000
times.anm	2	1224	36	170	24	0	0f000000040000000000803f0000803f
times.anm	2	1248	0	200	8	0	
times.anm	2	1256	33	200	28	0	0a00000000000000ff0000002000000020000000
times.anm	2	1284	33	210	28	0	0a00000000000000ff000000ff000000ff000000
times.anm	2	1312	4	220	16	0	78010000c8000000
times.anm	2	1328	-1	0	0	0	
title01.anm	0	128	3	0	12	0	00000000
title01.anm	0	140	22	0	8	0	
title01.anm	0	148	30	0	12	0	01000000
title01.anm	0	160	8	0	12	0	00000000
title01.anm	0	172	6	0	20	0	0000c0430000000000000000
title01.anm	0	192	21	0	12	0	02000000
title01.anm	0	204	15	0	16	0	ff00000010000000
title01.anm	0	220	17	0	24	0	0000c04300000000000000001e000000
title01.anm	0	244	20	60	8	0	
title01.anm	0	252	21	60	12	0	05000000
title01.anm	0	264	21	60	12	0	03000000
title01.anm	0	276	17	60	24	0	0000204400000000000000001e000000
title01.anm	0	300	15	60	16	0	000000001e000000
title01.anm	0	316	21	60	12	0	ffffffff
title01.anm	0	328	23	92	8	0	
title01.anm	0	336	21	92	12	0	01000000
title01.anm	0	348	15	92	16	0	0000000020000000
title01.anm	0	364	1	124	8	0	
title01.anm	0	372	-1	0	0	0	
title01.anm	1	265644	3	0	12	0	01000000
title01.anm	1	265656	22	0	8	0	
title01.anm	1	265664	30	0	12	0	01000000
title01.anm	1	265676	8	0	12	0	00000000
title01.anm	1	265688	6	0	20	0	000080420000344300000000
title01.anm	1	265708	21	0	12	0	02000000
title01.anm	1	265720	15	0	16	0	ff00000010000000
title01.anm	1	265736	17	0	24	0	0000c04200003443000000001e000000
title01.anm	1	265760	18	256	24	0	cdccac42000034430000000060000000
title01.anm	1	265784	18	512	24	0	6666c642000034430000000060000000
title01.anm	1	265808	4	768	16	0	7400000000000000
title01.anm	1	265824	21	768	12	0	05000000
title01.anm	1	265836	21	768	12	0	03000000
title01.anm	1	265848	17	768	24	0	000020c300003443000000001e000000
title01.anm	1	265872	15	768	16	0	000000001e000000
title01.anm	1	265888	21	768	12	0	ffffffff
title01.anm	1	265900	23	800	8	0	
title01.anm	1	265908	21	800	12	0	01000000
title01.anm	1	265920	17	800	24	0	0000e04200003443000000001e000000
title01.anm	1	265944	15	800	16	0	000000001e000000
title01.anm	1	265960	1	832	8	0	
title01.anm	1	265968	-1	0	0	0	
title01.anm	2	265976	3	0	12	0	03000000
title01.anm	2	265988	22	0	8	0	
title01.anm	2	265996	30	0	12	0	01000000
title01.anm	2	266008	8	0	12	0	00000000
title01.anm	2	266020	6	0	20	0	000080420000504300000000
title01.anm	2	266040	21	0	12	0	02000000
title01.anm	2	266052	15	6	16	0	ff00000010000000
title01.anm	2	266068	17	6	24	0	0000584200005043000000001e000000
title01.anm	2	266092	18	262	24	0	00006442000050430000000060000000
title01.anm	2	266116	18	518	24	0	00005442000050430000000060000000
title01.anm	2	266140	4	774	16	0	7400000006000000
title01.anm	2	266156	21	774	12	0	05000000
title01.anm	2	266168	21	774	12	0	03000000
title01.anm	2	266180	17	774	24	0	000020c300005043000000001e000000
title01.anm	2	266204	15	774	16	0	000000001e000000
title01.anm	2	266220	21	774	12	0	ffffffff
title01.anm	2	266232	23	806	8	0	
title01.anm	2	266240	21	806	12	0	01000000
title01.anm	2	266252	17	806	24	0	0000444200005043000000001e000000
title01.anm	2	266276	15	806	16	0	000000001e000000
title01.anm	2	266292	1	838	8	0	
title01.anm	2	266300	-1	0	0	0	
title01.anm	3	266308	3	0	12	0	0d000000
title01.anm	3	266320	22	0	8	0	
title01.anm	3	266328	30	0	12	0	01000000
title01.anm	3	266340	8	0	12	0	00000000
title01.anm	3	266352	6	0	20	0	0000804200006c4300000000
title01.anm	3	266372	21	0	12	0	02000000
title01.anm	3	266384	15	12	16	0	ff00000010000000
title01.anm	3	266400	17	12	24	0	0000944200006c43000000001e000000
title01.anm	3	266424	18	268	24	0	00008e4200006c430000000060000000
title01.anm	3	266448	18	524	24	0	0000964200006c430000000060000000
title01.anm	3	266472	4	780	16	0	740000000c000000
title01.anm	3	266488	21	780	12	0	05000000
title01.anm	3	266500	21	780	12	0	03000000
title01.anm	3	266512	17	780	24	0	000020c300006c43000000001e000000
title01.anm	3	266536	15	780	16	0	000000001e000000
title01.anm	3	266552	21	780	12	0	ffffffff
title01.anm	3	266564	23	812	8	0	
title01.anm	3	266572	21	812	12	0	01000000
title01.anm	3	266584	17	812	24	0	00009e4200006c43000000001e000000
title01.anm	3	266608	15	812	16	0	000000001e000000
title01.anm	3	266624	1	844	8	0	
title01.anm	3	266632	-1	0	0	0	
title01.anm	4	266640	3	0	12	0	05000000
title01.anm	4	266652	22	0	8	0	
title01.anm	4	266660	30	0	12	0	01000000
title01.anm	4	266672	8	0	12	0	00000000
title01.anm	4	266684	6	0	20	0	000080420000844300000000
title01.anm	4	266704	21	0	12	0	02000000
title01.anm	4	266716	15	18	16	0	ff00000010000000
title01.anm	4	266732	17	18	24	0	0000804200008443000000001e000000
title01.anm	4	266756	18	274	24	0	00008042000084430000000060000000
title01.anm	4	266780	18	530	24	0	00008042000084430000000060000000
title01.anm	4	266804	4	786	16	0	7400000012000000
title01.anm	4	266820	21	786	12	0	05000000
title01.anm	4	266832	21	786	12	0	03000000
title01.anm	4	266844	17	786	24	0	000020c300008443000000001e000000
title01.anm	4	266868	15	786	16	0	000000001e000000
title01.anm	4	266884	21	786	12	0	ffffffff
title01.anm	4	266896	23	818	8	0	
title01.anm	4	266904	21	818	12	0	01000000
title01.anm	4	266916	17	818	24	0	0000804200008443000000001e000000
title01.anm	4	266940	15	818	16	0	000000001e000000
title01.anm	4	266956	1	850	8	0	
title01.anm	4	266964	-1	0	0	0	
title01.anm	5	266972	3	0	12	0	07000000
title01.anm	5	266984	22	0	8	0	
title01.anm	5	266992	30	0	12	0	01000000
title01.anm	5	267004	8	0	12	0	00000000
title01.anm	5	267016	6	0	20	0	000080420000924300000000
title01.anm	5	267036	21	0	12	0	02000000
title01.anm	5	267048	15	24	16	0	ff00000010000000
title01.anm	5	267064	17	24	24	0	0000004200009243000000001e000000
title01.anm	5	267088	18	280	24	0	66662642000092430000000060000000
title01.anm	5	267112	18	536	24	0	6666e641000092430000000060000000
title01.anm	5	267136	4	792	16	0	7400000018000000
title01.anm	5	267152	21	792	12	0	05000000
title01.anm	5	267164	21	792	12	0	03000000
title01.anm	5	267176	17	792	24	0	000020c300009243000000001e000000
title01.anm	5	267200	15	792	16	0	000000001e000000
title01.anm	5	267216	21	792	12	0	ffffffff
title01.anm	5	267228	23	824	8	0	
title01.anm	5	267236	21	824	12	0	01000000
title01.anm	5	267248	17	824	24	0	0000804100009243000000001e000000
title01.anm	5	267272	15	824	16	0	000000001e000000
title01.anm	5	267288	1	856	8	0	
title01.anm	5	267296	-1	0	0	0	
title01.anm	6	267304	3	0	12	0	09000000
title01.anm	6	267316	22	0	8	0	
title01.anm	6	267324	30	0	12	0	01000000
title01.anm	6	267336	8	0	12	0	00000000
title01.anm	6	267348	6	0	20	0	000080420000a04300000000
title01.anm	6	267368	21	0	12	0	02000000
title01.anm	6	267380	15	30	16	0	ff00000010000000
title01.anm	6	267396	17	30	24	0	0000e0420000a043000000001e000000
title01.anm	6	267420	18	286	24	0	3333c3420000a0430000000060000000
title01.anm	6	267444	18	542	24	0	9a99e9420000a0430000000060000000
title01.anm	6	267468	4	798	16	0	740000001e000000
title01.anm	6	267484	21	798	12	0	05000000
title01.anm	6	267496	21	798	12	0	03000000
title01.anm	6	267508	17	798	24	0	000020c30000a043000000001e000000
title01.anm	6	267532	15	798	16	0	000000001e000000
title01.anm	6	267548	21	798	12	0	ffffffff
title01.anm	6	267560	23	830	8	0	
title01.anm	6	267568	21	830	12	0	01000000
title01.anm	6	267580	17	830	24	0	000008430000a043000000001e000000
title01.anm	6	267604	15	830	16	0	000000001e000000
title01.anm	6	267620	1	862	8	0	
title01.anm	6	267628	-1	0	0	0	
title01.anm	7	267636	3	0	12	0	0b000000
title01.anm	7	267648	22	0	8	0	
title01.anm	7	267656	30	0	12	0	01000000
title01.anm	7	267668	8	0	12	0	00000000
title01.anm	7	267680	6	0	20	0	000080420000ae4300000000
title01.anm	7	267700	21	0	12	0	02000000
title01.anm	7	267712	15	36	16	0	ff00000010000000
title01.anm	7	267728	17	36	24	0	0000b0420000ae43000000001e000000
title01.anm	7	267752	18	292	24	0	9a99a1420000ae430000000060000000
title01.anm	7	267776	18	548	24	0	cdccb4420000ae430000000060000000
title01.anm	7	267800	4	804	16	0	7400000024000000
title01.anm	7	267816	21	804	12	0	05000000
title01.anm	7	267828	21	804	12	0	03000000
title01.anm	7	267840	17	804	24	0	000020c30000ae43000000001e000000
title01.anm	7	267864	15	804	16	0	000000001e000000
title01.anm	7	267880	21	804	12	0	ffffffff
title01.anm	7	267892	23	836	8	0	
title01.anm	7	267900	21	836	12	0	01000000
title01.anm	7	267912	17	836	24	0	0000c8420000ae43000000001e000000
title01.anm	7	267936	15	836	16	0	000000001e000000
title01.anm	7	267952	1	868	8	0	
title01.anm	7	267960	-1	0	0	0	
title01.anm	8	267968	3	0	12	0	0f000000
title01.anm	8	267980	22	0	8	0	
title01.anm	8	267988	30	0	12	0	01000000
title01.anm	8	268000	8	0	12	0	00000000
title01.anm	8	268012	6	0	20	0	000080420000bc4300000000
title01.anm	8	268032	21	0	12	0	02000000
title01.anm	8	268044	15	42	16	0	ff00000010000000
title01.anm	8	268060	17	42	24	0	000020420000bc43000000001e000000
title01.anm	8	268084	18	298	24	0	cdcc3c420000bc430000000060000000
title01.anm	8	268108	18	554	24	0	666616420000bc430000000060000000
title01.anm	8	268132	4	810	16	0	740000002a000000
title01.anm	8	268148	21	810	12	0	05000000
title01.anm	8	268160	21	810	12	0	03000000
title01.anm	8	268172	17	810	24	0	000020c30000bc43000000001e000000
title01.anm	8	268196	15	810	16	0	000000001e000000
title01.anm	8	268212	21	810	12	0	ffffffff
title01.anm	8	268224	23	842	8	0	
title01.anm	8	268232	21	842	12	0	01000000
title01.anm	8	268244	17	842	24	0	0000e0410000bc43000000001e000000
title01.anm	8	268268	15	842	16	0	000000001e000000
title01.anm	8	268284	1	874	8	0	
title01.anm	8	268292	-1	0	0	0	
title01.anm	9	268300	3	0	12	0	11000000
title01.anm	9	268312	22	0	8	0	
title01.anm	9	268320	30	0	12	0	01000000
title01.anm	9	268332	8	0	12	0	00000000
title01.anm	9	268344	6	0	20	0	000080420000ca4300000000
title01.anm	9	268364	21	0	12	0	02000000
title01.anm	9	268376	15	48	16	0	ff00000010000000
title01.anm	9	268392	17	48	24	0	000080420000ca43000000001e000000
title01.anm	9	268416	18	304	24	0	000080420000ca430000000060000000
title01.anm	9	268440	18	560	24	0	000080420000ca430000000060000000
title01.anm	9	268464	4	816	16	0	7400000030000000
title01.anm	9	268480	21	816	12	0	05000000
title01.anm	9	268492	21	816	12	0	03000000
title01.anm	9	268504	17	816	24	0	000020c30000ca43000000001e000000
title01.anm	9	268528	15	816	16	0	000000001e000000
title01.anm	9	268544	21	816	12	0	ffffffff
title01.anm	9	268556	23	848	8	0	
title01.anm	9	268564	21	848	12	0	01000000
title01.anm	9	268576	17	848	24	0	000080420000ca43000000001e000000
title01.anm	9	268600	15	848	16	0	000000001e000000
title01.anm	9	268616	1	880	8	0	
title01.anm	9	268624	-1	0	0	0	
title01.anm	10	268632	3	0	12	0	13000000
title01.anm	10	268644	22	0	8	0	
title01.anm	10	268652	30	0	12	0	01000000
title01.anm	10	268664	8	0	12	0	00000000
title01.anm	10	268676	6	0	20	0	0000c0420000dc4200000000
title01.anm	10	268696	21	0	12	0	ffffffff
title01.anm	10	268708	23	0	8	0	
title01.anm	10	268716	21	0	12	0	03000000
title01.anm	10	268728	15	0	16	0	ff00000010000000
title01.anm	10	268744	17	0	24	0	000000430000dc42000000001e000000
title01.anm	10	268768	20	30	8	0	
title01.anm	10	268776	21	30	12	0	02000000
title01.anm	10	268788	21	30	12	0	04000000
title01.anm	10	268800	17	30	24	0	0000c0420000dc420000000030000000
title01.anm	10	268824	15	30	16	0	0000000020000000
title01.anm	10	268840	23	62	8	0	
title01.anm	10	268848	21	62	12	0	01000000
title01.anm	10	268860	1	94	8	0	
title01.anm	10	268868	-1	0	0	0	
title01.anm	11	268876	3	0	12	0	15000000
title01.anm	11	268888	22	0	8	0	
title01.anm	11	268896	30	0	12	0	01000000
title01.anm	11	268908	8	0	12	0	00000000
title01.anm	11	268920	6	0	20	0	0000004300001e4300000000
title01.anm	11	268940	21	0	12	0	ffffffff
title01.anm	11	268952	23	0	8	0	
title01.anm	11	268960	21	0	12	0	03000000
title01.anm	11	268972	15	6	16	0	ff00000010000000
title01.anm	11	268988	17	6	24	0	0000004300000e43000000001e000000
title01.anm	11	269012	20	36	8	0	
title01.anm	11	269020	21	36	12	0	02000000
title01.anm	11	269032	21	36	12	0	04000000
title01.anm	11	269044	17	36	24	0	0000004300001e430000000030000000
title01.anm	11	269068	15	36	16	0	0000000020000000
title01.anm	11	269084	23	68	8	0	
title01.anm	11	269092	21	68	12	0	01000000
title01.anm	11	269104	1	100	8	0	
title01.anm	11	269112	-1	0	0	0	
title01.anm	12	269120	3	0	12	0	17000000
title01.anm	12	269132	22	0	8	0	
title01.anm	12	269140	30	0	12	0	01000000
title01.anm	12	269152	8	0	12	0	00000000
title01.anm	12	269164	6	0	20	0	0000204300002e4300000000
title01.anm	12	269184	21	0	12	0	ffffffff
title01.anm	12	269196	23	0	8	0	
title01.anm	12	269204	21	0	12	0	03000000
title01.anm	12	269216	15	12	16	0	ff00000010000000
title01.anm	12	269232	17	12	24	0	0000004300002e43000000001e000000
title01.anm	12	269256	20	42	8	0	
title01.anm	12	269264	21	42	12	0	02000000
title01.anm	12	269276	21	42	12	0	04000000
title01.anm	12	269288	17	42	24	0	0000204300002e430000000030000000
title01.anm	12	269312	15	42	16	0	0000000020000000
title01.anm	12	269328	23	74	8	0	
title01.anm	12	269336	21	74	12	0	01000000
title01.anm	12	269348	1	106	8	0	
title01.anm	12	269356	-1	0	0	0	
title01.anm	13	269364	3	0	12	0	25000000
title01.anm	13	269376	22	0	8	0	
title01.anm	13	269384	30	0	12	0	01000000
title01.anm	13	269396	8	0	12	0	00000000
title01.anm	13	269408	6	0	20	0	0000004300003e4300000000
title01.anm	13	269428	21	0	12	0	ffffffff
title01.anm	13	269440	23	0	8	0	
title01.anm	13	269448	21	0	12	0	03000000
title01.anm	13	269460	15	18	16	0	ff00000010000000
title01.anm	13	269476	17	18	24	0	0000004300004e43000000001e000000
title01.anm	13	269500	20	48	8	0	
title01.anm	13	269508	21	48	12	0	02000000
title01.anm	13	269520	21	48	12	0	04000000
title01.anm	13	269532	17	48	24	0	0000004300003e430000000030000000
title01.anm	13	269556	15	48	16	0	0000000020000000
title01.anm	13	269572	23	80	8	0	
title01.anm	13	269580	21	80	12	0	01000000
title01.anm	13	269592	1	112	8	0	
title01.anm	13	269600	-1	0	0	0	
title01.anm	14	269608	3	0	12	0	19000000
title01.anm	14	269620	22	0	8	0	
title01.anm	14	269628	30	0	12	0	01000000
title01.anm	14	269640	8	0	12	0	00000000
title01.anm	14	269652	6	0	20	0	0000004300007e4300000000
title01.anm	14	269672	21	0	12	0	ffffffff
title01.anm	14	269684	23	0	8	0	
title01.anm	14	269692	21	0	12	0	03000000
title01.anm	14	269704	15	24	16	0	ff00000010000000
title01.anm	14	269720	17	24	24	0	0000004300006e43000000001e000000
title01.anm	14	269744	20	54	8	0	
title01.anm	14	269752	21	54	12	0	02000000
title01.anm	14	269764	21	54	12	0	04000000
title01.anm	14	269776	17	54	24	0	0000004300007e430000000030000000
title01.anm	14	269800	15	54	16	0	0000000020000000
title01.anm	14	269816	23	86	8	0	
title01.anm	14	269824	21	86	12	0	01000000
title01.anm	14	269836	1	118	8	0	
title01.anm	14	269844	-1	0	0	0	
title01.anm	15	269852	3	0	12	0	1b000000
title01.anm	15	269864	22	0	8	0	
title01.anm	15	269872	30	0	12	0	01000000
title01.anm	15	269884	8	0	12	0	00000000
title01.anm	15	269896	6	0	20	0	0000f0420000874300000000
title01.anm	15	269916	21	0	12	0	ffffffff
title01.anm	15	269928	23	0	8	0	
title01.anm	15	269936	21	0	12	0	03000000
title01.anm	15	269948	15	30	16	0	ff00000010000000
title01.anm	15	269964	17	30	24	0	0000004300008743000000001e000000
title01.anm	15	269988	20	60	8	0	
title01.anm	15	269996	21	60	12	0	02000000
title01.anm	15	270008	21	60	12	0	04000000
title01.anm	15	270020	17	60	24	0	0000f042000087430000000030000000
title01.anm	15	270044	15	60	16	0	0000000020000000
title01.anm	15	270060	23	92	8	0	
title01.anm	15	270068	21	92	12	0	01000000
title01.anm	15	270080	1	124	8	0	
title01.anm	15	270088	-1	0	0	0	
title01.anm	16	270096	3	0	12	0	1d000000
title01.anm	16	270108	22	0	8	0	
title01.anm	16	270116	30	0	12	0	01000000
title01.anm	16	270128	8	0	12	0	00000000
title01.anm	16	270140	6	0	20	0	000000430000874300000000
title01.anm	16	270160	21	0	12	0	ffffffff
title01.anm	16	270172	23	0	8	0	
title01.anm	16	270180	21	0	12	0	03000000
title01.anm	16	270192	15	36	16	0	ff00000010000000
title01.anm	16	270208	17	36	24	0	0000004300009743000000001e000000
title01.anm	16	270232	20	66	8	0	
title01.anm	16	270240	21	66	12	0	02000000
title01.anm	16	270252	21	66	12	0	04000000
title01.anm	16	270264	17	66	24	0	00000043000087430000000030000000
title01.anm	16	270288	15	66	16	0	0000000020000000
title01.anm	16	270304	23	98	8	0	
title01.anm	16	270312	21	98	12	0	01000000
title01.anm	16	270324	1	130	8	0	
title01.anm	16	270332	-1	0	0	0	
title01.anm	17	270340	3	0	12	0	1f000000
title01.anm	17	270352	22	0	8	0	
title01.anm	17	270360	30	0	12	0	01000000
title01.anm	17	270372	8	0	12	0	00000000
title01.anm	17	270384	6	0	20	0	0000c0420000a74300000000
title01.anm	17	270404	21	0	12	0	ffffffff
title01.anm	17	270416	23	0	8	0	
title01.anm	17	270424	21	0	12	0	03000000
title01.anm	17	270436	15	42	16	0	ff00000010000000
title01.anm	17	270452	17	42	24	0	000000430000a743000000001e000000
title01.anm	17	270476	20	72	8	0	
title01.anm	17	270484	21	72	12	0	02000000
title01.anm	17	270496	21	72	12	0	04000000
title01.anm	17	270508	17	72	24	0	0000c0420000a7430000000030000000
title01.anm	17	270532	15	72	16	0	0000000020000000
title01.anm	17	270548	23	104	8	0	
title01.anm	17	270556	21	104	12	0	01000000
title01.anm	17	270568	1	136	8	0	
title01.anm	17	270576	-1	0	0	0	
title01.anm	18	270584	3	0	12	0	21000000
title01.anm	18	270596	22	0	8	0	
title01.anm	18	270604	30	0	12	0	01000000
title01.anm	18	270616	8	0	12	0	00000000
title01.anm	18	270628	6	0	20	0	000030430000b74300000000
title01.anm	18	270648	21	0	12	0	ffffffff
title01.anm	18	270660	23	0	8	0	
title01.anm	18	270668	21	0	12	0	03000000
title01.anm	18	270680	15	48	16	0	ff00000010000000
title01.anm	18	270696	17	48	24	0	000000430000b743000000001e000000
title01.anm	18	270720	20	78	8	0	
title01.anm	18	270728	21	78	12	0	02000000
title01.anm	18	270740	21	78	12	0	04000000
title01.anm	18	270752	17	78	24	0	000030430000b7430000000030000000
title01.anm	18	270776	15	78	16	0	0000000020000000
title01.anm	18	270792	23	110	8	0	
title01.anm	18	270800	21	110	12	0	01000000
title01.anm	18	270812	1	142	8	0	
title01.anm	18	270820	-1	0	0	0	
title01.anm	19	270828	3	0	12	0	23000000
title01.anm	19	270840	22	0	8	0	
title01.anm	19	270848	30	0	12	0	01000000
title01.anm	19	270860	8	0	12	0	00000000
title01.anm	19	270872	6	0	20	0	000000430000d74300000000
title01.anm	19	270892	21	0	12	0	ffffffff
title01.anm	19	270904	23	0	8	0	
title01.anm	19	270912	21	0	12	0	03000000
title01.anm	19	270924	15	54	16	0	ff00000010000000
title01.anm	19	270940	17	54	24	0	000000430000c743000000001e000000
title01.anm	19	270964	20	84	8	0	
title01.anm	19	270972	21	84	12	0	02000000
title01.anm	19	270984	21	84	12	0	04000000
title01.anm	19	270996	17	84	24	0	000000430000d7430000000030000000
title01.anm	19	271020	15	84	16	0	0000000020000000
title01.anm	19	271036	23	116	8	0	
title01.anm	19	271044	21	116	12	0	01000000
title01.anm	19	271056	1	148	8	0	
title01.anm	19	271064	-1	0	0	0	
title01.anm	20	271072	3	0	12	0	29000000
title01.anm	20	271084	22	0	8	0	
title01.anm	20	271092	30	0	12	0	01000000
title01.anm	20	271104	8	0	12	0	00000000
title01.anm	20	271116	6	0	20	0	000060430000dc4200000000
title01.anm	20	271136	21	0	12	0	ffffffff
title01.anm	20	271148	23	0	8	0	
title01.anm	20	271156	21	0	12	0	03000000
title01.anm	20	271168	15	6	16	0	ff00000010000000
title01.anm	20	271184	17	6	24	0	000080430000dc42000000001e000000
title01.anm	20	271208	20	36	8	0	
title01.anm	20	271216	21	36	12	0	02000000
title01.anm	20	271228	21	36	12	0	04000000
title01.anm	20	271240	17	36	24	0	000060430000dc420000000030000000
title01.anm	20	271264	15	36	16	0	0000000020000000
title01.anm	20	271280	23	68	8	0	
title01.anm	20	271288	21	68	12	0	01000000
title01.anm	20	271300	1	100	8	0	
title01.anm	20	271308	-1	0	0	0	
title01.anm	21	271316	3	0	12	0	2b000000
title01.anm	21	271328	22	0	8	0	
title01.anm	21	271336	30	0	12	0	01000000
title01.anm	21	271348	8	0	12	0	00000000
title01.anm	21	271360	6	0	20	0	0000904300009c4200000000
title01.anm	21	271380	21	0	12	0	ffffffff
title01.anm	21	271392	23	0	8	0	
title01.anm	21	271400	21	0	12	0	03000000
title01.anm	21	271412	15	12	16	0	ff00000010000000
title01.anm	21	271428	17	12	24	0	000090430000dc42000000001e000000
title01.anm	21	271452	20	42	8	0	
title01.anm	21	271460	21	42	12	0	02000000
title01.anm	21	271472	21	42	12	0	04000000
title01.anm	21	271484	17	42	24	0	0000904300009c420000000030000000
title01.anm	21	271508	15	42	16	0	0000000020000000
title01.anm	21	271524	23	74	8	0	
title01.anm	21	271532	21	74	12	0	01000000
title01.anm	21	271544	1	106	8	0	
title01.anm	21	271552	-1	0	0	0	
title01.anm	22	271560	3	0	12	0	2d000000
title01.anm	22	271572	22	0	8	0	
title01.anm	22	271580	30	0	12	0	01000000
title01.anm	22	271592	8	0	12	0	00000000
title01.anm	22	271604	6	0	20	0	0000a8430000dc4200000000
title01.anm	22	271624	21	0	12	0	ffffffff
title01.anm	22	271636	23	0	8	0	
title01.anm	22	271644	21	0	12	0	03000000
title01.anm	22	271656	15	18	16	0	ff00000010000000
title01.anm	22	271672	17	18	24	0	0000a0430000dc42000000001e000000
title01.anm	22	271696	20	48	8	0	
title01.anm	22	271704	21	48	12	0	02000000
title01.anm	22	271716	21	48	12	0	04000000
title01.anm	22	271728	17	48	24	0	0000a8430000dc420000000030000000
title01.anm	22	271752	15	48	16	0	0000000020000000
title01.anm	22	271768	23	80	8	0	
title01.anm	22	271776	21	80	12	0	01000000
title01.anm	22	271788	1	112	8	0	
title01.anm	22	271796	-1	0	0	0	
title01.anm	23	271804	3	0	12	0	2f000000
title01.anm	23	271816	22	0	8	0	
title01.anm	23	271824	30	0	12	0	01000000
title01.anm	23	271836	8	0	12	0	00000000
title01.anm	23	271848	6	0	20	0	0000b0430000fc4200000000
title01.anm	23	271868	21	0	12	0	ffffffff
title01.anm	23	271880	23	0	8	0	
title01.anm	23	271888	21	0	12	0	03000000
title01.anm	23	271900	15	24	16	0	ff00000010000000
title01.anm	23	271916	17	24	24	0	0000b0430000dc42000000001e000000
title01.anm	23	271940	20	54	8	0	
title01.anm	23	271948	21	54	12	0	02000000
title01.anm	23	271960	21	54	12	0	04000000
title01.anm	23	271972	17	54	24	0	0000b0430000fc420000000030000000
title01.anm	23	271996	15	54	16	0	0000000020000000
title01.anm	23	272012	23	86	8	0	
title01.anm	23	272020	21	86	12	0	01000000
title01.anm	23	272032	1	118	8	0	
title01.anm	23	272040	-1	0	0	0	
title01.anm	24	272048	3	0	12	0	31000000
title01.anm	24	272060	22	0	8	0	
title01.anm	24	272068	30	0	12	0	01000000
title01.anm	24	272080	8	0	12	0	00000000
title01.anm	24	272092	6	0	20	0	0000d0430000dc4200000000
title01.anm	24	272112	21	0	12	0	ffffffff
title01.anm	24	272124	23	0	8	0	
title01.anm	24	272132	21	0	12	0	03000000
title01.anm	24	272144	15	30	16	0	ff00000010000000
title01.anm	24	272160	17	30	24	0	0000c0430000dc42000000001e000000
title01.anm	24	272184	20	60	8	0	
title01.anm	24	272192	21	60	12	0	02000000
title01.anm	24	272204	21	60	12	0	04000000
title01.anm	24	272216	17	60	24	0	0000d0430000dc420000000030000000
title01.anm	24	272240	15	60	16	0	0000000020000000
title01.anm	24	272256	23	92	8	0	
title01.anm	24	272264	21	92	12	0	01000000
title01.anm	24	272276	1	124	8	0	
title01.anm	24	272284	-1	0	0	0	
title01.anm	25	272292	3	0	12	0	33000000
title01.anm	25	272304	22	0	8	0	
title01.anm	25	272312	30	0	12	0	01000000
title01.anm	25	272324	8	0	12	0	00000000
title01.anm	25	272336	6	0	20	0	0000d0430000bc4200000000
title01.anm	25	272356	21	0	12	0	ffffffff
title01.anm	25	272368	23	0	8	0	
title01.anm	25	272376	21	0	12	0	03000000
title01.anm	25	272388	15	36	16	0	ff00000010000000
title01.anm	25	272404	17	36	24	0	0000d0430000dc42000000001e000000
title01.anm	25	272428	20	66	8	0	
title01.anm	25	272436	21	66	12	0	02000000
title01.anm	25	272448	21	66	12	0	04000000
title01.anm	25	272460	17	66	24	0	0000d0430000bc420000000030000000
title01.anm	25	272484	15	66	16	0	0000000020000000
title01.anm	25	272500	23	98	8	0	
title01.anm	25	272508	21	98	12	0	01000000
title01.anm	25	272520	1	130	8	0	
title01.anm	25	272528	-1	0	0	0	
title01.anm	26	272536	3	0	12	0	35000000
title01.anm	26	272548	22	0	8	0	
title01.anm	26	272556	30	0	12	0	01000000
title01.anm	26	272568	8	0	12	0	00000000
title01.anm	26	272580	6	0	20	0	0000d8430000dc4200000000
title01.anm	26	272600	21	0	12	0	ffffffff
title01.anm	26	272612	23	0	8	0	
title01.anm	26	272620	21	0	12	0	03000000
title01.anm	26	272632	15	42	16	0	ff00000010000000
title01.anm	26	272648	17	42	24	0	0000e0430000dc42000000001e000000
title01.anm	26	272672	20	72	8	0	
title01.anm	26	272680	21	72	12	0	02000000
title01.anm	26	272692	21	72	12	0	04000000
title01.anm	26	272704	17	72	24	0	0000d8430000dc420000000030000000
title01.anm	26	272728	15	72	16	0	0000000020000000
title01.anm	26	272744	23	104	8	0	
title01.anm	26	272752	21	104	12	0	01000000
title01.anm	26	272764	1	136	8	0	
title01.anm	26	272772	-1	0	0	0	
title01.anm	27	272780	3	0	12	0	3d000000
title01.anm	27	272792	22	0	8	0	
title01.anm	27	272800	30	0	12	0	01000000
title01.anm	27	272812	8	0	12	0	00000000
title01.anm	27	272824	6	0	20	0	0000904300000e4300000000
title01.anm	27	272844	21	0	12	0	ffffffff
title01.anm	27	272856	23	0	8	0	
title01.anm	27	272864	21	0	12	0	03000000
title01.anm	27	272876	15	12	16	0	ff00000010000000
title01.anm	27	272892	17	12	24	0	0000804300000e43000000001e000000
title01.anm	27	272916	20	42	8	0	
title01.anm	27	272924	21	42	12	0	02000000
title01.anm	27	272936	21	42	12	0	04000000
title01.anm	27	272948	17	42	24	0	0000904300000e430000000030000000
title01.anm	27	272972	15	42	16	0	0000000020000000
title01.anm	27	272988	23	74	8	0	
title01.anm	27	272996	21	74	12	0	01000000
title01.anm	27	273008	1	106	8	0	
title01.anm	27	273016	-1	0	0	0	
title01.anm	28	273024	3	0	12	0	3b000000
title01.anm	28	273036	22	0	8	0	
title01.anm	28	273044	30	0	12	0	01000000
title01.anm	28	273056	8	0	12	0	00000000
title01.anm	28	273068	6	0	20	0	0000c04300002e4300000000
title01.anm	28	273088	21	0	12	0	ffffffff
title01.anm	28	273100	23	0	8	0	
title01.anm	28	273108	21	0	12	0	03000000
title01.anm	28	273120	15	18	16	0	ff00000010000000
title01.anm	28	273136	17	18	24	0	0000c04300000e43000000001e000000
title01.anm	28	273160	20	48	8	0	
title01.anm	28	273168	21	48	12	0	02000000
title01.anm	28	273180	21	48	12	0	04000000
title01.anm	28	273192	17	48	24	0	0000c04300002e430000000030000000
title01.anm	28	273216	15	48	16	0	0000000020000000
title01.anm	28	273232	23	80	8	0	
title01.anm	28	273240	21	80	12	0	01000000
title01.anm	28	273252	1	112	8	0	
title01.anm	28	273260	-1	0	0	0	
title01.anm	29	273268	3	0	12	0	43000000
title01.anm	29	273280	22	0	8	0	
title01.anm	29	273288	30	0	12	0	01000000
title01.anm	29	273300	8	0	12	0	00000000
title01.anm	29	273312	6	0	20	0	0000804300005e4300000000
title01.anm	29	273332	21	0	12	0	ffffffff
title01.anm	29	273344	23	0	8	0	
title01.anm	29	273352	21	0	12	0	03000000
title01.anm	29	273364	15	18	16	0	ff00000010000000
title01.anm	29	273380	17	18	24	0	0000804300002e43000000001e000000
title01.anm	29	273404	20	48	8	0	
title01.anm	29	273412	21	48	12	0	02000000
title01.anm	29	273424	21	48	12	0	04000000
title01.anm	29	273436	17	48	24	0	0000804300005e430000000030000000
title01.anm	29	273460	15	48	16	0	0000000020000000
title01.anm	29	273476	23	80	8	0	
title01.anm	29	273484	21	80	12	0	01000000
title01.anm	29	273496	1	112	8	0	
title01.anm	29	273504	-1	0	0	0	
title01.anm	30	273512	3	0	12	0	45000000
title01.anm	30	273524	22	0	8	0	
title01.anm	30	273532	30	0	12	0	01000000
title01.anm	30	273544	8	0	12	0	00000000
title01.anm	30	273556	6	0	20	0	0000984300002e4300000000
title01.anm	30	273576	21	0	12	0	ffffffff
title01.anm	30	273588	23	0	8	0	
title01.anm	30	273596	21	0	12	0	03000000
title01.anm	30	273608	15	24	16	0	ff00000010000000
title01.anm	30	273624	17	24	24	0	0000a84300002e43000000001e000000
title01.anm	30	273648	20	54	8	0	
title01.anm	30	273656	21	54	12	0	02000000
title01.anm	30	273668	21	54	12	0	04000000
title01.anm	30	273680	17	54	24	0	0000984300002e430000000030000000
title01.anm	30	273704	15	54	16	0	0000000020000000
title01.anm	30	273720	23	86	8	0	
title01.anm	30	273728	21	86	12	0	01000000
title01.anm	30	273740	1	118	8	0	
title01.anm	30	273748	-1	0	0	0	
title01.anm	31	273756	3	0	12	0	47000000
title01.anm	31	273768	22	0	8	0	
title01.anm	31	273776	30	0	12	0	01000000
title01.anm	31	273788	8	0	12	0	00000000
title01.anm	31	273800	6	0	20	0	0000d04300000e4300000000
title01.anm	31	273820	21	0	12	0	ffffffff
title01.anm	31	273832	23	0	8	0	
title01.anm	31	273840	21	0	12	0	03000000
title01.anm	31	273852	15	30	16	0	ff00000010000000
title01.anm	31	273868	17	30	24	0	0000d04300002e43000000001e000000
title01.anm	31	273892	20	60	8	0	
title01.anm	31	273900	21	60	12	0	02000000
title01.anm	31	273912	21	60	12	0	04000000
title01.anm	31	273924	17	60	24	0	0000d04300000e430000000030000000
title01.anm	31	273948	15	60	16	0	0000000020000000
title01.anm	31	273964	23	92	8	0	
title01.anm	31	273972	21	92	12	0	01000000
title01.anm	31	273984	1	124	8	0	
title01.anm	31	273992	-1	0	0	0	
title01.anm	32	274000	3	0	12	0	29000000
title01.anm	32	274012	22	0	8	0	
title01.anm	32	274020	30	0	12	0	01000000
title01.anm	32	274032	8	0	12	0	00000000
title01.anm	32	274044	6	0	20	0	0000604300004e4300000000
title01.anm	32	274064	21	0	12	0	ffffffff
title01.anm	32	274076	23	0	8	0	
title01.anm	32	274084	21	0	12	0	03000000
title01.anm	32	274096	15	24	16	0	ff00000010000000
title01.anm	32	274112	17	24	24	0	0000804300004e43000000001e000000
title01.anm	32	274136	20	54	8	0	
title01.anm	32	274144	21	54	12	0	02000000
title01.anm	32	274156	21	54	12	0	04000000
title01.anm	32	274168	17	54	24	0	0000604300004e430000000030000000
title01.anm	32	274192	15	54	16	0	0000000020000000
title01.anm	32	274208	23	86	8	0	
title01.anm	32	274216	21	86	12	0	01000000
title01.anm	32	274228	1	118	8	0	
title01.anm	32	274236	-1	0	0	0	
title01.anm	33	274244	3	0	12	0	27000000
title01.anm	33	274256	22	0	8	0	
title01.anm	33	274264	30	0	12	0	01000000
title01.anm	33	274276	8	0	12	0	00000000
title01.anm	33	274288	6	0	20	0	00008a4300002e4300000000
title01.anm	33	274308	21	0	12	0	ffffffff
title01.anm	33	274320	23	0	8	0	
title01.anm	33	274328	21	0	12	0	03000000
title01.anm	33	274340	15	30	16	0	ff00000010000000
title01.anm	33	274356	17	30	24	0	00008a4300004e43000000001e000000
title01.anm	33	274380	20	60	8	0	
title01.anm	33	274388	21	60	12	0	02000000
title01.anm	33	274400	21	60	12	0	04000000
title01.anm	33	274412	17	60	24	0	00008a4300002e430000000030000000
title01.anm	33	274436	15	60	16	0	0000000020000000
title01.anm	33	274452	23	92	8	0	
title01.anm	33	274460	21	92	12	0	01000000
title01.anm	33	274472	1	124	8	0	
title01.anm	33	274480	-1	0	0	0	
title01.anm	34	274488	3	0	12	0	27000000
title01.anm	34	274500	22	0	8	0	
title01.anm	34	274508	30	0	12	0	01000000
title01.anm	34	274520	8	0	12	0	00000000
title01.anm	34	274532	6	0	20	0	0000944300006e4300000000
title01.anm	34	274552	21	0	12	0	ffffffff
title01.anm	34	274564	23	0	8	0	
title01.anm	34	274572	21	0	12	0	03000000
title01.anm	34	274584	15	36	16	0	ff00000010000000
title01.anm	34	274600	17	36	24	0	0000944300004e43000000001e000000
title01.anm	34	274624	20	66	8	0	
title01.anm	34	274632	21	66	12	0	02000000
title01.anm	34	274644	21	66	12	0	04000000
title01.anm	34	274656	17	66	24	0	0000944300006e430000000030000000
title01.anm	34	274680	15	66	16	0	0000000020000000
title01.anm	34	274696	23	98	8	0	
title01.anm	34	274704	21	98	12	0	01000000
title01.anm	34	274716	1	130	8	0	
title01.anm	34	274724	-1	0	0	0	
title01.anm	35	274732	3	0	12	0	3f000000
title01.anm	35	274744	22	0	8	0	
title01.anm	35	274752	30	0	12	0	01000000
title01.anm	35	274764	8	0	12	0	00000000
title01.anm	35	274776	6	0	20	0	0000ae4300004e4300000000
title01.anm	35	274796	21	0	12	0	ffffffff
title01.anm	35	274808	23	0	8	0	
title01.anm	35	274816	21	0	12	0	03000000
title01.anm	35	274828	15	42	16	0	ff00000010000000
title01.anm	35	274844	17	42	24	0	00009e4300004e43000000001e000000
title01.anm	35	274868	20	72	8	0	
title01.anm	35	274876	21	72	12	0	02000000
title01.anm	35	274888	21	72	12	0	04000000
title01.anm	35	274900	17	72	24	0	0000ae4300004e430000000030000000
title01.anm	35	274924	15	72	16	0	0000000020000000
title01.anm	35	274940	23	104	8	0	
title01.anm	35	274948	21	104	12	0	01000000
title01.anm	35	274960	1	136	8	0	
title01.anm	35	274968	-1	0	0	0	
title01.anm	36	274976	3	0	12	0	29000000
title01.anm	36	274988	22	0	8	0	
title01.anm	36	274996	30	0	12	0	01000000
title01.anm	36	275008	8	0	12	0	00000000
title01.anm	36	275020	6	0	20	0	0000904300006e4300000000
title01.anm	36	275040	21	0	12	0	ffffffff
title01.anm	36	275052	23	0	8	0	
title01.anm	36	275060	21	0	12	0	03000000
title01.anm	36	275072	15	30	16	0	ff00000010000000
title01.anm	36	275088	17	30	24	0	0000804300006e43000000001e000000
title01.anm	36	275112	20	60	8	0	
title01.anm	36	275120	21	60	12	0	02000000
title01.anm	36	275132	21	60	12	0	04000000
title01.anm	36	275144	17	60	24	0	0000904300006e430000000030000000
title01.anm	36	275168	15	60	16	0	0000000020000000
title01.anm	36	275184	23	92	8	0	
title01.anm	36	275192	21	92	12	0	01000000
title01.anm	36	275204	1	124	8	0	
title01.anm	36	275212	-1	0	0	0	
title01.anm	37	275220	3	0	12	0	27000000
title01.anm	37	275232	22	0	8	0	
title01.anm	37	275240	30	0	12	0	01000000
title01.anm	37	275252	8	0	12	0	00000000
title01.anm	37	275264	6	0	20	0	00008a430000874300000000
title01.anm	37	275284	21	0	12	0	ffffffff
title01.anm	37	275296	23	0	8	0	
title01.anm	37	275304	21	0	12	0	03000000
title01.anm	37	275316	15	36	16	0	ff00000010000000
title01.anm	37	275332	17	36	24	0	00008a4300006e43000000001e000000
title01.anm	37	275356	20	66	8	0	
title01.anm	37	275364	21	66	12	0	02000000
title01.anm	37	275376	21	66	12	0	04000000
title01.anm	37	275388	17	66	24	0	00008a43000087430000000030000000
title01.anm	37	275412	15	66	16	0	0000000020000000
title01.anm	37	275428	23	98	8	0	
title01.anm	37	275436	21	98	12	0	01000000
title01.anm	37	275448	1	130	8	0	
title01.anm	37	275456	-1	0	0	0	
title01.anm	38	275464	3	0	12	0	27000000
title01.anm	38	275476	22	0	8	0	
title01.anm	38	275484	30	0	12	0	01000000
title01.anm	38	275496	8	0	12	0	00000000
title01.anm	38	275508	6	0	20	0	0000944300004e4300000000
title01.anm	38	275528	21	0	12	0	ffffffff
title01.anm	38	275540	23	0	8	0	
title01.anm	38	275548	21	0	12	0	03000000
title01.anm	38	275560	15	42	16	0	ff00000010000000
title01.anm	38	275576	17	42	24	0	0000944300006e43000000001e000000
title01.anm	38	275600	20	72	8	0	
title01.anm	38	275608	21	72	12	0	02000000
title01.anm	38	275620	21	72	12	0	04000000
title01.anm	38	275632	17	72	24	0	0000944300004e430000000030000000
title01.anm	38	275656	15	72	16	0	0000000020000000
title01.anm	38	275672	23	104	8	0	
title01.anm	38	275680	21	104	12	0	01000000
title01.anm	38	275692	1	136	8	0	
title01.anm	38	275700	-1	0	0	0	
title01.anm	39	275708	3	0	12	0	3f000000
title01.anm	39	275720	22	0	8	0	
title01.anm	39	275728	30	0	12	0	01000000
title01.anm	39	275740	8	0	12	0	00000000
title01.anm	39	275752	6	0	20	0	00008e4300006e4300000000
title01.anm	39	275772	21	0	12	0	ffffffff
title01.anm	39	275784	23	0	8	0	
title01.anm	39	275792	21	0	12	0	03000000
title01.anm	39	275804	15	48	16	0	ff00000010000000
title01.anm	39	275820	17	48	24	0	00009e4300006e43000000001e000000
title01.anm	39	275844	20	78	8	0	
title01.anm	39	275852	21	78	12	0	02000000
title01.anm	39	275864	21	78	12	0	04000000
title01.anm	39	275876	17	78	24	0	00008e4300006e430000000030000000
title01.anm	39	275900	15	78	16	0	0000000020000000
title01.anm	39	275916	23	110	8	0	
title01.anm	39	275924	21	110	12	0	01000000
title01.anm	39	275936	1	142	8	0	
title01.anm	39	275944	-1	0	0	0	
title01.anm	40	275952	3	0	12	0	4b000000
title01.anm	40	275964	22	0	8	0	
title01.anm	40	275972	30	0	12	0	01000000
title01.anm	40	275984	8	0	12	0	00000000
title01.anm	40	275996	6	0	20	0	0000804300005e4300000000
title01.anm	40	276016	21	0	12	0	ffffffff
title01.anm	40	276028	23	0	8	0	
title01.anm	40	276036	21	0	12	0	03000000
title01.anm	40	276048	15	30	16	0	ff00000010000000
title01.anm	40	276064	17	30	24	0	0000804300008743000000001e000000
title01.anm	40	276088	20	60	8	0	
title01.anm	40	276096	21	60	12	0	02000000
title01.anm	40	276108	21	60	12	0	04000000
title01.anm	40	276120	17	60	24	0	0000804300005e430000000030000000
title01.anm	40	276144	15	60	16	0	0000000020000000
title01.anm	40	276160	23	92	8	0	
title01.anm	40	276168	21	92	12	0	01000000
title01.anm	40	276180	1	124	8	0	
title01.anm	40	276188	-1	0	0	0	
title01.anm	41	276196	3	0	12	0	49000000
title01.anm	41	276208	22	0	8	0	
title01.anm	41	276216	30	0	12	0	01000000
title01.anm	41	276228	8	0	12	0	00000000
title01.anm	41	276240	6	0	20	0	0000d6430000874300000000
title01.anm	41	276260	21	0	12	0	ffffffff
title01.anm	41	276272	23	0	8	0	
title01.anm	41	276280	21	0	12	0	03000000
title01.anm	41	276292	15	36	16	0	ff00000010000000
title01.anm	41	276308	17	36	24	0	0000c84300008743000000001e000000
title01.anm	41	276332	20	66	8	0	
title01.anm	41	276340	21	66	12	0	02000000
title01.anm	41	276352	21	66	12	0	04000000
title01.anm	41	276364	17	66	24	0	0000d643000087430000000030000000
title01.anm	41	276388	15	66	16	0	0000000020000000
title01.anm	41	276404	23	98	8	0	
title01.anm	41	276412	21	98	12	0	01000000
title01.anm	41	276424	1	130	8	0	
title01.anm	41	276432	-1	0	0	0	
title01.anm	42	276440	3	0	12	0	43000000
title01.anm	42	276452	22	0	8	0	
title01.anm	42	276460	30	0	12	0	01000000
title01.anm	42	276472	8	0	12	0	00000000
title01.anm	42	276484	6	0	20	0	000060430000974300000000
title01.anm	42	276504	21	0	12	0	ffffffff
title01.anm	42	276516	23	0	8	0	
title01.anm	42	276524	21	0	12	0	03000000
title01.anm	42	276536	15	36	16	0	ff00000010000000
title01.anm	42	276552	17	36	24	0	0000804300009743000000001e000000
title01.anm	42	276576	20	66	8	0	
title01.anm	42	276584	21	66	12	0	02000000
title01.anm	42	276596	21	66	12	0	04000000
title01.anm	42	276608	17	66	24	0	00006043000097430000000030000000
title01.anm	42	276632	15	66	16	0	0000000020000000
title01.anm	42	276648	23	98	8	0	
title01.anm	42	276656	21	98	12	0	01000000
title01.anm	42	276668	1	130	8	0	
title01.anm	42	276676	-1	0	0	0	
title01.anm	43	276684	3	0	12	0	41000000
title01.anm	43	276696	22	0	8	0	
title01.anm	43	276704	30	0	12	0	01000000
title01.anm	43	276716	8	0	12	0	00000000
title01.anm	43	276728	6	0	20	0	0000a8430000a74300000000
title01.anm	43	276748	21	0	12	0	ffffffff
title01.anm	43	276760	23	0	8	0	
title01.anm	43	276768	21	0	12	0	03000000
title01.anm	43	276780	15	42	16	0	ff00000010000000
title01.anm	43	276796	17	42	24	0	0000a84300009743000000001e000000
title01.anm	43	276820	20	72	8	0	
title01.anm	43	276828	21	72	12	0	02000000
title01.anm	43	276840	21	72	12	0	04000000
title01.anm	43	276852	17	72	24	0	0000a8430000a7430000000030000000
title01.anm	43	276876	15	72	16	0	0000000020000000
title01.anm	43	276892	23	104	8	0	
title01.anm	43	276900	21	104	12	0	01000000
title01.anm	43	276912	1	136	8	0	
title01.anm	43	276920	-1	0	0	0	
title01.anm	44	276928	3	0	12	0	21000000
title01.anm	44	276940	22	0	8	0	
title01.anm	44	276948	30	0	12	0	01000000
title01.anm	44	276960	8	0	12	0	00000000
title01.anm	44	276972	6	0	20	0	00005c430000a04200000000
title01.anm	44	276992	21	0	12	0	ffffffff
title01.anm	44	277004	23	0	8	0	
title01.anm	44	277012	21	0	12	0	04000000
title01.anm	44	277024	15	0	16	0	ff00000010000000
title01.anm	44	277040	17	0	24	0	00007c430000a042000000001e000000
title01.anm	44	277064	20	30	8	0	
title01.anm	44	277072	21	30	12	0	03000000
title01.anm	44	277084	21	30	12	0	02000000
title01.anm	44	277096	17	30	24	0	00005c430000a0420000000030000000
title01.anm	44	277120	15	30	16	0	0000000020000000
title01.anm	44	277136	23	62	8	0	
title01.anm	44	277144	21	62	12	0	01000000
title01.anm	44	277156	1	94	8	0	
title01.anm	44	277164	-1	0	0	0	
title01.anm	45	277172	3	0	12	0	4d000000
title01.anm	45	277184	22	0	8	0	
title01.anm	45	277192	30	0	12	0	01000000
title01.anm	45	277204	8	0	12	0	00000000
title01.anm	45	277216	6	0	20	0	00004c430000944200000000
title01.anm	45	277236	21	0	12	0	ffffffff
title01.anm	45	277248	23	0	8	0	
title01.anm	45	277256	21	0	12	0	04000000
title01.anm	45	277268	15	0	16	0	ff00000010000000
title01.anm	45	277284	17	0	24	0	00004c430000d442000000001e000000
title01.anm	45	277308	20	30	8	0	
title01.anm	45	277316	21	30	12	0	03000000
title01.anm	45	277328	21	30	12	0	02000000
title01.anm	45	277340	17	30	24	0	00004c43000094420000000030000000
title01.anm	45	277364	15	30	16	0	0000000020000000
title01.anm	45	277380	23	62	8	0	
title01.anm	45	277388	21	62	12	0	01000000
title01.anm	45	277400	1	94	8	0	
title01.anm	45	277408	-1	0	0	0	
title01.anm	46	277416	3	0	12	0	4f000000
title01.anm	46	277428	22	0	8	0	
title01.anm	46	277436	30	0	12	0	01000000
title01.anm	46	277448	8	0	12	0	00000000
title01.anm	46	277460	6	0	20	0	00002c430000044300000000
title01.anm	46	277480	21	0	12	0	ffffffff
title01.anm	46	277492	23	0	8	0	
title01.anm	46	277500	21	0	12	0	04000000
title01.anm	46	277512	15	6	16	0	ff00000010000000
title01.anm	46	277528	17	6	24	0	00004c4300000443000000001e000000
title01.anm	46	277552	20	36	8	0	
title01.anm	46	277560	21	36	12	0	03000000
title01.anm	46	277572	21	36	12	0	02000000
title01.anm	46	277584	17	36	24	0	00002c43000004430000000030000000
title01.anm	46	277608	15	36	16	0	0000000020000000
title01.anm	46	277624	23	68	8	0	
title01.anm	46	277632	21	68	12	0	01000000
title01.anm	46	277644	1	100	8	0	
title01.anm	46	277652	-1	0	0	0	
title01.anm	47	277660	3	0	12	0	51000000
title01.anm	47	277672	22	0	8	0	
title01.anm	47	277680	30	0	12	0	01000000
title01.anm	47	277692	8	0	12	0	00000000
title01.anm	47	277704	6	0	20	0	00006c4300001e4300000000
title01.anm	47	277724	21	0	12	0	ffffffff
title01.anm	47	277736	23	0	8	0	
title01.anm	47	277744	21	0	12	0	04000000
title01.anm	47	277756	15	12	16	0	ff00000010000000
title01.anm	47	277772	17	12	24	0	00004c4300001e43000000001e000000
title01.anm	47	277796	20	42	8	0	
title01.anm	47	277804	21	42	12	0	03000000
title01.anm	47	277816	21	42	12	0	02000000
title01.anm	47	277828	17	42	24	0	00006c4300001e430000000030000000
title01.anm	47	277852	15	42	16	0	0000000020000000
title01.anm	47	277868	23	74	8	0	
title01.anm	47	277876	21	74	12	0	01000000
title01.anm	47	277888	1	106	8	0	
title01.anm	47	277896	-1	0	0	0	
title01.anm	48	277904	3	0	12	0	53000000
title01.anm	48	277916	22	0	8	0	
title01.anm	48	277924	30	0	12	0	01000000
title01.anm	48	277936	8	0	12	0	00000000
title01.anm	48	277948	6	0	20	0	00004c430000484300000000
title01.anm	48	277968	21	0	12	0	ffffffff
title01.anm	48	277980	23	0	8	0	
title01.anm	48	277988	21	0	12	0	04000000
title01.anm	48	278000	15	18	16	0	ff00000010000000
title01.anm	48	278016	17	18	24	0	00004c4300003843000000001e000000
title01.anm	48	278040	20	48	8	0	
title01.anm	48	278048	21	48	12	0	03000000
title01.anm	48	278060	21	48	12	0	02000000
title01.anm	48	278072	17	48	24	0	00004c43000048430000000030000000
title01.anm	48	278096	15	48	16	0	0000000020000000
title01.anm	48	278112	23	80	8	0	
title01.anm	48	278120	21	80	12	0	01000000
title01.anm	48	278132	1	112	8	0	
title01.anm	48	278140	-1	0	0	0	
title01.anm	49	278148	3	0	12	0	59000000
title01.anm	49	278160	22	0	8	0	
title01.anm	49	278168	30	0	12	0	01000000
title01.anm	49	278180	8	0	12	0	00000000
title01.anm	49	278192	6	0	20	0	00004c430000624300000000
title01.anm	49	278212	21	0	12	0	ffffffff
title01.anm	49	278224	23	0	8	0	
title01.anm	49	278232	21	0	12	0	04000000
title01.anm	49	278244	15	24	16	0	ff00000010000000
title01.anm	49	278260	17	24	24	0	00004c4300005243000000001e000000
title01.anm	49	278284	20	54	8	0	
title01.anm	49	278292	21	54	12	0	03000000
title01.anm	49	278304	21	54	12	0	02000000
title01.anm	49	278316	17	54	24	0	00004c43000062430000000030000000
title01.anm	49	278340	15	54	16	0	0000000020000000
title01.anm	49	278356	23	86	8	0	
title01.anm	49	278364	21	86	12	0	01000000
title01.anm	49	278376	1	118	8	0	
title01.anm	49	278384	-1	0	0	0	
title01.anm	50	278392	3	0	12	0	55000000
title01.anm	50	278404	22	0	8	0	
title01.anm	50	278412	30	0	12	0	01000000
title01.anm	50	278424	8	0	12	0	00000000
title01.anm	50	278436	6	0	20	0	0000544300006c4300000000
title01.anm	50	278456	21	0	12	0	ffffffff
title01.anm	50	278468	23	0	8	0	
title01.anm	50	278476	21	0	12	0	04000000
title01.anm	50	278488	15	30	16	0	ff00000010000000
title01.anm	50	278504	17	30	24	0	00004c4300006c43000000001e000000
title01.anm	50	278528	20	60	8	0	
title01.anm	50	278536	21	60	12	0	03000000
title01.anm	50	278548	21	60	12	0	02000000
title01.anm	50	278560	17	60	24	0	0000544300006c430000000030000000
title01.anm	50	278584	15	60	16	0	0000000020000000
title01.anm	50	278600	23	92	8	0	
title01.anm	50	278608	21	92	12	0	01000000
title01.anm	50	278620	1	124	8	0	
title01.anm	50	278628	-1	0	0	0	
title01.anm	51	278636	3	0	12	0	5b000000
title01.anm	51	278648	22	0	8	0	
title01.anm	51	278656	30	0	12	0	01000000
title01.anm	51	278668	8	0	12	0	00000000
title01.anm	51	278680	6	0	20	0	00004c430000564300000000
title01.anm	51	278700	21	0	12	0	ffffffff
title01.anm	51	278712	23	0	8	0	
title01.anm	51	278720	21	0	12	0	04000000
title01.anm	51	278732	15	36	16	0	ff00000010000000
title01.anm	51	278748	17	36	24	0	00004c4300008343000000001e000000
title01.anm	51	278772	20	66	8	0	
title01.anm	51	278780	21	66	12	0	03000000
title01.anm	51	278792	21	66	12	0	02000000
title01.anm	51	278804	17	66	24	0	00004c43000056430000000030000000
title01.anm	51	278828	15	66	16	0	0000000020000000
title01.anm	51	278844	23	98	8	0	
title01.anm	51	278852	21	98	12	0	01000000
title01.anm	51	278864	1	130	8	0	
title01.anm	51	278872	-1	0	0	0	
title01.anm	52	278880	3	0	12	0	5d000000
title01.anm	52	278892	22	0	8	0	
title01.anm	52	278900	30	0	12	0	01000000
title01.anm	52	278912	8	0	12	0	00000000
title01.anm	52	278924	6	0	20	0	00007c430000904300000000
title01.anm	52	278944	21	0	12	0	ffffffff
title01.anm	52	278956	23	0	8	0	
title01.anm	52	278964	21	0	12	0	04000000
title01.anm	52	278976	15	42	16	0	ff00000010000000
title01.anm	52	278992	17	42	24	0	00004c4300009043000000001e000000
title01.anm	52	279016	20	72	8	0	
title01.anm	52	279024	21	72	12	0	03000000
title01.anm	52	279036	21	72	12	0	02000000
title01.anm	52	279048	17	72	24	0	00007c43000090430000000030000000
title01.anm	52	279072	15	72	16	0	0000000020000000
title01.anm	52	279088	23	104	8	0	
title01.anm	52	279096	21	104	12	0	01000000
title01.anm	52	279108	1	136	8	0	
title01.anm	52	279116	-1	0	0	0	
title01.anm	53	279124	3	0	12	0	5f000000
title01.anm	53	279136	22	0	8	0	
title01.anm	53	279144	30	0	12	0	01000000
title01.anm	53	279156	8	0	12	0	00000000
title01.anm	53	279168	6	0	20	0	00002c4300009d4300000000
title01.anm	53	279188	21	0	12	0	ffffffff
title01.anm	53	279200	23	0	8	0	
title01.anm	53	279208	21	0	12	0	04000000
title01.anm	53	279220	15	48	16	0	ff00000010000000
title01.anm	53	279236	17	48	24	0	00004c4300009d43000000001e000000
title01.anm	53	279260	20	78	8	0	
title01.anm	53	279268	21	78	12	0	03000000
title01.anm	53	279280	21	78	12	0	02000000
title01.anm	53	279292	17	78	24	0	00002c4300009d430000000030000000
title01.anm	53	279316	15	78	16	0	0000000020000000
title01.anm	53	279332	23	110	8	0	
title01.anm	53	279340	21	110	12	0	01000000
title01.anm	53	279352	1	142	8	0	
title01.anm	53	279360	-1	0	0	0	
title01.anm	54	279368	3	0	12	0	57000000
title01.anm	54	279380	22	0	8	0	
title01.anm	54	279388	30	0	12	0	01000000
title01.anm	54	279400	8	0	12	0	00000000
title01.anm	54	279412	6	0	20	0	00004c430000924300000000
title01.anm	54	279432	21	0	12	0	ffffffff
title01.anm	54	279444	23	0	8	0	
title01.anm	54	279452	21	0	12	0	04000000
title01.anm	54	279464	15	54	16	0	ff00000010000000
title01.anm	54	279480	17	54	24	0	00004c430000aa43000000001e000000
title01.anm	54	279504	20	84	8	0	
title01.anm	54	279512	21	84	12	0	03000000
title01.anm	54	279524	21	84	12	0	02000000
title01.anm	54	279536	17	84	24	0	00004c43000092430000000030000000
title01.anm	54	279560	15	84	16	0	0000000020000000
title01.anm	54	279576	23	116	8	0	
title01.anm	54	279584	21	116	12	0	01000000
title01.anm	54	279596	1	148	8	0	
title01.anm	54	279604	-1	0	0	0	
title01.anm	55	279612	3	0	12	0	61000000
title01.anm	55	279624	22	0	8	0	
title01.anm	55	279632	30	0	12	0	01000000
title01.anm	55	279644	8	0	12	0	00000000
title01.anm	55	279656	6	0	20	0	00004c430000cf4300000000
title01.anm	55	279676	21	0	12	0	ffffffff
title01.anm	55	279688	23	0	8	0	
title01.anm	55	279696	21	0	12	0	04000000
title01.anm	55	279708	15	60	16	0	ff00000010000000
title01.anm	55	279724	17	60	24	0	00004c430000b743000000001e000000
title01.anm	55	279748	20	90	8	0	
title01.anm	55	279756	21	90	12	0	03000000
title01.anm	55	279768	21	90	12	0	02000000
title01.anm	55	279780	17	90	24	0	00004c430000cf430000000030000000
title01.anm	55	279804	15	90	16	0	0000000020000000
title01.anm	55	279820	23	122	8	0	
title01.anm	55	279828	21	122	12	0	01000000
title01.anm	55	279840	1	154	8	0	
title01.anm	55	279848	-1	0	0	0	
title01.anm	56	279856	3	0	12	0	63000000
title01.anm	56	279868	22	0	8	0	
title01.anm	56	279876	30	0	12	0	01000000
title01.anm	56	279888	8	0	12	0	00000000
title01.anm	56	279900	6	0	20	0	00001c430000c44300000000
title01.anm	56	279920	21	0	12	0	ffffffff
title01.anm	56	279932	23	0	8	0	
title01.anm	56	279940	21	0	12	0	04000000
title01.anm	56	279952	15	66	16	0	ff00000010000000
title01.anm	56	279968	17	66	24	0	00004c430000c443000000001e000000
title01.anm	56	279992	20	96	8	0	
title01.anm	56	280000	21	96	12	0	03000000
title01.anm	56	280012	21	96	12	0	02000000
title01.anm	56	280024	17	96	24	0	00001c430000c4430000000030000000
title01.anm	56	280048	15	96	16	0	0000000020000000
title01.anm	56	280064	23	128	8	0	
title01.anm	56	280072	21	128	12	0	01000000
title01.anm	56	280084	1	160	8	0	
title01.anm	56	280092	-1	0	0	0	
title01.anm	57	280100	3	0	12	0	27000000
title01.anm	57	280112	22	0	8	0	
title01.anm	57	280120	30	0	12	0	01000000
title01.anm	57	280132	8	0	12	0	00000000
title01.anm	57	280144	6	0	20	0	0000b6430000d44200000000
title01.anm	57	280164	21	0	12	0	ffffffff
title01.anm	57	280176	23	0	8	0	
title01.anm	57	280184	21	0	12	0	04000000
title01.anm	57	280196	15	6	16	0	ff00000010000000
title01.anm	57	280212	17	6	24	0	0000c6430000d442000000001e000000
title01.anm	57	280236	20	36	8	0	
title01.anm	57	280244	21	36	12	0	03000000
title01.anm	57	280256	21	36	12	0	02000000
title01.anm	57	280268	17	36	24	0	0000b6430000d4420000000030000000
title01.anm	57	280292	15	36	16	0	0000000020000000
title01.anm	57	280308	23	68	8	0	
title01.anm	57	280316	21	68	12	0	01000000
title01.anm	57	280328	1	100	8	0	
title01.anm	57	280336	-1	0	0	0	
title01.anm	58	280344	3	0	12	0	27000000
title01.anm	58	280356	22	0	8	0	
title01.anm	58	280364	30	0	12	0	01000000
title01.anm	58	280376	8	0	12	0	00000000
title01.anm	58	280388	6	0	20	0	0000d04300000a4300000000
title01.anm	58	280408	21	0	12	0	ffffffff
title01.anm	58	280420	23	0	8	0	
title01.anm	58	280428	21	0	12	0	04000000
title01.anm	58	280440	15	12	16	0	ff00000010000000
title01.anm	58	280456	17	12	24	0	0000d0430000d442000000001e000000
title01.anm	58	280480	20	42	8	0	
title01.anm	58	280488	21	42	12	0	03000000
title01.anm	58	280500	21	42	12	0	02000000
title01.anm	58	280512	17	42	24	0	0000d04300000a430000000030000000
title01.anm	58	280536	15	42	16	0	0000000020000000
title01.anm	58	280552	23	74	8	0	
title01.anm	58	280560	21	74	12	0	01000000
title01.anm	58	280572	1	106	8	0	
title01.anm	58	280580	-1	0	0	0	
title01.anm	59	280588	3	0	12	0	27000000
title01.anm	59	280600	22	0	8	0	
title01.anm	59	280608	30	0	12	0	01000000
title01.anm	59	280620	8	0	12	0	00000000
title01.anm	59	280632	6	0	20	0	0000d6430000044300000000
title01.anm	59	280652	21	0	12	0	ffffffff
title01.anm	59	280664	23	0	8	0	
title01.anm	59	280672	21	0	12	0	04000000
title01.anm	59	280684	15	12	16	0	ff00000010000000
title01.anm	59	280700	17	12	24	0	0000c64300000443000000001e000000
title01.anm	59	280724	20	42	8	0	
title01.anm	59	280732	21	42	12	0	03000000
title01.anm	59	280744	21	42	12	0	02000000
title01.anm	59	280756	17	42	24	0	0000d643000004430000000030000000
title01.anm	59	280780	15	42	16	0	0000000020000000
title01.anm	59	280796	23	74	8	0	
title01.anm	59	280804	21	74	12	0	01000000
title01.anm	59	280816	1	106	8	0	
title01.anm	59	280824	-1	0	0	0	
title01.anm	60	280832	3	0	12	0	27000000
title01.anm	60	280844	22	0	8	0	
title01.anm	60	280852	30	0	12	0	01000000
title01.anm	60	280864	8	0	12	0	00000000
title01.anm	60	280876	6	0	20	0	0000d8430000044300000000
title01.anm	60	280896	21	0	12	0	ffffffff
title01.anm	60	280908	23	0	8	0	
title01.anm	60	280916	21	0	12	0	04000000
title01.anm	60	280928	15	18	16	0	ff00000010000000
title01.anm	60	280944	17	18	24	0	0000d04300000443000000001e000000
title01.anm	60	280968	20	48	8	0	
title01.anm	60	280976	21	48	12	0	03000000
title01.anm	60	280988	21	48	12	0	02000000
title01.anm	60	281000	17	48	24	0	0000d843000004430000000030000000
title01.anm	60	281024	15	48	16	0	0000000020000000
title01.anm	60	281040	23	80	8	0	
title01.anm	60	281048	21	80	12	0	01000000
title01.anm	60	281060	1	112	8	0	
title01.anm	60	281068	-1	0	0	0	
title01.anm	61	281076	3	0	12	0	27000000
title01.anm	61	281088	22	0	8	0	
title01.anm	61	281096	30	0	12	0	01000000
title01.anm	61	281108	8	0	12	0	00000000
title01.anm	61	281120	6	0	20	0	0000c6430000fc4200000000
title01.anm	61	281140	21	0	12	0	ffffffff
title01.anm	61	281152	23	0	8	0	
title01.anm	61	281160	21	0	12	0	04000000
title01.anm	61	281172	15	18	16	0	ff00000010000000
title01.anm	61	281188	17	18	24	0	0000c64300001e43000000001e000000
title01.anm	61	281212	20	48	8	0	
title01.anm	61	281220	21	48	12	0	03000000
title01.anm	61	281232	21	48	12	0	02000000
title01.anm	61	281244	17	48	24	0	0000c6430000fc420000000030000000
title01.anm	61	281268	15	48	16	0	0000000020000000
title01.anm	61	281284	23	80	8	0	
title01.anm	61	281292	21	80	12	0	01000000
title01.anm	61	281304	1	112	8	0	
title01.anm	61	281312	-1	0	0	0	
title01.anm	62	281320	3	0	12	0	27000000
title01.anm	62	281332	22	0	8	0	
title01.anm	62	281340	30	0	12	0	01000000
title01.anm	62	281352	8	0	12	0	00000000
title01.anm	62	281364	6	0	20	0	0000d0430000264300000000
title01.anm	62	281384	21	0	12	0	ffffffff
title01.anm	62	281396	23	0	8	0	
title01.anm	62	281404	21	0	12	0	04000000
title01.anm	62	281416	15	24	16	0	ff00000010000000
title01.anm	62	281432	17	24	24	0	0000d04300001e43000000001e000000
title01.anm	62	281456	20	54	8	0	
title01.anm	62	281464	21	54	12	0	03000000
title01.anm	62	281476	21	54	12	0	02000000
title01.anm	62	281488	17	54	24	0	0000d043000026430000000030000000
title01.anm	62	281512	15	54	16	0	0000000020000000
title01.anm	62	281528	23	86	8	0	
title01.anm	62	281536	21	86	12	0	01000000
title01.anm	62	281548	1	118	8	0	
title01.anm	62	281556	-1	0	0	0	
title01.anm	63	281564	3	0	12	0	27000000
title01.anm	63	281576	22	0	8	0	
title01.anm	63	281584	30	0	12	0	01000000
title01.anm	63	281596	8	0	12	0	00000000
title01.anm	63	281608	6	0	20	0	0000ae430000384300000000
title01.anm	63	281628	21	0	12	0	ffffffff
title01.anm	63	281640	23	0	8	0	
title01.anm	63	281648	21	0	12	0	04000000
title01.anm	63	281660	15	24	16	0	ff00000010000000
title01.anm	63	281676	17	24	24	0	0000c64300003843000000001e000000
title01.anm	63	281700	20	54	8	0	
title01.anm	63	281708	21	54	12	0	03000000
title01.anm	63	281720	21	54	12	0	02000000
title01.anm	63	281732	17	54	24	0	0000ae43000038430000000030000000
title01.anm	63	281756	15	54	16	0	0000000020000000
title01.anm	63	281772	23	86	8	0	
title01.anm	63	281780	21	86	12	0	01000000
title01.anm	63	281792	1	118	8	0	
title01.anm	63	281800	-1	0	0	0	
title01.anm	64	281808	3	0	12	0	27000000
title01.anm	64	281820	22	0	8	0	
title01.anm	64	281828	30	0	12	0	01000000
title01.anm	64	281840	8	0	12	0	00000000
title01.anm	64	281852	6	0	20	0	0000cc430000384300000000
title01.anm	64	281872	21	0	12	0	ffffffff
title01.anm	64	281884	23	0	8	0	
title01.anm	64	281892	21	0	12	0	04000000
title01.anm	64	281904	15	30	16	0	ff00000010000000
title01.anm	64	281920	17	30	24	0	0000d04300003843000000001e000000
title01.anm	64	281944	20	60	8	0	
title01.anm	64	281952	21	60	12	0	03000000
title01.anm	64	281964	21	60	12	0	02000000
title01.anm	64	281976	17	60	24	0	0000cc43000038430000000030000000
title01.anm	64	282000	15	60	16	0	0000000020000000
title01.anm	64	282016	23	92	8	0	
title01.anm	64	282024	21	92	12	0	01000000
title01.anm	64	282036	1	124	8	0	
title01.anm	64	282044	-1	0	0	0	
title01.anm	65	282052	3	0	12	0	27000000
title01.anm	65	282064	22	0	8	0	
title01.anm	65	282072	30	0	12	0	01000000
title01.anm	65	282084	8	0	12	0	00000000
title01.anm	65	282096	6	0	20	0	0000c64300006a4300000000
title01.anm	65	282116	21	0	12	0	ffffffff
title01.anm	65	282128	23	0	8	0	
title01.anm	65	282136	21	0	12	0	04000000
title01.anm	65	282148	15	30	16	0	ff00000010000000
title01.anm	65	282164	17	30	24	0	0000c64300005243000000001e000000
title01.anm	65	282188	20	60	8	0	
title01.anm	65	282196	21	60	12	0	03000000
title01.anm	65	282208	21	60	12	0	02000000
title01.anm	65	282220	17	60	24	0	0000c64300006a430000000030000000
title01.anm	65	282244	15	60	16	0	0000000020000000
title01.anm	65	282260	23	92	8	0	
title01.anm	65	282268	21	92	12	0	01000000
title01.anm	65	282280	1	124	8	0	
title01.anm	65	282288	-1	0	0	0	
title01.anm	66	282296	3	0	12	0	27000000
title01.anm	66	282308	22	0	8	0	
title01.anm	66	282316	30	0	12	0	01000000
title01.anm	66	282328	8	0	12	0	00000000
title01.anm	66	282340	6	0	20	0	0000dc430000524300000000
title01.anm	66	282360	21	0	12	0	ffffffff
title01.anm	66	282372	23	0	8	0	
title01.anm	66	282380	21	0	12	0	04000000
title01.anm	66	282392	15	36	16	0	ff00000010000000
title01.anm	66	282408	17	36	24	0	0000d04300005243000000001e000000
title01.anm	66	282432	20	66	8	0	
title01.anm	66	282440	21	66	12	0	03000000
title01.anm	66	282452	21	66	12	0	02000000
title01.anm	66	282464	17	66	24	0	0000dc43000052430000000030000000
title01.anm	66	282488	15	66	16	0	0000000020000000
title01.anm	66	282504	23	98	8	0	
title01.anm	66	282512	21	98	12	0	01000000
title01.anm	66	282524	1	130	8	0	
title01.anm	66	282532	-1	0	0	0	
title01.anm	67	282540	3	0	12	0	27000000
title01.anm	67	282552	22	0	8	0	
title01.anm	67	282560	30	0	12	0	01000000
title01.anm	67	282572	8	0	12	0	00000000
title01.anm	67	282584	6	0	20	0	0000c6430000824300000000
title01.anm	67	282604	21	0	12	0	ffffffff
title01.anm	67	282616	23	0	8	0	
title01.anm	67	282624	21	0	12	0	04000000
title01.anm	67	282636	15	36	16	0	ff00000010000000
title01.anm	67	282652	17	36	24	0	0000c64300006c43000000001e000000
title01.anm	67	282676	20	66	8	0	
title01.anm	67	282684	21	66	12	0	03000000
title01.anm	67	282696	21	66	12	0	02000000
title01.anm	67	282708	17	66	24	0	0000c643000082430000000030000000
title01.anm	67	282732	15	66	16	0	0000000020000000
title01.anm	67	282748	23	98	8	0	
title01.anm	67	282756	21	98	12	0	01000000
title01.anm	67	282768	1	130	8	0	
title01.anm	67	282776	-1	0	0	0	
title01.anm	68	282784	3	0	12	0	27000000
title01.anm	68	282796	22	0	8	0	
title01.anm	68	282804	30	0	12	0	01000000
title01.anm	68	282816	8	0	12	0	00000000
title01.anm	68	282828	6	0	20	0	0000dc4300006c4300000000
title01.anm	68	282848	21	0	12	0	ffffffff
title01.anm	68	282860	23	0	8	0	
title01.anm	68	282868	21	0	12	0	04000000
title01.anm	68	282880	15	42	16	0	ff00000010000000
title01.anm	68	282896	17	42	24	0	0000d04300006c43000000001e000000
title01.anm	68	282920	20	72	8	0	
title01.anm	68	282928	21	72	12	0	03000000
title01.anm	68	282940	21	72	12	0	02000000
title01.anm	68	282952	17	72	24	0	0000dc4300006c430000000030000000
title01.anm	68	282976	15	72	16	0	0000000020000000
title01.anm	68	282992	23	104	8	0	
title01.anm	68	283000	21	104	12	0	01000000
title01.anm	68	283012	1	136	8	0	
title01.anm	68	283020	-1	0	0	0	
title01.anm	69	283028	3	0	12	0	27000000
title01.anm	69	283040	22	0	8	0	
title01.anm	69	283048	30	0	12	0	01000000
title01.anm	69	283060	8	0	12	0	00000000
title01.anm	69	283072	6	0	20	0	0000c64300009b4300000000
title01.anm	69	283092	21	0	12	0	ffffffff
title01.anm	69	283104	23	0	8	0	
title01.anm	69	283112	21	0	12	0	04000000
title01.anm	69	283124	15	42	16	0	ff00000010000000
title01.anm	69	283140	17	42	24	0	0000c64300008343000000001e000000
title01.anm	69	283164	20	72	8	0	
title01.anm	69	283172	21	72	12	0	03000000
title01.anm	69	283184	21	72	12	0	02000000
title01.anm	69	283196	17	72	24	0	0000c64300009b430000000030000000
title01.anm	69	283220	15	72	16	0	0000000020000000
title01.anm	69	283236	23	104	8	0	
title01.anm	69	283244	21	104	12	0	01000000
title01.anm	69	283256	1	136	8	0	
title01.anm	69	283264	-1	0	0	0	
title01.anm	70	283272	3	0	12	0	27000000
title01.anm	70	283284	22	0	8	0	
title01.anm	70	283292	30	0	12	0	01000000
title01.anm	70	283304	8	0	12	0	00000000
title01.anm	70	283316	6	0	20	0	0000c0430000834300000000
title01.anm	70	283336	21	0	12	0	ffffffff
title01.anm	70	283348	23	0	8	0	
title01.anm	70	283356	21	0	12	0	04000000
title01.anm	70	283368	15	48	16	0	ff00000010000000
title01.anm	70	283384	17	48	24	0	0000d04300008343000000001e000000
title01.anm	70	283408	20	78	8	0	
title01.anm	70	283416	21	78	12	0	03000000
title01.anm	70	283428	21	78	12	0	02000000
title01.anm	70	283440	17	78	24	0	0000c043000083430000000030000000
title01.anm	70	283464	15	78	16	0	0000000020000000
title01.anm	70	283480	23	110	8	0	
title01.anm	70	283488	21	110	12	0	01000000
title01.anm	70	283500	1	142	8	0	
title01.anm	70	283508	-1	0	0	0	
title01.anm	71	283516	3	0	12	0	27000000
title01.anm	71	283528	22	0	8	0	
title01.anm	71	283536	30	0	12	0	01000000
title01.anm	71	283548	8	0	12	0	00000000
title01.anm	71	283560	6	0	20	0	0000d2430000904300000000
title01.anm	71	283580	21	0	12	0	ffffffff
title01.anm	71	283592	23	0	8	0	
title01.anm	71	283600	21	0	12	0	04000000
title01.anm	71	283612	15	48	16	0	ff00000010000000
title01.anm	71	283628	17	48	24	0	0000c64300009043000000001e000000
title01.anm	71	283652	20	78	8	0	
title01.anm	71	283660	21	78	12	0	03000000
title01.anm	71	283672	21	78	12	0	02000000
title01.anm	71	283684	17	78	24	0	0000d243000090430000000030000000
title01.anm	71	283708	15	78	16	0	0000000020000000
title01.anm	71	283724	23	110	8	0	
title01.anm	71	283732	21	110	12	0	01000000
title01.anm	71	283744	1	142	8	0	
title01.anm	71	283752	-1	0	0	0	
title01.anm	72	283760	3	0	12	0	27000000
title01.anm	72	283772	22	0	8	0	
title01.anm	72	283780	30	0	12	0	01000000
title01.anm	72	283792	8	0	12	0	00000000
title01.anm	72	283804	6	0	20	0	0000d0430000804300000000
title01.anm	72	283824	21	0	12	0	ffffffff
title01.anm	72	283836	23	0	8	0	
title01.anm	72	283844	21	0	12	0	04000000
title01.anm	72	283856	15	54	16	0	ff00000010000000
title01.anm	72	283872	17	54	24	0	0000d04300009043000000001e000000
title01.anm	72	283896	20	84	8	0	
title01.anm	72	283904	21	84	12	0	03000000
title01.anm	72	283916	21	84	12	0	02000000
title01.anm	72	283928	17	84	24	0	0000d043000080430000000030000000
title01.anm	72	283952	15	84	16	0	0000000020000000
title01.anm	72	283968	23	116	8	0	
title01.anm	72	283976	21	116	12	0	01000000
title01.anm	72	283988	1	148	8	0	
title01.anm	72	283996	-1	0	0	0	
title01.anm	73	284004	3	0	12	0	27000000
title01.anm	73	284016	22	0	8	0	
title01.anm	73	284024	30	0	12	0	01000000
title01.anm	73	284036	8	0	12	0	00000000
title01.anm	73	284048	6	0	20	0	0000c6430000ad4300000000
title01.anm	73	284068	21	0	12	0	ffffffff
title01.anm	73	284080	23	0	8	0	
title01.anm	73	284088	21	0	12	0	04000000
title01.anm	73	284100	15	54	16	0	ff00000010000000
title01.anm	73	284116	17	54	24	0	0000c64300009d43000000001e000000
title01.anm	73	284140	20	84	8	0	
title01.anm	73	284148	21	84	12	0	03000000
title01.anm	73	284160	21	84	12	0	02000000
title01.anm	73	284172	17	84	24	0	0000c6430000ad430000000030000000
title01.anm	73	284196	15	84	16	0	0000000020000000
title01.anm	73	284212	23	116	8	0	
title01.anm	73	284220	21	116	12	0	01000000
title01.anm	73	284232	1	148	8	0	
title01.anm	73	284240	-1	0	0	0	
title01.anm	74	284248	3	0	12	0	27000000
title01.anm	74	284260	22	0	8	0	
title01.anm	74	284268	30	0	12	0	01000000
title01.anm	74	284280	8	0	12	0	00000000
title01.anm	74	284292	6	0	20	0	0000c44300009d4300000000
title01.anm	74	284312	21	0	12	0	ffffffff
title01.anm	74	284324	23	0	8	0	
title01.anm	74	284332	21	0	12	0	04000000
title01.anm	74	284344	15	60	16	0	ff00000010000000
title01.anm	74	284360	17	60	24	0	0000d04300009d43000000001e000000
title01.anm	74	284384	20	90	8	0	
title01.anm	74	284392	21	90	12	0	03000000
title01.anm	74	284404	21	90	12	0	02000000
title01.anm	74	284416	17	90	24	0	0000c44300009d430000000030000000
title01.anm	74	284440	15	90	16	0	0000000020000000
title01.anm	74	284456	23	122	8	0	
title01.anm	74	284464	21	122	12	0	01000000
title01.anm	74	284476	1	154	8	0	
title01.anm	74	284484	-1	0	0	0	
title01.anm	75	284492	3	0	12	0	43000000
title01.anm	75	284504	22	0	8	0	
title01.anm	75	284512	30	0	12	0	01000000
title01.anm	75	284524	8	0	12	0	00000000
title01.anm	75	284536	6	0	20	0	0000de430000aa4300000000
title01.anm	75	284556	21	0	12	0	ffffffff
title01.anm	75	284568	23	0	8	0	
title01.anm	75	284576	21	0	12	0	04000000
title01.anm	75	284588	15	60	16	0	ff00000010000000
title01.anm	75	284604	17	60	24	0	0000c6430000aa43000000001e000000
title01.anm	75	284628	20	90	8	0	
title01.anm	75	284636	21	90	12	0	03000000
title01.anm	75	284648	21	90	12	0	02000000
title01.anm	75	284660	17	90	24	0	0000de430000aa430000000030000000
title01.anm	75	284684	15	90	16	0	0000000020000000
title01.anm	75	284700	23	122	8	0	
title01.anm	75	284708	21	122	12	0	01000000
title01.anm	75	284720	1	154	8	0	
title01.anm	75	284728	-1	0	0	0	
title01.anm	76	284736	3	0	12	0	41000000
title01.anm	76	284748	22	0	8	0	
title01.anm	76	284756	30	0	12	0	01000000
title01.anm	76	284768	8	0	12	0	00000000
title01.anm	76	284780	6	0	20	0	0000ee430000ba4300000000
title01.anm	76	284800	21	0	12	0	ffffffff
title01.anm	76	284812	23	0	8	0	
title01.anm	76	284820	21	0	12	0	04000000
title01.anm	76	284832	15	66	16	0	ff00000010000000
title01.anm	76	284848	17	66	24	0	0000ee430000aa43000000001e000000
title01.anm	76	284872	20	96	8	0	
title01.anm	76	284880	21	96	12	0	03000000
title01.anm	76	284892	21	96	12	0	02000000
title01.anm	76	284904	17	96	24	0	0000ee430000ba430000000030000000
title01.anm	76	284928	15	96	16	0	0000000020000000
title01.anm	76	284944	23	128	8	0	
title01.anm	76	284952	21	128	12	0	01000000
title01.anm	76	284964	1	160	8	0	
title01.anm	76	284972	-1	0	0	0	
title01.anm	77	809964	3	0	12	0	65000000
title01.anm	77	809976	6	0	20	0	0000a043000000c200000000
title01.anm	77	809996	23	0	8	0	
title01.anm	77	810004	21	0	12	0	0d000000
title01.anm	77	810016	21	0	12	0	0e000000
title01.anm	77	810028	21	0	12	0	0f000000
title01.anm	77	810040	21	0	12	0	13000000
title01.anm	77	810052	18	0	24	0	0000a0430000c042000000001e000000
title01.anm	77	810076	20	30	8	0	
title01.anm	77	810084	21	30	12	0	ffffffff
title01.anm	77	810096	18	30	24	0	0000a043000000c2000000001e000000
title01.anm	77	810120	23	60	8	0	
title01.anm	77	810128	-1	0	0	0	
title01.anm	78	810136	3	0	12	0	6e000000
title01.anm	78	810148	6	0	20	0	0000c041000000c200000000
title01.anm	78	810168	22	0	8	0	
title01.anm	78	810176	23	0	8	0	
title01.anm	78	810184	21	0	12	0	0f000000
title01.anm	78	810196	18	0	24	0	0000c04100004043000000001e000000
title01.anm	78	810220	20	30	8	0	
title01.anm	78	810228	21	30	12	0	ffffffff
title01.anm	78	810240	18	30	24	0	0000c041000000c2000000001e000000
title01.anm	78	810264	23	90	8	0	
title01.anm	78	810272	-1	0	0	0	
title01.anm	79	810280	3	0	12	0	6e000000
title01.anm	79	810292	6	0	20	0	0000c041000000c200000000
title01.anm	79	810312	8	0	12	0	00000000
title01.anm	79	810324	23	0	8	0	
title01.anm	79	810332	21	0	12	0	0d000000
title01.anm	79	810344	21	0	12	0	0e000000
title01.anm	79	810356	21	0	12	0	0f000000
title01.anm	79	810368	21	0	12	0	13000000
title01.anm	79	810380	18	0	24	0	0000c04100000043000000001e000000
title01.anm	79	810404	20	30	8	0	
title01.anm	79	810412	21	30	12	0	ffffffff
title01.anm	79	810424	18	30	24	0	0000c041000000c2000000001e000000
title01.anm	79	810448	23	90	8	0	
title01.anm	79	810456	-1	0	0	0	
title01.anm	80	810464	3	0	12	0	6e000000
title01.anm	80	810476	6	0	20	0	0000c041000000c200000000
title01.anm	80	810496	8	0	12	0	00000000
title01.anm	80	810508	23	0	8	0	
title01.anm	80	810516	21	0	12	0	11000000
title01.anm	80	810528	18	0	24	0	0000c04100002043000000001e000000
title01.anm	80	810552	20	30	8	0	
title01.anm	80	810560	21	30	12	0	0d000000
title01.anm	80	810572	21	30	12	0	0e000000
title01.anm	80	810584	18	30	24	0	0000c04100002043000000001e000000
title01.anm	80	810608	20	60	8	0	
title01.anm	80	810616	21	60	12	0	0f000000
title01.anm	80	810628	21	60	12	0	ffffffff
title01.anm	80	810640	18	60	24	0	0000c041000000c2000000001e000000
title01.anm	80	810664	23	120	8	0	
title01.anm	80	810672	-1	0	0	0	
title01.anm	81	810680	3	0	12	0	6e000000
title01.anm	81	810692	6	0	20	0	0000c041000000c200000000
title01.anm	81	810712	8	0	12	0	00000000
title01.anm	81	810724	23	0	8	0	
title01.anm	81	810732	21	0	12	0	11000000
title01.anm	81	810744	18	0	24	0	0000c04100002043000000001e000000
title01.anm	81	810768	20	30	8	0	
title01.anm	81	810776	21	30	12	0	0d000000
title01.anm	81	810788	21	30	12	0	0e000000
title01.anm	81	810800	18	30	24	0	0000c04100003143000000001e000000
title01.anm	81	810824	20	60	8	0	
title01.anm	81	810832	21	60	12	0	0f000000
title01.anm	81	810844	21	60	12	0	ffffffff
title01.anm	81	810856	18	60	24	0	0000c041000000c2000000001e000000
title01.anm	81	810880	23	120	8	0	
title01.anm	81	810888	-1	0	0	0	
title01.anm	82	810896	3	0	12	0	6e000000
title01.anm	82	810908	6	0	20	0	0000c041000000c200000000
title01.anm	82	810928	8	0	12	0	00000000
title01.anm	82	810940	23	0	8	0	
title01.anm	82	810948	21	0	12	0	11000000
title01.anm	82	810960	18	0	24	0	0000c04100002043000000001e000000
title01.anm	82	810984	20	30	8	0	
title01.anm	82	810992	21	30	12	0	0d000000
title01.anm	82	811004	21	30	12	0	0e000000
title01.anm	82	811016	18	30	24	0	0000c04100004243000000001e000000
title01.anm	82	811040	20	60	8	0	
title01.anm	82	811048	21	60	12	0	0f000000
title01.anm	82	811060	21	60	12	0	ffffffff
title01.anm	82	811072	18	60	24	0	0000c041000000c2000000001e000000
title01.anm	82	811096	23	120	8	0	
title01.anm	82	811104	-1	0	0	0	
title01.anm	83	811112	3	0	12	0	6e000000
title01.anm	83	811124	6	0	20	0	0000c041000000c200000000
title01.anm	83	811144	8	0	12	0	00000000
title01.anm	83	811156	23	0	8	0	
title01.anm	83	811164	21	0	12	0	11000000
title01.anm	83	811176	18	0	24	0	0000c04100002043000000001e000000
title01.anm	83	811200	20	30	8	0	
title01.anm	83	811208	21	30	12	0	0d000000
title01.anm	83	811220	21	30	12	0	0e000000
title01.anm	83	811232	18	30	24	0	0000c04100005343000000001e000000
title01.anm	83	811256	20	60	8	0	
title01.anm	83	811264	21	60	12	0	0f000000
title01.anm	83	811276	21	60	12	0	ffffffff
title01.anm	83	811288	18	60	24	0	0000c041000000c2000000001e000000
title01.anm	83	811312	23	120	8	0	
title01.anm	83	811320	-1	0	0	0	
title01.anm	84	811328	3	0	12	0	6e000000
title01.anm	84	811340	6	0	20	0	0000c041000000c200000000
title01.anm	84	811360	8	0	12	0	00000000
title01.anm	84	811372	23	0	8	0	
title01.anm	84	811380	21	0	12	0	11000000
title01.anm	84	811392	18	0	24	0	0000c04100002043000000001e000000
title01.anm	84	811416	20	30	8	0	
title01.anm	84	811424	21	30	12	0	0d000000
title01.anm	84	811436	21	30	12	0	0e000000
title01.anm	84	811448	18	30	24	0	0000c04100006443000000001e000000
title01.anm	84	811472	20	60	8	0	
title01.anm	84	811480	21	60	12	0	0f000000
title01.anm	84	811492	21	60	12	0	ffffffff
title01.anm	84	811504	18	60	24	0	0000c041000000c2000000001e000000
title01.anm	84	811528	23	120	8	0	
title01.anm	84	811536	-1	0	0	0	
title01.anm	85	811544	3	0	12	0	6e000000
title01.anm	85	811556	6	0	20	0	0000c041000000c200000000
title01.anm	85	811576	8	0	12	0	00000000
title01.anm	85	811588	23	0	8	0	
title01.anm	85	811596	21	0	12	0	11000000
title01.anm	85	811608	18	0	24	0	0000c04100002043000000001e000000
title01.anm	85	811632	20	30	8	0	
title01.anm	85	811640	21	30	12	0	0d000000
title01.anm	85	811652	21	30	12	0	0e000000
title01.anm	85	811664	18	30	24	0	0000c04100007543000000001e000000
title01.anm	85	811688	20	60	8	0	
title01.anm	85	811696	21	60	12	0	0f000000
title01.anm	85	811708	21	60	12	0	ffffffff
title01.anm	85	811720	18	60	24	0	0000c041000000c2000000001e000000
title01.anm	85	811744	23	120	8	0	
title01.anm	85	811752	-1	0	0	0	
title01.anm	86	811760	3	0	12	0	6e000000
title01.anm	86	811772	6	0	20	0	0000c041000000c200000000
title01.anm	86	811792	8	0	12	0	00000000
title01.anm	86	811804	23	0	8	0	
title01.anm	86	811812	21	0	12	0	11000000
title01.anm	86	811824	18	0	24	0	0000c04100002043000000001e000000
title01.anm	86	811848	20	30	8	0	
title01.anm	86	811856	21	30	12	0	0d000000
title01.anm	86	811868	21	30	12	0	0e000000
title01.anm	86	811880	18	30	24	0	0000c04100008343000000001e000000
title01.anm	86	811904	20	60	8	0	
title01.anm	86	811912	21	60	12	0	0f000000
title01.anm	86	811924	21	60	12	0	ffffffff
title01.anm	86	811936	18	60	24	0	0000c041000000c2000000001e000000
title01.anm	86	811960	23	120	8	0	
title01.anm	86	811968	-1	0	0	0	
title01.anm	87	811976	3	0	12	0	6e000000
title01.anm	87	811988	6	0	20	0	0000c041000000c200000000
title01.anm	87	812008	8	0	12	0	00000000
title01.anm	87	812020	23	0	8	0	
title01.anm	87	812028	21	0	12	0	11000000
title01.anm	87	812040	18	0	24	0	0000c04100002043000000001e000000
title01.anm	87	812064	20	30	8	0	
title01.anm	87	812072	21	30	12	0	0d000000
title01.anm	87	812084	21	30	12	0	0e000000
title01.anm	87	812096	18	30	24	0	0000c04100808b43000000001e000000
title01.anm	87	812120	20	60	8	0	
title01.anm	87	812128	21	60	12	0	0f000000
title01.anm	87	812140	21	60	12	0	ffffffff
title01.anm	87	812152	18	60	24	0	0000c041000000c2000000001e000000
title01.anm	87	812176	23	120	8	0	
title01.anm	87	812184	-1	0	0	0	
title01.anm	88	812192	3	0	12	0	6e000000
title01.anm	88	812204	6	0	20	0	0000c041000000c200000000
title01.anm	88	812224	8	0	12	0	00000000
title01.anm	88	812236	23	0	8	0	
title01.anm	88	812244	21	0	12	0	11000000
title01.anm	88	812256	18	0	24	0	0000c04100002043000000001e000000
title01.anm	88	812280	20	30	8	0	
title01.anm	88	812288	21	30	12	0	0d000000
title01.anm	88	812300	21	30	12	0	0e000000
title01.anm	88	812312	18	30	24	0	0000c04100009443000000001e000000
title01.anm	88	812336	20	60	8	0	
title01.anm	88	812344	21	60	12	0	0f000000
title01.anm	88	812356	21	60	12	0	ffffffff
title01.anm	88	812368	18	60	24	0	0000c041000000c2000000001e000000
title01.anm	88	812392	23	120	8	0	
title01.anm	88	812400	-1	0	0	0	
title01.anm	89	812408	3	0	12	0	6e000000
title01.anm	89	812420	6	0	20	0	0000c041000000c200000000
title01.anm	89	812440	8	0	12	0	00000000
title01.anm	89	812452	23	0	8	0	
title01.anm	89	812460	21	0	12	0	11000000
title01.anm	89	812472	18	0	24	0	0000c04100002043000000001e000000
title01.anm	89	812496	20	30	8	0	
title01.anm	89	812504	21	30	12	0	0d000000
title01.anm	89	812516	21	30	12	0	0e000000
title01.anm	89	812528	18	30	24	0	0000c04100809c43000000001e000000
title01.anm	89	812552	20	60	8	0	
title01.anm	89	812560	21	60	12	0	0f000000
title01.anm	89	812572	21	60	12	0	ffffffff
title01.anm	89	812584	18	60	24	0	0000c041000000c2000000001e000000
title01.anm	89	812608	23	120	8	0	
title01.anm	89	812616	-1	0	0	0	
title01.anm	90	812624	3	0	12	0	6e000000
title01.anm	90	812636	6	0	20	0	0000c041000000c200000000
title01.anm	90	812656	8	0	12	0	00000000
title01.anm	90	812668	23	0	8	0	
title01.anm	90	812676	21	0	12	0	11000000
title01.anm	90	812688	18	0	24	0	0000c04100002043000000001e000000
title01.anm	90	812712	20	30	8	0	
title01.anm	90	812720	21	30	12	0	0d000000
title01.anm	90	812732	21	30	12	0	0e000000
title01.anm	90	812744	18	30	24	0	0000c0410000a543000000001e000000
title01.anm	90	812768	20	60	8	0	
title01.anm	90	812776	21	60	12	0	0f000000
title01.anm	90	812788	21	60	12	0	ffffffff
title01.anm	90	812800	18	60	24	0	0000c041000000c2000000001e000000
title01.anm	90	812824	23	120	8	0	
title01.anm	90	812832	-1	0	0	0	
title01.anm	91	812840	3	0	12	0	6e000000
title01.anm	91	812852	6	0	20	0	0000c041000000c200000000
title01.anm	91	812872	8	0	12	0	00000000
title01.anm	91	812884	23	0	8	0	
title01.anm	91	812892	21	0	12	0	11000000
title01.anm	91	812904	18	0	24	0	0000c04100002043000000001e000000
title01.anm	91	812928	20	30	8	0	
title01.anm	91	812936	21	30	12	0	0d000000
title01.anm	91	812948	21	30	12	0	0e000000
title01.anm	91	812960	18	30	24	0	0000c0410080ad43000000001e000000
title01.anm	91	812984	20	60	8	0	
title01.anm	91	812992	21	60	12	0	0f000000
title01.anm	91	813004	21	60	12	0	ffffffff
title01.anm	91	813016	18	60	24	0	0000c041000000c2000000001e000000
title01.anm	91	813040	23	120	8	0	
title01.anm	91	813048	-1	0	0	0	
title01.anm	92	813056	3	0	12	0	6e000000
title01.anm	92	813068	6	0	20	0	0000c041000000c200000000
title01.anm	92	813088	8	0	12	0	00000000
title01.anm	92	813100	23	0	8	0	
title01.anm	92	813108	21	0	12	0	11000000
title01.anm	92	813120	18	0	24	0	0000c04100002043000000001e000000
title01.anm	92	813144	20	30	8	0	
title01.anm	92	813152	21	30	12	0	0d000000
title01.anm	92	813164	21	30	12	0	0e000000
title01.anm	92	813176	18	30	24	0	0000c0410000b643000000001e000000
title01.anm	92	813200	20	60	8	0	
title01.anm	92	813208	21	60	12	0	0f000000
title01.anm	92	813220	21	60	12	0	ffffffff
title01.anm	92	813232	18	60	24	0	0000c041000000c2000000001e000000
title01.anm	92	813256	23	120	8	0	
title01.anm	92	813264	-1	0	0	0	
title01.anm	93	813272	3	0	12	0	6e000000
title01.anm	93	813284	6	0	20	0	0000c041000000c200000000
title01.anm	93	813304	8	0	12	0	00000000
title01.anm	93	813316	23	0	8	0	
title01.anm	93	813324	21	0	12	0	11000000
title01.anm	93	813336	18	0	24	0	0000c04100002043000000001e000000
title01.anm	93	813360	20	30	8	0	
title01.anm	93	813368	21	30	12	0	0d000000
title01.anm	93	813380	21	30	12	0	0e000000
title01.anm	93	813392	18	30	24	0	0000c0410080be43000000001e000000
title01.anm	93	813416	20	60	8	0	
title01.anm	93	813424	21	60	12	0	0f000000
title01.anm	93	813436	21	60	12	0	ffffffff
title01.anm	93	813448	18	60	24	0	0000c041000000c2000000001e000000
title01.anm	93	813472	23	120	8	0	
title01.anm	93	813480	-1	0	0	0	
title01.anm	94	813488	3	0	12	0	6e000000
title01.anm	94	813500	6	0	20	0	0000c041000000c200000000
title01.anm	94	813520	8	0	12	0	00000000
title01.anm	94	813532	23	0	8	0	
title01.anm	94	813540	21	0	12	0	11000000
title01.anm	94	813552	18	0	24	0	0000c04100002043000000001e000000
title01.anm	94	813576	20	30	8	0	
title01.anm	94	813584	21	30	12	0	0d000000
title01.anm	94	813596	21	30	12	0	0e000000
title01.anm	94	813608	18	30	24	0	0000c0410000c743000000001e000000
title01.anm	94	813632	20	60	8	0	
title01.anm	94	813640	21	60	12	0	0f000000
title01.anm	94	813652	21	60	12	0	ffffffff
title01.anm	94	813664	18	60	24	0	0000c041000000c2000000001e000000
title01.anm	94	813688	23	120	8	0	
title01.anm	94	813696	-1	0	0	0	
title01.anm	95	813704	3	0	12	0	6e000000
title01.anm	95	813716	6	0	20	0	0000c041000000c200000000
title01.anm	95	813736	8	0	12	0	00000000
title01.anm	95	813748	23	0	8	0	
title01.anm	95	813756	21	0	12	0	0f000000
title01.anm	95	813768	21	0	12	0	13000000
title01.anm	95	813780	32	0	28	0	1e000000040000000000c0410000804300000000
title01.anm	95	813808	20	30	8	0	
title01.anm	95	813816	21	30	12	0	ffffffff
title01.anm	95	813828	18	30	24	0	0000c041000000c2000000001e000000
title01.anm	95	813852	23	90	8	0	
title01.anm	95	813860	-1	0	0	0	
title01.anm	96	813868	3	0	12	0	6e000000
title01.anm	96	813880	6	0	20	0	0000c041000000c200000000
title01.anm	96	813900	8	0	12	0	00000000
title01.anm	96	813912	23	0	8	0	
title01.anm	96	813920	21	0	12	0	0f000000
title01.anm	96	813932	21	0	12	0	13000000
title01.anm	96	813944	32	0	28	0	1e000000040000000000c0410080884300000000
title01.anm	96	813972	20	30	8	0	
title01.anm	96	813980	21	30	12	0	ffffffff
title01.anm	96	813992	18	30	24	0	0000c041000000c2000000001e000000
title01.anm	96	814016	23	90	8	0	
title01.anm	96	814024	-1	0	0	0	
title01.anm	97	814032	3	0	12	0	6e000000
title01.anm	97	814044	6	0	20	0	0000c041000000c200000000
title01.anm	97	814064	8	0	12	0	00000000
title01.anm	97	814076	23	0	8	0	
title01.anm	97	814084	21	0	12	0	0f000000
title01.anm	97	814096	21	0	12	0	13000000
title01.anm	97	814108	32	0	28	0	1e000000040000000000c0410000914300000000
title01.anm	97	814136	20	30	8	0	
title01.anm	97	814144	21	30	12	0	ffffffff
title01.anm	97	814156	18	30	24	0	0000c041000000c2000000001e000000
title01.anm	97	814180	23	90	8	0	
title01.anm	97	814188	-1	0	0	0	
title01.anm	98	814196	3	0	12	0	6e000000
title01.anm	98	814208	6	0	20	0	0000c041000000c200000000
title01.anm	98	814228	8	0	12	0	00000000
title01.anm	98	814240	23	0	8	0	
title01.anm	98	814248	21	0	12	0	0f000000
title01.anm	98	814260	21	0	12	0	13000000
title01.anm	98	814272	32	0	28	0	1e000000040000000000c0410080994300000000
title01.anm	98	814300	20	30	8	0	
title01.anm	98	814308	21	30	12	0	ffffffff
title01.anm	98	814320	18	30	24	0	0000c041000000c2000000001e000000
title01.anm	98	814344	23	90	8	0	
title01.anm	98	814352	-1	0	0	0	
title01.anm	99	814360	3	0	12	0	6e000000
title01.anm	99	814372	6	0	20	0	0000c041000000c200000000
title01.anm	99	814392	8	0	12	0	00000000
title01.anm	99	814404	23	0	8	0	
title01.anm	99	814412	21	0	12	0	0f000000
title01.anm	99	814424	21	0	12	0	13000000
title01.anm	99	814436	32	0	28	0	1e000000040000000000c0410000a24300000000
title01.anm	99	814464	20	30	8	0	
title01.anm	99	814472	21	30	12	0	ffffffff
title01.anm	99	814484	18	30	24	0	0000c041000000c2000000001e000000
title01.anm	99	814508	23	90	8	0	
title01.anm	99	814516	-1	0	0	0	
title01.anm	100	814524	3	0	12	0	6e000000
title01.anm	100	814536	6	0	20	0	0000c041000000c200000000
title01.anm	100	814556	8	0	12	0	00000000
title01.anm	100	814568	23	0	8	0	
title01.anm	100	814576	21	0	12	0	0f000000
title01.anm	100	814588	21	0	12	0	13000000
title01.anm	100	814600	32	0	28	0	1e000000040000000000c0410080aa4300000000
title01.anm	100	814628	20	30	8	0	
title01.anm	100	814636	21	30	12	0	ffffffff
title01.anm	100	814648	18	30	24	0	0000c041000000c2000000001e000000
title01.anm	100	814672	23	90	8	0	
title01.anm	100	814680	-1	0	0	0	
title01.anm	101	814688	3	0	12	0	6e000000
title01.anm	101	814700	6	0	20	0	0000c041000000c200000000
title01.anm	101	814720	8	0	12	0	00000000
title01.anm	101	814732	23	0	8	0	
title01.anm	101	814740	21	0	12	0	0f000000
title01.anm	101	814752	21	0	12	0	13000000
title01.anm	101	814764	32	0	28	0	1e000000040000000000c0410000b34300000000
title01.anm	101	814792	20	30	8	0	
title01.anm	101	814800	21	30	12	0	ffffffff
title01.anm	101	814812	18	30	24	0	0000c041000000c2000000001e000000
title01.anm	101	814836	23	90	8	0	
title01.anm	101	814844	-1	0	0	0	
title01.anm	102	814852	3	0	12	0	6e000000
title01.anm	102	814864	6	0	20	0	0000c041000000c200000000
title01.anm	102	814884	8	0	12	0	00000000
title01.anm	102	814896	23	0	8	0	
title01.anm	102	814904	21	0	12	0	0f000000
title01.anm	102	814916	21	0	12	0	13000000
title01.anm	102	814928	32	0	28	0	1e000000040000000000c0410080bb4300000000
title01.anm	102	814956	20	30	8	0	
title01.anm	102	814964	21	30	12	0	ffffffff
title01.anm	102	814976	18	30	24	0	0000c041000000c2000000001e000000
title01.anm	102	815000	23	90	8	0	
title01.anm	102	815008	-1	0	0	0	
title01.anm	103	815016	3	0	12	0	6e000000
title01.anm	103	815028	6	0	20	0	0000c041000000c200000000
title01.anm	103	815048	8	0	12	0	00000000
title01.anm	103	815060	23	0	8	0	
title01.anm	103	815068	21	0	12	0	0f000000
title01.anm	103	815080	21	0	12	0	13000000
title01.anm	103	815092	32	0	28	0	1e000000040000000000c0410000c44300000000
title01.anm	103	815120	20	30	8	0	
title01.anm	103	815128	21	30	12	0	ffffffff
title01.anm	103	815140	18	30	24	0	0000c041000000c2000000001e000000
title01.anm	103	815164	23	90	8	0	
title01.anm	103	815172	-1	0	0	0	
title01.anm	104	815180	3	0	12	0	6e000000
title01.anm	104	815192	6	0	20	0	0000c041000000c200000000
title01.anm	104	815212	8	0	12	0	00000000
title01.anm	104	815224	23	0	8	0	
title01.anm	104	815232	21	0	12	0	0f000000
title01.anm	104	815244	21	0	12	0	13000000
title01.anm	104	815256	32	0	28	0	1e000000040000000000c0410080cc4300000000
title01.anm	104	815284	20	30	8	0	
title01.anm	104	815292	21	30	12	0	ffffffff
title01.anm	104	815304	18	30	24	0	0000c041000000c2000000001e000000
title01.anm	104	815328	23	90	8	0	
title01.anm	104	815336	-1	0	0	0	
title01.anm	105	815344	3	0	12	0	6e000000
title01.anm	105	815356	6	0	20	0	0000c041000000c200000000
title01.anm	105	815376	8	0	12	0	00000000
title01.anm	105	815388	23	0	8	0	
title01.anm	105	815396	21	0	12	0	0f000000
title01.anm	105	815408	21	0	12	0	13000000
title01.anm	105	815420	32	0	28	0	1e000000040000000000c0410000d54300000000
title01.anm	105	815448	20	30	8	0	
title01.anm	105	815456	21	30	12	0	ffffffff
title01.anm	105	815468	18	30	24	0	0000c041000000c2000000001e000000
title01.anm	105	815492	23	90	8	0	
title01.anm	105	815500	-1	0	0	0	
title01.anm	106	815508	3	0	12	0	6e000000
title01.anm	106	815520	6	0	20	0	0000c041000000c200000000
title01.anm	106	815540	8	0	12	0	00000000
title01.anm	106	815552	23	0	8	0	
title01.anm	106	815560	21	0	12	0	0f000000
title01.anm	106	815572	21	0	12	0	13000000
title01.anm	106	815584	32	0	28	0	1e000000040000000000c0410080dd4300000000
title01.anm	106	815612	20	30	8	0	
title01.anm	106	815620	21	30	12	0	ffffffff
title01.anm	106	815632	18	30	24	0	0000c041000000c2000000001e000000
title01.anm	106	815656	23	90	8	0	
title01.anm	106	815664	-1	0	0	0	
title01.anm	107	815672	3	0	12	0	6e000000
title01.anm	107	815684	6	0	20	0	0000c041000000c200000000
title01.anm	107	815704	8	0	12	0	00000000
title01.anm	107	815716	23	0	8	0	
title01.anm	107	815724	21	0	12	0	0f000000
title01.anm	107	815736	21	0	12	0	13000000
title01.anm	107	815748	32	0	28	0	1e000000040000000000c0410000e64300000000
title01.anm	107	815776	20	30	8	0	
title01.anm	107	815784	21	30	12	0	ffffffff
title01.anm	107	815796	18	30	24	0	0000c041000000c2000000001e000000
title01.anm	107	815820	23	90	8	0	
title01.anm	107	815828	-1	0	0	0	
title01.anm	108	815836	3	0	12	0	6f000000
title01.anm	108	815848	6	0	20	0	0000c043000000c200000000
title01.anm	108	815868	8	0	12	0	ff000000
title01.anm	108	815880	23	0	8	0	
title01.anm	108	815888	21	0	12	0	13000000
title01.anm	108	815900	32	0	28	0	1e000000040000000000c0430000804300000000
title01.anm	108	815928	20	30	8	0	
title01.anm	108	815936	21	30	12	0	14000000
title01.anm	108	815948	32	30	28	0	0a000000040000000000be4300007c4300000000
title01.anm	108	815976	34	30	20	0	0a00000004000000ff000000
title01.anm	108	815996	20	40	8	0	
title01.anm	108	816004	21	40	12	0	15000000
title01.anm	108	816016	32	40	28	0	0a000000040000000000c0430000804300000000
title01.anm	108	816044	34	40	20	0	0a0000000400000060000000
title01.anm	108	816064	20	50	8	0	
title01.anm	108	816072	21	50	12	0	ffffffff
title01.anm	108	816084	18	50	24	0	0000c043000000c2000000001e000000
title01.anm	108	816108	23	110	8	0	
title01.anm	108	816116	-1	0	0	0	
title01.anm	109	816124	3	0	12	0	70000000
title01.anm	109	816136	6	0	20	0	0000c043000000c200000000
title01.anm	109	816156	8	0	12	0	ff000000
title01.anm	109	816168	23	0	8	0	
title01.anm	109	816176	21	0	12	0	13000000
title01.anm	109	816188	32	0	28	0	1e000000040000000000c0430000984300000000
title01.anm	109	816216	20	30	8	0	
title01.anm	109	816224	21	30	12	0	14000000
title01.anm	109	816236	32	30	28	0	0a000000040000000000be430000964300000000
title01.anm	109	816264	34	30	20	0	0a00000004000000ff000000
title01.anm	109	816284	20	40	8	0	
title01.anm	109	816292	21	40	12	0	15000000
title01.anm	109	816304	32	40	28	0	0a000000040000000000c0430000984300000000
title01.anm	109	816332	34	40	20	0	0a0000000400000060000000
title01.anm	109	816352	20	50	8	0	
title01.anm	109	816360	21	50	12	0	ffffffff
title01.anm	109	816372	18	50	24	0	0000c043000000c2000000001e000000
title01.anm	109	816396	23	110	8	0	
title01.anm	109	816404	-1	0	0	0	
title01.anm	110	816412	3	0	12	0	71000000
title01.anm	110	816424	6	0	20	0	0000c043000000c200000000
title01.anm	110	816444	8	0	12	0	ff000000
title01.anm	110	816456	23	0	8	0	
title01.anm	110	816464	21	0	12	0	13000000
title01.anm	110	816476	32	0	28	0	1e000000040000000000c0430000b04300000000
title01.anm	110	816504	20	30	8	0	
title01.anm	110	816512	21	30	12	0	14000000
title01.anm	110	816524	32	30	28	0	0a000000040000000000be430000ae4300000000
title01.anm	110	816552	34	30	20	0	0a00000004000000ff000000
title01.anm	110	816572	20	40	8	0	
title01.anm	110	816580	21	40	12	0	15000000
title01.anm	110	816592	32	40	28	0	0a000000040000000000c0430000b04300000000
title01.anm	110	816620	34	40	20	0	0a0000000400000060000000
title01.anm	110	816640	20	50	8	0	
title01.anm	110	816648	21	50	12	0	ffffffff
title01.anm	110	816660	18	50	24	0	0000c043000000c2000000001e000000
title01.anm	110	816684	23	110	8	0	
title01.anm	110	816692	-1	0	0	0	
title01.anm	111	947916	3	0	12	0	72000000
title01.anm	111	947928	30	0	12	0	01000000
title01.anm	111	947940	8	0	12	0	00000000
title01.anm	111	947952	6	0	20	0	0000d0430000704300000000
title01.anm	111	947972	21	0	12	0	ffffffff
title01.anm	111	947984	23	0	8	0	
title01.anm	111	947992	21	0	12	0	09000000
title01.anm	111	948004	34	0	20	0	0800000004000000ff000000
title01.anm	111	948024	33	0	28	0	0800000000000000ff000000ff000000ff000000
title01.anm	111	948052	32	0	28	0	08000000040000000000a0430000704300000000
title01.anm	111	948080	20	30	8	0	
title01.anm	111	948088	21	30	12	0	07000000
title01.anm	111	948100	21	30	12	0	0c000000
title01.anm	111	948112	21	30	12	0	16000000
title01.anm	111	948124	21	30	12	0	08000000
title01.anm	111	948136	34	30	20	0	080000000400000000000000
title01.anm	111	948156	32	30	28	0	08000000040000000000604300007043cdcccc3d
title01.anm	111	948184	33	30	28	0	0800000000000000ff000000ff000000ff000000
title01.anm	111	948212	23	62	8	0	
title01.anm	111	948220	21	62	12	0	0a000000
title01.anm	111	948232	21	62	12	0	12000000
title01.anm	111	948244	21	62	12	0	1a000000
title01.anm	111	948256	34	62	20	0	100000000400000080000000
title01.anm	111	948276	32	62	28	0	08000000040000000000a0430000704300000000
title01.anm	111	948304	20	94	8	0	
title01.anm	111	948312	21	94	12	0	17000000
title01.anm	111	948324	34	94	20	0	080000000400000080000000
title01.anm	111	948344	33	94	28	0	0800000000000000ff000000ff000000ff000000
title01.anm	111	948372	32	94	28	0	08000000040000000000a0430000704300000000
title01.anm	111	948400	33	94	28	0	0800000000000000400000004000000040000000
title01.anm	111	948428	20	126	8	0	
title01.anm	111	948436	21	126	12	0	01000000
title01.anm	111	948448	1	158	8	0	
title01.anm	111	948456	-1	0	0	0	
title01.anm	112	1472896	3	0	12	0	73000000
title01.anm	112	1472908	30	0	12	0	01000000
title01.anm	112	1472920	8	0	12	0	00000000
title01.anm	112	1472932	6	0	20	0	0000d0430000704300000000
title01.anm	112	1472952	21	0	12	0	ffffffff
title01.anm	112	1472964	23	0	8	0	
title01.anm	112	1472972	21	0	12	0	09000000
title01.anm	112	1472984	34	0	20	0	0800000004000000ff000000
title01.anm	112	1473004	33	0	28	0	0800000000000000ff000000ff000000ff000000
title01.anm	112	1473032	32	0	28	0	08000000040000000000a0430000704300000000
title01.anm	112	1473060	20	30	8	0	
title01.anm	112	1473068	21	30	12	0	07000000
title01.anm	112	1473080	21	30	12	0	0c000000
title01.anm	112	1473092	21	30	12	0	16000000
title01.anm	112	1473104	21	30	12	0	08000000
title01.anm	112	1473116	34	30	20	0	080000000400000000000000
title01.anm	112	1473136	32	30	28	0	08000000040000000000604300007043cdcccc3d
title01.anm	112	1473164	33	30	28	0	0800000000000000ff000000ff000000ff000000
title01.anm	112	1473192	23	62	8	0	
title01.anm	112	1473200	21	62	12	0	0a000000
title01.anm	112	1473212	21	62	12	0	12000000
title01.anm	112	1473224	21	62	12	0	1a000000
title01.anm	112	1473236	34	62	20	0	100000000400000080000000
title01.anm	112	1473256	32	62	28	0	08000000040000000000a0430000704300000000
title01.anm	112	1473284	20	94	8	0	
title01.anm	112	1473292	21	94	12	0	17000000
title01.anm	112	1473304	34	94	20	0	080000000400000080000000
title01.anm	112	1473324	33	94	28	0	0800000000000000ff000000ff000000ff000000
title01.anm	112	1473352	32	94	28	0	08000000040000000000a0430000704300000000
title01.anm	112	1473380	33	94	28	0	0800000000000000400000004000000040000000
title01.anm	112	1473408	20	126	8	0	
title01.anm	112	1473416	21	126	12	0	01000000
title01.anm	112	1473428	1	158	8	0	
title01.anm	112	1473436	-1	0	0	0	
title01.anm	113	1997876	3	0	12	0	74000000
title01.anm	113	1997888	30	0	12	0	01000000
title01.anm	113	1997900	8	0	12	0	00000000
title01.anm	113	1997912	6	0	20	0	0000d0430000704300000000
title01.anm	113	1997932	21	0	12	0	ffffffff
title01.anm	113	1997944	23	0	8	0	
title01.anm	113	1997952	21	0	12	0	09000000
title01.anm	113	1997964	34	0	20	0	0800000004000000ff000000
title01.anm	113	1997984	33	0	28	0	0800000000000000ff000000ff000000ff000000
title01.anm	113	1998012	32	0	28	0	08000000040000000000a0430000704300000000
title01.anm	113	1998040	20	30	8	0	
title01.anm	113	1998048	21	30	12	0	07000000
title01.anm	113	1998060	21	30	12	0	0c000000
title01.anm	113	1998072	21	30	12	0	16000000
title01.anm	113	1998084	21	30	12	0	08000000
title01.anm	113	1998096	34	30	20	0	080000000400000000000000
title01.anm	113	1998116	32	30	28	0	08000000040000000000604300007043cdcccc3d
title01.anm	113	1998144	33	30	28	0	0800000000000000ff000000ff000000ff000000
title01.anm	113	1998172	23	62	8	0	
title01.anm	113	1998180	21	62	12	0	0a000000
title01.anm	113	1998192	21	62	12	0	12000000
title01.anm	113	1998204	21	62	12	0	1a000000
title01.anm	113	1998216	34	62	20	0	100000000400000080000000
title01.anm	113	1998236	32	62	28	0	08000000040000000000a0430000704300000000
title01.anm	113	1998264	20	94	8	0	
title01.anm	113	1998272	21	94	12	0	17000000
title01.anm	113	1998284	34	94	20	0	080000000400000080000000
title01.anm	113	1998304	33	94	28	0	0800000000000000ff000000ff000000ff000000
title01.anm	113	1998332	32	94	28	0	08000000040000000000a0430000704300000000
title01.anm	113	1998360	33	94	28	0	0800000000000000400000004000000040000000
title01.anm	113	1998388	20	126	8	0	
title01.anm	113	1998396	21	126	12	0	01000000
title01.anm	113	1998408	1	158	8	0	
title01.anm	113	1998416	-1	0	0	0	
title01.anm	114	2522856	3	0	12	0	75000000
title01.anm	114	2522868	30	0	12	0	01000000
title01.anm	114	2522880	8	0	12	0	00000000
title01.anm	114	2522892	6	0	20	0	0000d0430000704300000000
title01.anm	114	2522912	21	0	12	0	ffffffff
title01.anm	114	2522924	23	0	8	0	
title01.anm	114	2522932	21	0	12	0	09000000
title01.anm	114	2522944	34	0	20	0	0800000004000000ff000000
title01.anm	114	2522964	33	0	28	0	0800000000000000ff000000ff000000ff000000
title01.anm	114	2522992	32	0	28	0	08000000040000000000a0430000704300000000
title01.anm	114	2523020	20	30	8	0	
title01.anm	114	2523028	21	30	12	0	07000000
title01.anm	114	2523040	21	30	12	0	0c000000
title01.anm	114	2523052	21	30	12	0	16000000
title01.anm	114	2523064	21	30	12	0	08000000
title01.anm	114	2523076	34	30	20	0	080000000400000000000000
title01.anm	114	2523096	32	30	28	0	08000000040000000000604300007043cdcccc3d
title01.anm	114	2523124	33	30	28	0	0800000000000000ff000000ff000000ff000000
title01.anm	114	2523152	23	62	8	0	
title01.anm	114	2523160	21	62	12	0	0a000000
title01.anm	114	2523172	21	62	12	0	12000000
title01.anm	114	2523184	21	62	12	0	1a000000
title01.anm	114	2523196	34	62	20	0	100000000400000080000000
title01.anm	114	2523216	32	62	28	0	08000000040000000000a0430000704300000000
title01.anm	114	2523244	20	94	8	0	
title01.anm	114	2523252	21	94	12	0	17000000
title01.anm	114	2523264	34	94	20	0	080000000400000080000000
title01.anm	114	2523284	33	94	28	0	0800000000000000ff000000ff000000ff000000
title01.anm	114	2523312	32	94	28	0	08000000040000000000a0430000704300000000
title01.anm	114	2523340	33	94	28	0	0800000000000000400000004000000040000000
title01.anm	114	2523368	20	126	8	0	
title01.anm	114	2523376	21	126	12	0	01000000
title01.anm	114	2523388	1	158	8	0	
title01.anm	114	2523396	-1	0	0	0	
title01.anm	115	3047836	3	0	12	0	76000000
title01.anm	115	3047848	30	0	12	0	01000000
title01.anm	115	3047860	8	0	12	0	00000000
title01.anm	115	3047872	6	0	20	0	0000d0430000704300000000
title01.anm	115	3047892	21	0	12	0	ffffffff
title01.anm	115	3047904	23	0	8	0	
title01.anm	115	3047912	21	0	12	0	09000000
title01.anm	115	3047924	34	0	20	0	0800000004000000ff000000
title01.anm	115	3047944	33	0	28	0	0800000000000000ff000000ff000000ff000000
title01.anm	115	3047972	32	0	28	0	08000000040000000000a0430000704300000000
title01.anm	115	3048000	20	30	8	0	
title01.anm	115	3048008	21	30	12	0	07000000
title01.anm	115	3048020	21	30	12	0	0c000000
title01.anm	115	3048032	21	30	12	0	16000000
title01.anm	115	3048044	21	30	12	0	08000000
title01.anm	115	3048056	34	30	20	0	080000000400000000000000
title01.anm	115	3048076	32	30	28	0	08000000040000000000604300007043cdcccc3d
title01.anm	115	3048104	33	30	28	0	0800000000000000ff000000ff000000ff000000
title01.anm	115	3048132	23	62	8	0	
title01.anm	115	3048140	21	62	12	0	0a000000
title01.anm	115	3048152	21	62	12	0	12000000
title01.anm	115	3048164	21	62	12	0	1a000000
title01.anm	115	3048176	34	62	20	0	100000000400000080000000
title01.anm	115	3048196	32	62	28	0	08000000040000000000a0430000704300000000
title01.anm	115	3048224	20	94	8	0	
title01.anm	115	3048232	21	94	12	0	17000000
title01.anm	115	3048244	34	94	20	0	080000000400000080000000
title01.anm	115	3048264	33	94	28	0	0800000000000000ff000000ff000000ff000000
title01.anm	115	3048292	32	94	28	0	08000000040000000000a0430000704300000000
title01.anm	115	3048320	33	94	28	0	0800000000000000400000004000000040000000
title01.anm	115	3048348	20	126	8	0	
title01.anm	115	3048356	21	126	12	0	01000000
title01.anm	115	3048368	1	158	8	0	
title01.anm	115	3048376	-1	0	0	0	
title01.anm	116	3572816	3	0	12	0	77000000
title01.anm	116	3572828	30	0	12	0	01000000
title01.anm	116	3572840	8	0	12	0	00000000
title01.anm	116	3572852	6	0	20	0	0000d0430000704300000000
title01.anm	116	3572872	21	0	12	0	ffffffff
title01.anm	116	3572884	23	0	8	0	
title01.anm	116	3572892	21	0	12	0	09000000
title01.anm	116	3572904	34	0	20	0	0800000004000000ff000000
title01.anm	116	3572924	33	0	28	0	0800000000000000ff000000ff000000ff000000
title01.anm	116	3572952	32	0	28	0	08000000040000000000a0430000704300000000
title01.anm	116	3572980	20	30	8	0	
title01.anm	116	3572988	21	30	12	0	07000000
title01.anm	116	3573000	21	30	12	0	0c000000
title01.anm	116	3573012	21	30	12	0	16000000
title01.anm	116	3573024	21	30	12	0	08000000
title01.anm	116	3573036	34	30	20	0	080000000400000000000000
title01.anm	116	3573056	32	30	28	0	08000000040000000000604300007043cdcccc3d
title01.anm	116	3573084	33	30	28	0	0800000000000000ff000000ff000000ff000000
title01.anm	116	3573112	23	62	8	0	
title01.anm	116	3573120	21	62	12	0	0a000000
title01.anm	116	3573132	21	62	12	0	12000000
title01.anm	116	3573144	21	62	12	0	1a000000
title01.anm	116	3573156	34	62	20	0	100000000400000080000000
title01.anm	116	3573176	32	62	28	0	08000000040000000000a0430000704300000000
title01.anm	116	3573204	20	94	8	0	
title01.anm	116	3573212	21	94	12	0	17000000
title01.anm	116	3573224	34	94	20	0	080000000400000080000000
title01.anm	116	3573244	33	94	28	0	0800000000000000ff000000ff000000ff000000
title01.anm	116	3573272	32	94	28	0	08000000040000000000a0430000704300000000
title01.anm	116	3573300	33	94	28	0	0800000000000000400000004000000040000000
title01.anm	116	3573328	20	126	8	0	
title01.anm	116	3573336	21	126	12	0	01000000
title01.anm	116	3573348	1	158	8	0	
title01.anm	116	3573356	-1	0	0	0	
title01.anm	117	4097796	3	0	12	0	78000000
title01.anm	117	4097808	30	0	12	0	01000000
title01.anm	117	4097820	8	0	12	0	00000000
title01.anm	117	4097832	6	0	20	0	0000d0430000704300000000
title01.anm	117	4097852	21	0	12	0	ffffffff
title01.anm	117	4097864	23	0	8	0	
title01.anm	117	4097872	21	0	12	0	09000000
title01.anm	117	4097884	34	0	20	0	0800000004000000ff000000
title01.anm	117	4097904	33	0	28	0	0800000000000000ff000000ff000000ff000000
title01.anm	117	4097932	32	0	28	0	08000000040000000000a0430000704300000000
title01.anm	117	4097960	20	30	8	0	
title01.anm	117	4097968	21	30	12	0	07000000
title01.anm	117	4097980	21	30	12	0	0c000000
title01.anm	117	4097992	21	30	12	0	16000000
title01.anm	117	4098004	21	30	12	0	08000000
title01.anm	117	4098016	34	30	20	0	080000000400000000000000
title01.anm	117	4098036	32	30	28	0	08000000040000000000604300007043cdcccc3d
title01.anm	117	4098064	33	30	28	0	0800000000000000ff000000ff000000ff000000
title01.anm	117	4098092	23	62	8	0	
title01.anm	117	4098100	21	62	12	0	0a000000
title01.anm	117	4098112	21	62	12	0	12000000
title01.anm	117	4098124	21	62	12	0	1a000000
title01.anm	117	4098136	34	62	20	0	100000000400000080000000
title01.anm	117	4098156	32	62	28	0	08000000040000000000a0430000704300000000
title01.anm	117	4098184	20	94	8	0	
title01.anm	117	4098192	21	94	12	0	17000000
title01.anm	117	4098204	34	94	20	0	080000000400000080000000
title01.anm	117	4098224	33	94	28	0	0800000000000000ff000000ff000000ff000000
title01.anm	117	4098252	32	94	28	0	08000000040000000000a0430000704300000000
title01.anm	117	4098280	33	94	28	0	0800000000000000400000004000000040000000
title01.anm	117	4098308	20	126	8	0	
title01.anm	117	4098316	21	126	12	0	01000000
title01.anm	117	4098328	1	158	8	0	
title01.anm	117	4098336	-1	0	0	0	
title01.anm	118	4622776	3	0	12	0	79000000
title01.anm	118	4622788	30	0	12	0	01000000
title01.anm	118	4622800	8	0	12	0	00000000
title01.anm	118	4622812	6	0	20	0	0000d0430000704300000000
title01.anm	118	4622832	21	0	12	0	ffffffff
title01.anm	118	4622844	23	0	8	0	
title01.anm	118	4622852	21	0	12	0	09000000
title01.anm	118	4622864	34	0	20	0	0800000004000000ff000000
title01.anm	118	4622884	33	0	28	0	0800000000000000ff000000ff000000ff000000
title01.anm	118	4622912	32	0	28	0	08000000040000000000a0430000704300000000
title01.anm	118	4622940	20	30	8	0	
title01.anm	118	4622948	21	30	12	0	07000000
title01.anm	118	4622960	21	30	12	0	0c000000
title01.anm	118	4622972	21	30	12	0	16000000
title01.anm	118	4622984	21	30	12	0	08000000
title01.anm	118	4622996	34	30	20	0	080000000400000000000000
title01.anm	118	4623016	32	30	28	0	08000000040000000000604300007043cdcccc3d
title01.anm	118	4623044	33	30	28	0	0800000000000000ff000000ff000000ff000000
title01.anm	118	4623072	23	62	8	0	
title01.anm	118	4623080	21	62	12	0	0a000000
title01.anm	118	4623092	21	62	12	0	12000000
title01.anm	118	4623104	21	62	12	0	1a000000
title01.anm	118	4623116	34	62	20	0	100000000400000080000000
title01.anm	118	4623136	32	62	28	0	08000000040000000000a0430000704300000000
title01.anm	118	4623164	20	94	8	0	
title01.anm	118	4623172	21	94	12	0	17000000
title01.anm	118	4623184	34	94	20	0	080000000400000080000000
title01.anm	118	4623204	33	94	28	0	0800000000000000ff000000ff000000ff000000
title01.anm	118	4623232	32	94	28	0	08000000040000000000a0430000704300000000
title01.anm	118	4623260	33	94	28	0	0800000000000000400000004000000040000000
title01.anm	118	4623288	20	126	8	0	
title01.anm	118	4623296	21	126	12	0	01000000
title01.anm	118	4623308	1	158	8	0	
title01.anm	118	4623316	-1	0	0	0	
title01.anm	119	5147756	3	0	12	0	7a000000
title01.anm	119	5147768	30	0	12	0	01000000
title01.anm	119	5147780	8	0	12	0	00000000
title01.anm	119	5147792	6	0	20	0	0000f0430000b04300000000
title01.anm	119	5147812	21	0	12	0	ffffffff
title01.anm	119	5147824	23	0	8	0	
title01.anm	119	5147832	21	0	12	0	09000000
title01.anm	119	5147844	34	0	20	0	0800000004000000ff000000
title01.anm	119	5147864	32	0	28	0	08000000040000000000f0430000a04300000000
title01.anm	119	5147892	20	30	8	0	
title01.anm	119	5147900	21	30	12	0	07000000
title01.anm	119	5147912	21	30	12	0	0c000000
title01.anm	119	5147924	21	30	12	0	16000000
title01.anm	119	5147936	21	30	12	0	08000000
title01.anm	119	5147948	34	30	20	0	080000000400000000000000
title01.anm	119	5147968	32	30	28	0	0f000000040000000000f0430000b04300000000
title01.anm	119	5147996	23	62	8	0	
title01.anm	119	5148004	21	62	12	0	0a000000
title01.anm	119	5148016	21	62	12	0	12000000
title01.anm	119	5148028	34	62	20	0	120000000400000000000000
title01.anm	119	5148048	32	62	28	0	0f000000040000000000f0430000a04300000000
title01.anm	119	5148076	20	94	8	0	
title01.anm	119	5148084	21	94	12	0	01000000
title01.anm	119	5148096	1	126	8	0	
title01.anm	119	5148104	-1	0	0	0	
title01.anm	120	5279328	3	0	12	0	7b000000
title01.anm	120	5279340	30	0	12	0	01000000
title01.anm	120	5279352	8	0	12	0	00000000
title01.anm	120	5279364	6	0	20	0	0000f0430000b04300000000
title01.anm	120	5279384	21	0	12	0	ffffffff
title01.anm	120	5279396	23	0	8	0	
title01.anm	120	5279404	21	0	12	0	09000000
title01.anm	120	5279416	34	0	20	0	0800000004000000ff000000
title01.anm	120	5279436	32	0	28	0	08000000040000000000f0430000a04300000000
title01.anm	120	5279464	20	30	8	0	
title01.anm	120	5279472	21	30	12	0	07000000
title01.anm	120	5279484	21	30	12	0	0c000000
title01.anm	120	5279496	21	30	12	0	16000000
title01.anm	120	5279508	21	30	12	0	08000000
title01.anm	120	5279520	34	30	20	0	080000000400000000000000
title01.anm	120	5279540	32	30	28	0	0f000000040000000000f0430000b04300000000
title01.anm	120	5279568	23	62	8	0	
title01.anm	120	5279576	21	62	12	0	0a000000
title01.anm	120	5279588	21	62	12	0	12000000
title01.anm	120	5279600	34	62	20	0	120000000400000000000000
title01.anm	120	5279620	32	62	28	0	0f000000040000000000f0430000a04300000000
title01.anm	120	5279648	20	94	8	0	
title01.anm	120	5279656	21	94	12	0	01000000
title01.anm	120	5279668	1	126	8	0	
title01.anm	120	5279676	-1	0	0	0	
title01.anm	121	5410900	3	0	12	0	7c000000
title01.anm	121	5410912	30	0	12	0	01000000
title01.anm	121	5410924	8	0	12	0	00000000
title01.anm	121	5410936	6	0	20	0	0000f0430000b04300000000
title01.anm	121	5410956	21	0	12	0	ffffffff
title01.anm	121	5410968	23	0	8	0	
title01.anm	121	5410976	21	0	12	0	09000000
title01.anm	121	5410988	34	0	20	0	0800000004000000ff000000
title01.anm	121	5411008	32	0	28	0	08000000040000000000f0430000a04300000000
title01.anm	121	5411036	20	30	8	0	
title01.anm	121	5411044	21	30	12	0	07000000
title01.anm	121	5411056	21	30	12	0	0c000000
title01.anm	121	5411068	21	30	12	0	16000000
title01.anm	121	5411080	21	30	12	0	08000000
title01.anm	121	5411092	34	30	20	0	080000000400000000000000
title01.anm	121	5411112	32	30	28	0	0f000000040000000000f0430000b04300000000
title01.anm	121	5411140	23	62	8	0	
title01.anm	121	5411148	21	62	12	0	0a000000
title01.anm	121	5411160	21	62	12	0	12000000
title01.anm	121	5411172	34	62	20	0	120000000400000000000000
title01.anm	121	5411192	32	62	28	0	0f000000040000000000f0430000a04300000000
title01.anm	121	5411220	20	94	8	0	
title01.anm	121	5411228	21	94	12	0	01000000
title01.anm	121	5411240	1	126	8	0	
title01.anm	121	5411248	-1	0	0	0	
title01.anm	122	5542472	3	0	12	0	7d000000
title01.anm	122	5542484	30	0	12	0	01000000
title01.anm	122	5542496	8	0	12	0	00000000
title01.anm	122	5542508	6	0	20	0	0000f0430000b04300000000
title01.anm	122	5542528	21	0	12	0	ffffffff
title01.anm	122	5542540	23	0	8	0	
title01.anm	122	5542548	21	0	12	0	09000000
title01.anm	122	5542560	34	0	20	0	0800000004000000ff000000
title01.anm	122	5542580	32	0	28	0	08000000040000000000f0430000a04300000000
title01.anm	122	5542608	20	30	8	0	
title01.anm	122	5542616	21	30	12	0	07000000
title01.anm	122	5542628	21	30	12	0	0c000000
title01.anm	122	5542640	21	30	12	0	16000000
title01.anm	122	5542652	21	30	12	0	08000000
title01.anm	122	5542664	34	30	20	0	080000000400000000000000
title01.anm	122	5542684	32	30	28	0	0f000000040000000000f0430000b04300000000
title01.anm	122	5542712	23	62	8	0	
title01.anm	122	5542720	21	62	12	0	0a000000
title01.anm	122	5542732	21	62	12	0	12000000
title01.anm	122	5542744	34	62	20	0	120000000400000000000000
title01.anm	122	5542764	32	62	28	0	0f000000040000000000f0430000a04300000000
title01.anm	122	5542792	20	94	8	0	
title01.anm	122	5542800	21	94	12	0	01000000
title01.anm	122	5542812	1	126	8	0	
title01.anm	122	5542820	-1	0	0	0	
title01.anm	123	5674044	3	0	12	0	7e000000
title01.anm	123	5674056	30	0	12	0	01000000
title01.anm	123	5674068	8	0	12	0	00000000
title01.anm	123	5674080	6	0	20	0	0000f0430000b04300000000
title01.anm	123	5674100	21	0	12	0	ffffffff
title01.anm	123	5674112	23	0	8	0	
title01.anm	123	5674120	21	0	12	0	09000000
title01.anm	123	5674132	34	0	20	0	0800000004000000ff000000
title01.anm	123	5674152	32	0	28	0	08000000040000000000f0430000a04300000000
title01.anm	123	5674180	20	30	8	0	
title01.anm	123	5674188	21	30	12	0	07000000
title01.anm	123	5674200	21	30	12	0	0c000000
title01.anm	123	5674212	21	30	12	0	16000000
title01.anm	123	5674224	21	30	12	0	08000000
title01.anm	123	5674236	34	30	20	0	080000000400000000000000
title01.anm	123	5674256	32	30	28	0	0f000000040000000000f0430000b04300000000
title01.anm	123	5674284	23	62	8	0	
title01.anm	123	5674292	21	62	12	0	0a000000
title01.anm	123	5674304	21	62	12	0	12000000
title01.anm	123	5674316	34	62	20	0	120000000400000000000000
title01.anm	123	5674336	32	62	28	0	0f000000040000000000f0430000a04300000000
title01.anm	123	5674364	20	94	8	0	
title01.anm	123	5674372	21	94	12	0	01000000
title01.anm	123	5674384	1	126	8	0	
title01.anm	123	5674392	-1	0	0	0	
title01.anm	124	5805616	3	0	12	0	7f000000
title01.anm	124	5805628	30	0	12	0	01000000
title01.anm	124	5805640	8	0	12	0	00000000
title01.anm	124	5805652	6	0	20	0	0000f0430000b04300000000
title01.anm	124	5805672	21	0	12	0	ffffffff
title01.anm	124	5805684	23	0	8	0	
title01.anm	124	5805692	21	0	12	0	09000000
title01.anm	124	5805704	34	0	20	0	0800000004000000ff000000
title01.anm	124	5805724	32	0	28	0	08000000040000000000f0430000a04300000000
title01.anm	124	5805752	20	30	8	0	
title01.anm	124	5805760	21	30	12	0	07000000
title01.anm	124	5805772	21	30	12	0	0c000000
title01.anm	124	5805784	21	30	12	0	16000000
title01.anm	124	5805796	21	30	12	0	08000000
title01.anm	124	5805808	34	30	20	0	080000000400000000000000
title01.anm	124	5805828	32	30	28	0	0f000000040000000000f0430000b04300000000
title01.anm	124	5805856	23	62	8	0	
title01.anm	124	5805864	21	62	12	0	0a000000
title01.anm	124	5805876	21	62	12	0	12000000
title01.anm	124	5805888	34	62	20	0	120000000400000000000000
title01.anm	124	5805908	32	62	28	0	0f000000040000000000f0430000a04300000000
title01.anm	124	5805936	20	94	8	0	
title01.anm	124	5805944	21	94	12	0	01000000
title01.anm	124	5805956	1	126	8	0	
title01.anm	124	5805964	-1	0	0	0	
title01.anm	125	5937188	3	0	12	0	80000000
title01.anm	125	5937200	30	0	12	0	01000000
title01.anm	125	5937212	8	0	12	0	00000000
title01.anm	125	5937224	6	0	20	0	0000f0430000b04300000000
title01.anm	125	5937244	21	0	12	0	ffffffff
title01.anm	125	5937256	23	0	8	0	
title01.anm	125	5937264	21	0	12	0	09000000
title01.anm	125	5937276	34	0	20	0	0800000004000000ff000000
title01.anm	125	5937296	32	0	28	0	08000000040000000000f0430000a04300000000
title01.anm	125	5937324	20	30	8	0	
title01.anm	125	5937332	21	30	12	0	07000000
title01.anm	125	5937344	21	30	12	0	0c000000
title01.anm	125	5937356	21	30	12	0	16000000
title01.anm	125	5937368	21	30	12	0	08000000
title01.anm	125	5937380	34	30	20	0	080000000400000000000000
title01.anm	125	5937400	32	30	28	0	0f000000040000000000f0430000b04300000000
title01.anm	125	5937428	23	62	8	0	
title01.anm	125	5937436	21	62	12	0	0a000000
title01.anm	125	5937448	21	62	12	0	12000000
title01.anm	125	5937460	34	62	20	0	120000000400000000000000
title01.anm	125	5937480	32	62	28	0	0f000000040000000000f0430000a04300000000
title01.anm	125	5937508	20	94	8	0	
title01.anm	125	5937516	21	94	12	0	01000000
title01.anm	125	5937528	1	126	8	0	
title01.anm	125	5937536	-1	0	0	0	
title01.anm	126	6068760	3	0	12	0	81000000
title01.anm	126	6068772	30	0	12	0	01000000
title01.anm	126	6068784	8	0	12	0	00000000
title01.anm	126	6068796	6	0	20	0	0000f0430000b04300000000
title01.anm	126	6068816	21	0	12	0	ffffffff
title01.anm	126	6068828	23	0	8	0	
title01.anm	126	6068836	21	0	12	0	09000000
title01.anm	126	6068848	34	0	20	0	0800000004000000ff000000
title01.anm	126	6068868	32	0	28	0	08000000040000000000f0430000a04300000000
title01.anm	126	6068896	20	30	8	0	
title01.anm	126	6068904	21	30	12	0	07000000
title01.anm	126	6068916	21	30	12	0	0c000000
title01.anm	126	6068928	21	30	12	0	16000000
title01.anm	126	6068940	21	30	12	0	08000000
title01.anm	126	6068952	34	30	20	0	080000000400000000000000
title01.anm	126	6068972	32	30	28	0	0f000000040000000000f0430000b04300000000
title01.anm	126	6069000	23	62	8	0	
title01.anm	126	6069008	21	62	12	0	0a000000
title01.anm	126	6069020	21	62	12	0	12000000
title01.anm	126	6069032	34	62	20	0	120000000400000000000000
title01.anm	126	6069052	32	62	28	0	0f000000040000000000f0430000a04300000000
title01.anm	126	6069080	20	94	8	0	
title01.anm	126	6069088	21	94	12	0	01000000
title01.anm	126	6069100	1	126	8	0	
title01.anm	126	6069108	-1	0	0	0	
title01.anm	127	6200332	3	0	12	0	82000000
title01.anm	127	6200344	30	0	12	0	01000000
title01.anm	127	6200356	8	0	12	0	00000000
title01.anm	127	6200368	6	0	20	0	0000f0430000b04300000000
title01.anm	127	6200388	21	0	12	0	ffffffff
title01.anm	127	6200400	23	0	8	0	
title01.anm	127	6200408	21	0	12	0	09000000
title01.anm	127	6200420	34	0	20	0	0800000004000000ff000000
title01.anm	127	6200440	32	0	28	0	08000000040000000000f0430000a04300000000
title01.anm	127	6200468	20	30	8	0	
title01.anm	127	6200476	21	30	12	0	07000000
title01.anm	127	6200488	21	30	12	0	0c000000
title01.anm	127	6200500	21	30	12	0	16000000
title01.anm	127	6200512	21	30	12	0	08000000
title01.anm	127	6200524	34	30	20	0	080000000400000000000000
title01.anm	127	6200544	32	30	28	0	0f000000040000000000f0430000b04300000000
title01.anm	127	6200572	23	62	8	0	
title01.anm	127	6200580	21	62	12	0	0a000000
title01.anm	127	6200592	21	62	12	0	12000000
title01.anm	127	6200604	34	62	20	0	120000000400000000000000
title01.anm	127	6200624	32	62	28	0	0f000000040000000000f0430000a04300000000
title01.anm	127	6200652	20	94	8	0	
title01.anm	127	6200660	21	94	12	0	01000000
title01.anm	127	6200672	1	126	8	0	
title01.anm	127	6200680	-1	0	0	0	
title01.anm	128	6331904	3	0	12	0	83000000
title01.anm	128	6331916	30	0	12	0	01000000
title01.anm	128	6331928	8	0	12	0	00000000
title01.anm	128	6331940	6	0	20	0	0000f0430000b04300000000
title01.anm	128	6331960	21	0	12	0	ffffffff
title01.anm	128	6331972	23	0	8	0	
title01.anm	128	6331980	21	0	12	0	09000000
title01.anm	128	6331992	34	0	20	0	0800000004000000ff000000
title01.anm	128	6332012	32	0	28	0	08000000040000000000f0430000a04300000000
title01.anm	128	6332040	20	30	8	0	
title01.anm	128	6332048	21	30	12	0	07000000
title01.anm	128	6332060	21	30	12	0	0c000000
title01.anm	128	6332072	21	30	12	0	16000000
title01.anm	128	6332084	21	30	12	0	08000000
title01.anm	128	6332096	34	30	20	0	080000000400000000000000
title01.anm	128	6332116	32	30	28	0	0f000000040000000000f0430000b04300000000
title01.anm	128	6332144	23	62	8	0	
title01.anm	128	6332152	21	62	12	0	0a000000
title01.anm	128	6332164	21	62	12	0	12000000
title01.anm	128	6332176	34	62	20	0	120000000400000000000000
title01.anm	128	6332196	32	62	28	0	0f000000040000000000f0430000a04300000000
title01.anm	128	6332224	20	94	8	0	
title01.anm	128	6332232	21	94	12	0	01000000
title01.anm	128	6332244	1	126	8	0	
title01.anm	128	6332252	-1	0	0	0	
title01.anm	129	6463476	3	0	12	0	84000000
title01.anm	129	6463488	30	0	12	0	01000000
title01.anm	129	6463500	8	0	12	0	00000000
title01.anm	129	6463512	6	0	20	0	0000f0430000b04300000000
title01.anm	129	6463532	21	0	12	0	ffffffff
title01.anm	129	6463544	23	0	8	0	
title01.anm	129	6463552	21	0	12	0	09000000
title01.anm	129	6463564	34	0	20	0	0800000004000000ff000000
title01.anm	129	6463584	32	0	28	0	08000000040000000000f0430000a04300000000
title01.anm	129	6463612	20	30	8	0	
title01.anm	129	6463620	21	30	12	0	07000000
title01.anm	129	6463632	21	30	12	0	0c000000
title01.anm	129	6463644	21	30	12	0	16000000
title01.anm	129	6463656	21	30	12	0	08000000
title01.anm	129	6463668	34	30	20	0	080000000400000000000000
title01.anm	129	6463688	32	30	28	0	0f000000040000000000f0430000b04300000000
title01.anm	129	6463716	23	62	8	0	
title01.anm	129	6463724	21	62	12	0	0a000000
title01.anm	129	6463736	21	62	12	0	12000000
title01.anm	129	6463748	34	62	20	0	120000000400000000000000
title01.anm	129	6463768	32	62	28	0	0f000000040000000000f0430000a04300000000
title01.anm	129	6463796	20	94	8	0	
title01.anm	129	6463804	21	94	12	0	01000000
title01.anm	129	6463816	1	126	8	0	
title01.anm	129	6463824	-1	0	0	0	
title01.anm	130	6595048	3	0	12	0	85000000
title01.anm	130	6595060	30	0	12	0	01000000
title01.anm	130	6595072	8	0	12	0	00000000
title01.anm	130	6595084	6	0	20	0	0000f0430000b04300000000
title01.anm	130	6595104	21	0	12	0	ffffffff
title01.anm	130	6595116	23	0	8	0	
title01.anm	130	6595124	21	0	12	0	09000000
title01.anm	130	6595136	34	0	20	0	0800000004000000ff000000
title01.anm	130	6595156	32	0	28	0	08000000040000000000f0430000a04300000000
title01.anm	130	6595184	20	30	8	0	
title01.anm	130	6595192	21	30	12	0	07000000
title01.anm	130	6595204	21	30	12	0	0c000000
title01.anm	130	6595216	21	30	12	0	16000000
title01.anm	130	6595228	21	30	12	0	08000000
title01.anm	130	6595240	34	30	20	0	080000000400000000000000
title01.anm	130	6595260	32	30	28	0	0f000000040000000000f0430000b04300000000
title01.anm	130	6595288	23	62	8	0	
title01.anm	130	6595296	21	62	12	0	0a000000
title01.anm	130	6595308	21	62	12	0	12000000
title01.anm	130	6595320	34	62	20	0	120000000400000000000000
title01.anm	130	6595340	32	62	28	0	0f000000040000000000f0430000a04300000000
title01.anm	130	6595368	20	94	8	0	
title01.anm	130	6595376	21	94	12	0	01000000
title01.anm	130	6595388	1	126	8	0	
title01.anm	130	6595396	-1	0	0	0	
title01.anm	131	6727060	3	0	12	0	86000000
title01.anm	131	6727072	22	0	8	0	
title01.anm	131	6727080	30	0	12	0	01000000
title01.anm	131	6727092	8	0	12	0	00000000
title01.anm	131	6727104	6	0	20	0	000080400000c04200000000
title01.anm	131	6727124	21	0	12	0	ffffffff
title01.anm	131	6727136	23	0	8	0	
title01.anm	131	6727144	21	0	12	0	07000000
title01.anm	131	6727156	15	0	16	0	ff00000010000000
title01.anm	131	6727172	32	0	28	0	1e00000004000000000004430000c04200000000
title01.anm	131	6727200	20	30	8	0	
title01.anm	131	6727208	21	30	12	0	19000000
title01.anm	131	6727220	15	30	16	0	ff0000000a000000
title01.anm	131	6727236	32	30	28	0	0c00000004000000000004430000c04200000000
title01.anm	131	6727264	20	42	8	0	
title01.anm	131	6727272	21	0	12	0	18000000
title01.anm	131	6727284	15	0	16	0	ff0000000a000000
title01.anm	131	6727300	32	0	28	0	0c000000040000000000c8420000c04200000000
title01.anm	131	6727328	20	12	8	0	
title01.anm	131	6727336	21	12	12	0	06000000
title01.anm	131	6727348	21	12	12	0	08000000
title01.anm	131	6727360	21	12	12	0	0a000000
title01.anm	131	6727372	32	12	28	0	3000000004000000000080400000c04200000000
title01.anm	131	6727400	15	12	16	0	0000000020000000
title01.anm	131	6727416	23	44	8	0	
title01.anm	131	6727424	21	44	12	0	09000000
title01.anm	131	6727436	18	44	24	0	000080410000c0430000000014000000
title01.anm	131	6727460	20	74	8	0	
title01.anm	131	6727468	21	74	12	0	12000000
title01.anm	131	6727480	6	74	20	0	000080410000c04300000000
title01.anm	131	6727500	20	104	8	0	
title01.anm	131	6727508	21	104	12	0	01000000
title01.anm	131	6727520	1	136	8	0	
title01.anm	131	6727528	-1	0	0	0	
title01.anm	132	6727536	3	0	12	0	88000000
title01.anm	132	6727548	22	0	8	0	
title01.anm	132	6727556	30	0	12	0	01000000
title01.anm	132	6727568	8	0	12	0	00000000
title01.anm	132	6727580	6	0	20	0	000024430000384300000000
title01.anm	132	6727600	21	0	12	0	ffffffff
title01.anm	132	6727612	23	0	8	0	
title01.anm	132	6727620	21	0	12	0	07000000
title01.anm	132	6727632	15	10	16	0	ff00000010000000
title01.anm	132	6727648	32	10	28	0	1e00000004000000000054430000384300000000
title01.anm	132	6727676	20	40	8	0	
title01.anm	132	6727684	21	40	12	0	19000000
title01.anm	132	6727696	15	40	16	0	ff0000000a000000
title01.anm	132	6727712	32	40	28	0	0c00000004000000000054430000384300000000
title01.anm	132	6727740	20	52	8	0	
title01.anm	132	6727748	21	10	12	0	18000000
title01.anm	132	6727760	15	10	16	0	ff0000000a000000
title01.anm	132	6727776	32	10	28	0	0c00000004000000000034430000384300000000
title01.anm	132	6727804	20	22	8	0	
title01.anm	132	6727812	21	22	12	0	06000000
title01.anm	132	6727824	21	22	12	0	08000000
title01.anm	132	6727836	21	22	12	0	0a000000
title01.anm	132	6727848	32	22	28	0	3000000004000000000024430000384300000000
title01.anm	132	6727876	15	22	16	0	0000000020000000
title01.anm	132	6727892	23	54	8	0	
title01.anm	132	6727900	21	54	12	0	09000000
title01.anm	132	6727912	18	54	24	0	000080410000c0430000000014000000
title01.anm	132	6727936	20	84	8	0	
title01.anm	132	6727944	21	84	12	0	12000000
title01.anm	132	6727956	6	84	20	0	000080410000c04300000000
title01.anm	132	6727976	20	114	8	0	
title01.anm	132	6727984	21	114	12	0	01000000
title01.anm	132	6727996	1	146	8	0	
title01.anm	132	6728004	-1	0	0	0	
title01.anm	133	6728012	3	0	12	0	8a000000
title01.anm	133	6728024	22	0	8	0	
title01.anm	133	6728032	30	0	12	0	01000000
title01.anm	133	6728044	8	0	12	0	00000000
title01.anm	133	6728056	6	0	20	0	00005c430000884300000000
title01.anm	133	6728076	21	0	12	0	ffffffff
title01.anm	133	6728088	23	0	8	0	
title01.anm	133	6728096	21	0	12	0	07000000
title01.anm	133	6728108	15	20	16	0	ff00000010000000
title01.anm	133	6728124	32	20	28	0	1e0000000400000000002c430000884300000000
title01.anm	133	6728152	20	50	8	0	
title01.anm	133	6728160	21	50	12	0	19000000
title01.anm	133	6728172	15	50	16	0	ff0000000a000000
title01.anm	133	6728188	32	50	28	0	0c0000000400000000002c430000884300000000
title01.anm	133	6728216	20	62	8	0	
title01.anm	133	6728224	21	20	12	0	18000000
title01.anm	133	6728236	15	20	16	0	ff0000000a000000
title01.anm	133	6728252	32	20	28	0	0c0000000400000000000c430000884300000000
title01.anm	133	6728280	20	32	8	0	
title01.anm	133	6728288	21	32	12	0	06000000
title01.anm	133	6728300	21	32	12	0	08000000
title01.anm	133	6728312	21	32	12	0	0a000000
title01.anm	133	6728324	32	32	28	0	300000000400000000005c430000884300000000
title01.anm	133	6728352	15	32	16	0	0000000020000000
title01.anm	133	6728368	23	64	8	0	
title01.anm	133	6728376	21	64	12	0	09000000
title01.anm	133	6728388	18	64	24	0	000080410000c0430000000014000000
title01.anm	133	6728412	20	94	8	0	
title01.anm	133	6728420	21	94	12	0	12000000
title01.anm	133	6728432	6	94	20	0	000080410000c04300000000
title01.anm	133	6728452	20	124	8	0	
title01.anm	133	6728460	21	124	12	0	01000000
title01.anm	133	6728472	1	156	8	0	
title01.anm	133	6728480	-1	0	0	0	
title01.anm	134	6728488	3	0	12	0	8c000000
title01.anm	134	6728500	22	0	8	0	
title01.anm	134	6728508	30	0	12	0	01000000
title01.anm	134	6728520	8	0	12	0	00000000
title01.anm	134	6728532	6	0	20	0	0000be430000b44300000000
title01.anm	134	6728552	21	0	12	0	ffffffff
title01.anm	134	6728564	23	0	8	0	
title01.anm	134	6728572	21	0	12	0	07000000
title01.anm	134	6728584	15	30	16	0	ff00000010000000
title01.anm	134	6728600	32	30	28	0	1e0000000400000000007c430000b44300000000
title01.anm	134	6728628	20	60	8	0	
title01.anm	134	6728636	21	60	12	0	19000000
title01.anm	134	6728648	15	60	16	0	ff0000000a000000
title01.anm	134	6728664	32	60	28	0	0c0000000400000000007c430000b44300000000
title01.anm	134	6728692	20	72	8	0	
title01.anm	134	6728700	21	30	12	0	18000000
title01.anm	134	6728712	15	30	16	0	ff0000000a000000
title01.anm	134	6728728	32	30	28	0	0c0000000400000000005c430000b44300000000
title01.anm	134	6728756	20	42	8	0	
title01.anm	134	6728764	21	42	12	0	06000000
title01.anm	134	6728776	21	42	12	0	08000000
title01.anm	134	6728788	21	42	12	0	0a000000
title01.anm	134	6728800	32	42	28	0	30000000040000000000be430000b44300000000
title01.anm	134	6728828	15	42	16	0	0000000020000000
title01.anm	134	6728844	23	74	8	0	
title01.anm	134	6728852	21	74	12	0	09000000
title01.anm	134	6728864	18	74	24	0	000080410000c0430000000014000000
title01.anm	134	6728888	20	104	8	0	
title01.anm	134	6728896	21	104	12	0	12000000
title01.anm	134	6728908	6	104	20	0	000080410000c04300000000
title01.anm	134	6728928	20	134	8	0	
title01.anm	134	6728936	21	134	12	0	01000000
title01.anm	134	6728948	1	166	8	0	
title01.anm	134	6728956	-1	0	0	0	
title01.anm	135	6728964	3	0	12	0	8e000000
title01.anm	135	6728976	22	0	8	0	
title01.anm	135	6728984	30	0	12	0	01000000
title01.anm	135	6728996	8	0	12	0	00000000
title01.anm	135	6729008	6	0	20	0	000040430000104300000000
title01.anm	135	6729028	21	0	12	0	ffffffff
title01.anm	135	6729040	23	0	8	0	
title01.anm	135	6729048	21	0	12	0	0c000000
title01.anm	135	6729060	15	0	16	0	ff00000010000000
title01.anm	135	6729076	32	0	28	0	1e00000004000000000040430000404300000000
title01.anm	135	6729104	20	30	8	0	
title01.anm	135	6729112	21	30	12	0	19000000
title01.anm	135	6729124	15	30	16	0	ff0000000a000000
title01.anm	135	6729140	32	30	28	0	0c00000004000000000040430000404300000000
title01.anm	135	6729168	20	42	8	0	
title01.anm	135	6729176	21	0	12	0	18000000
title01.anm	135	6729188	15	0	16	0	ff0000000a000000
title01.anm	135	6729204	32	0	28	0	0c00000004000000000020430000404300000000
title01.anm	135	6729232	20	12	8	0	
title01.anm	135	6729240	21	12	12	0	06000000
title01.anm	135	6729252	21	12	12	0	08000000
title01.anm	135	6729264	21	12	12	0	0a000000
title01.anm	135	6729276	32	12	28	0	3000000004000000000040430000104300000000
title01.anm	135	6729304	15	12	16	0	0000000020000000
title01.anm	135	6729320	23	44	8	0	
title01.anm	135	6729328	21	44	12	0	09000000
title01.anm	135	6729340	18	44	24	0	000080410000c0430000000014000000
title01.anm	135	6729364	20	74	8	0	
title01.anm	135	6729372	21	74	12	0	12000000
title01.anm	135	6729384	6	74	20	0	000080410000c04300000000
title01.anm	135	6729404	20	104	8	0	
title01.anm	135	6729412	21	104	12	0	01000000
title01.anm	135	6729424	1	136	8	0	
title01.anm	135	6729432	-1	0	0	0	
title01.anm	136	7254008	3	0	12	0	98000000
title01.anm	136	7254020	30	0	12	0	01000000
title01.anm	136	7254032	8	0	12	0	00000000
title01.anm	136	7254044	6	0	20	0	0000a0430000404200000000
title01.anm	136	7254064	21	0	12	0	ffffffff
title01.anm	136	7254076	23	0	8	0	
title01.anm	136	7254084	21	0	12	0	07000000
title01.anm	136	7254096	21	0	12	0	0c000000
title01.anm	136	7254108	21	0	12	0	16000000
title01.anm	136	7254120	15	0	16	0	ff00000010000000
title01.anm	136	7254136	17	0	24	0	0000a04300004042000000001e000000
title01.anm	136	7254160	20	30	8	0	
title01.anm	136	7254168	21	30	12	0	08000000
title01.anm	136	7254180	17	30	24	0	0000a043000000000000000030000000
title01.anm	136	7254204	15	30	16	0	0000000020000000
title01.anm	136	7254220	23	62	8	0	
title01.anm	136	7254228	21	62	12	0	01000000
title01.anm	136	7254240	1	94	8	0	
title01.anm	136	7254248	-1	0	0	0	
title01.anm	137	7254256	3	0	12	0	99000000
title01.anm	137	7254268	30	0	12	0	01000000
title01.anm	137	7254280	8	0	12	0	00000000
title01.anm	137	7254292	6	0	20	0	0000a0430000404200000000
title01.anm	137	7254312	21	0	12	0	ffffffff
title01.anm	137	7254324	23	0	8	0	
title01.anm	137	7254332	21	0	12	0	08000000
title01.anm	137	7254344	15	0	16	0	ff00000010000000
title01.anm	137	7254360	17	0	24	0	0000a04300004042000000001e000000
title01.anm	137	7254384	20	30	8	0	
title01.anm	137	7254392	21	30	12	0	0a000000
title01.anm	137	7254404	21	30	12	0	12000000
title01.anm	137	7254416	17	30	24	0	0000a043000000000000000030000000
title01.anm	137	7254440	15	30	16	0	0000000020000000
title01.anm	137	7254456	23	62	8	0	
title01.anm	137	7254464	21	62	12	0	01000000
title01.anm	137	7254476	1	94	8	0	
title01.anm	137	7254484	-1	0	0	0	
title01.anm	138	7254492	3	0	12	0	9a000000
title01.anm	138	7254504	30	0	12	0	01000000
title01.anm	138	7254516	8	0	12	0	00000000
title01.anm	138	7254528	6	0	20	0	0000a0430000404200000000
title01.anm	138	7254548	21	0	12	0	ffffffff
title01.anm	138	7254560	23	0	8	0	
title01.anm	138	7254568	21	0	12	0	1a000000
title01.anm	138	7254580	17	0	24	0	0000a043000000000000000030000000
title01.anm	138	7254604	15	0	16	0	0000000020000000
title01.anm	138	7254620	23	32	8	0	
title01.anm	138	7254628	21	32	12	0	1b000000
title01.anm	138	7254640	15	32	16	0	ff00000010000000
title01.anm	138	7254656	17	32	24	0	0000a04300004042000000001e000000
title01.anm	138	7254680	20	62	8	0	
title01.anm	138	7254688	21	62	12	0	01000000
title01.anm	138	7254700	1	94	8	0	
title01.anm	138	7254708	-1	0	0	0	
title01.anm	139	7254716	3	0	12	0	9b000000
title01.anm	139	7254728	30	0	12	0	01000000
title01.anm	139	7254740	8	0	12	0	00000000
title01.anm	139	7254752	6	0	20	0	0000a0430000404200000000
title01.anm	139	7254772	21	0	12	0	ffffffff
title01.anm	139	7254784	23	0	8	0	
title01.anm	139	7254792	21	0	12	0	08000000
title01.anm	139	7254804	21	0	12	0	1a000000
title01.anm	139	7254816	17	0	24	0	0000a043000000000000000030000000
title01.anm	139	7254840	15	0	16	0	0000000020000000
title01.anm	139	7254856	23	32	8	0	
title01.anm	139	7254864	21	32	12	0	12000000
title01.anm	139	7254876	15	32	16	0	ff00000010000000
title01.anm	139	7254892	17	32	24	0	0000a04300004042000000001e000000
title01.anm	139	7254916	20	62	8	0	
title01.anm	139	7254924	21	62	12	0	01000000
title01.anm	139	7254936	1	94	8	0	
title01.anm	139	7254944	-1	0	0	0	
title01.anm	140	7254952	3	0	12	0	9c000000
title01.anm	140	7254964	30	0	12	0	01000000
title01.anm	140	7254976	8	0	12	0	00000000
title01.anm	140	7254988	6	0	20	0	0000a0430000404200000000
title01.anm	140	7255008	21	0	12	0	ffffffff
title01.anm	140	7255020	23	0	8	0	
title01.anm	140	7255028	21	0	12	0	12000000
title01.anm	140	7255040	17	0	24	0	0000a043000000000000000030000000
title01.anm	140	7255064	15	0	16	0	0000000020000000
title01.anm	140	7255080	23	32	8	0	
title01.anm	140	7255088	21	32	12	0	1a000000
title01.anm	140	7255100	15	32	16	0	ff00000010000000
title01.anm	140	7255116	17	32	24	0	0000a04300004042000000001e000000
title01.anm	140	7255140	20	62	8	0	
title01.anm	140	7255148	21	62	12	0	01000000
title01.anm	140	7255160	1	94	8	0	
title01.anm	140	7255168	-1	0	0	0	
title01.anm	141	7255176	3	0	12	0	9b000000
title01.anm	141	7255188	30	0	12	0	01000000
title01.anm	141	7255200	8	0	12	0	00000000
title01.anm	141	7255212	21	0	12	0	ffffffff
title01.anm	141	7255224	6	0	20	0	000020440000a04300000000
title01.anm	141	7255244	23	0	8	0	
title01.anm	141	7255252	21	0	12	0	12000000
title01.anm	141	7255264	32	0	28	0	1400000004000000000080430000a04300000000
title01.anm	141	7255292	20	30	8	0	
title01.anm	141	7255300	21	30	12	0	06000000
title01.anm	141	7255312	32	30	28	0	1400000004000000000040440000a04300000000
title01.anm	141	7255340	23	50	8	0	
title01.anm	141	7255348	-1	0	0	0	
