file	timeline	offset	time	opcode	size	mask	payload
ecldata1.ecl	0	39960	1	0	32	255	0e0000000000f041000080c114000000feffffffe8030000
ecldata1.ecl	0	39992	400	0	32	255	000000000000f041000080c11400000000000000e8030000
ecldata1.ecl	0	40024	420	0	32	255	0000000000007042000080c11400000000000000e8030000
ecldata1.ecl	0	40056	440	0	32	255	000000000000b442000080c11400000000000000e8030000
ecldata1.ecl	0	40088	460	0	32	255	0000000000002042000080c11400000000000000e8030000
ecldata1.ecl	0	40120	480	0	32	255	0000000000008c42000080c11400000001000000e8030000
ecldata1.ecl	0	40152	500	0	32	255	000000000000c842000080c11400000001000000e8030000
ecldata1.ecl	0	40184	500	1	32	248	010000000000a043000000c296000000feffffffdc050000
ecldata1.ecl	0	40216	600	0	32	255	000000000000f041000080c11400000000000000e8030000
ecldata1.ecl	0	40248	620	0	32	255	0000000000007042000080c11400000000000000e8030000
ecldata1.ecl	0	40280	640	0	32	255	000000000000b442000080c11400000000000000e8030000
ecldata1.ecl	0	40312	660	0	32	255	0000000000002042000080c11400000000000000e8030000
ecldata1.ecl	0	40344	680	0	32	255	0000000000008c42000080c11400000001000000e8030000
ecldata1.ecl	0	40376	700	0	32	255	000000000000c842000080c11400000001000000e8030000
ecldata1.ecl	0	40408	800	0	32	255	000000000000b143000080c11400000000000000e8030000
ecldata1.ecl	0	40440	810	0	32	255	000000000000a243000080c11400000000000000e8030000
ecldata1.ecl	0	40472	820	0	32	255	0000000000009343000080c11400000000000000e8030000
ecldata1.ecl	0	40504	830	0	32	255	000000000000ac43000080c11400000000000000e8030000
ecldata1.ecl	0	40536	840	0	32	255	0000000000009d43000080c11400000000000000e8030000
ecldata1.ecl	0	40568	850	0	32	255	0000000000008e43000080c11400000000000000e8030000
ecldata1.ecl	0	40600	850	0	32	248	0300000000004043000000c296000000feffffffdc050000
ecldata1.ecl	0	40632	860	0	32	255	000000000000b143000080c11400000000000000e8030000
ecldata1.ecl	0	40664	870	0	32	255	000000000000a243000080c11400000000000000e8030000
ecldata1.ecl	0	40696	880	0	32	255	0000000000009343000080c11400000001000000e8030000
ecldata1.ecl	0	40728	890	0	32	255	000000000000ac43000080c11400000001000000e8030000
ecldata1.ecl	0	40760	900	0	32	255	0000000000009d43000080c11400000001000000e8030000
ecldata1.ecl	0	40792	910	0	32	255	0000000000008e43000080c11400000001000000e8030000
ecldata1.ecl	0	40824	1010	0	32	255	010000000000f042000000c29600000002000000dc050000
ecldata1.ecl	0	40856	1170	1	32	255	0300000000008443000000c2c800000002000000dc050000
ecldata1.ecl	0	40888	1370	0	32	255	000000000000c842000000c21400000000000000f4010000
ecldata1.ecl	0	40920	1380	0	32	255	000000000000dc42000000c21400000000000000f4010000
ecldata1.ecl	0	40952	1390	0	32	255	000000000000f042000000c21400000000000000f4010000
ecldata1.ecl	0	40984	1400	0	32	255	000000000000f041000000c21400000000000000f4010000
ecldata1.ecl	0	41016	1410	0	32	255	0000000000002042000000c21400000001000000f4010000
ecldata1.ecl	0	41048	1420	0	32	255	0000000000004842000000c21400000001000000f4010000
ecldata1.ecl	0	41080	1430	0	32	255	0000000000008e43000000c21400000000000000f4010000
ecldata1.ecl	0	41112	1440	0	32	255	0000000000008943000000c21400000000000000f4010000
ecldata1.ecl	0	41144	1450	0	32	255	0000000000008443000000c21400000000000000f4010000
ecldata1.ecl	0	41176	1460	0	32	255	000000000000b143000000c21400000000000000f4010000
ecldata1.ecl	0	41208	1470	0	32	255	000000000000ac43000000c21400000001000000f4010000
ecldata1.ecl	0	41240	1480	0	32	255	000000000000a743000000c21400000001000000f4010000
ecldata1.ecl	0	41272	1540	0	32	255	010000000000a042000080c12c01000001000000f4010000
ecldata1.ecl	0	41304	1540	1	32	255	0b00000000009843000080c19001000001000000f4010000
ecldata1.ecl	0	41336	1940	0	32	255	050000000000a042000080c12c01000001000000f4010000
ecldata1.ecl	0	41368	1940	1	32	255	0300000000009843000080c19001000001000000f4010000
ecldata1.ecl	0	41400	2140	0	32	255	000000000000c842000000c21400000000000000f4010000
ecldata1.ecl	0	41432	2150	0	32	255	000000000000dc42000000c21400000000000000f4010000
ecldata1.ecl	0	41464	2160	0	32	255	000000000000f042000000c21400000000000000f4010000
ecldata1.ecl	0	41496	2170	0	32	255	000000000000f041000000c21400000000000000f4010000
ecldata1.ecl	0	41528	2180	0	32	255	0000000000002042000000c21400000001000000f4010000
ecldata1.ecl	0	41560	2190	0	32	255	0000000000004842000000c21400000001000000f4010000
ecldata1.ecl	0	41592	2200	0	32	255	000000000000c842000000c21400000000000000f4010000
ecldata1.ecl	0	41624	2210	0	32	255	000000000000dc42000000c21400000000000000f4010000
ecldata1.ecl	0	41656	2220	0	32	255	000000000000f042000000c21400000000000000f4010000
ecldata1.ecl	0	41688	2230	0	32	255	000000000000f041000000c21400000000000000f4010000
ecldata1.ecl	0	41720	2240	0	32	255	0000000000002042000000c21400000001000000f4010000
ecldata1.ecl	0	41752	2250	0	32	255	0000000000004842000000c21400000001000000f4010000
ecldata1.ecl	0	41784	2370	0	32	255	0000000000008e43000000c21400000000000000f4010000
ecldata1.ecl	0	41816	2380	0	32	255	0000000000008943000000c21400000000000000f4010000
ecldata1.ecl	0	41848	2390	0	32	255	0000000000008443000000c21400000000000000f4010000
ecldata1.ecl	0	41880	2400	0	32	255	000000000000b143000000c21400000000000000f4010000
ecldata1.ecl	0	41912	2410	0	32	255	000000000000ac43000000c21400000001000000f4010000
ecldata1.ecl	0	41944	2420	0	32	255	000000000000a743000000c21400000001000000f4010000
ecldata1.ecl	0	41976	2440	0	32	255	000000000000c842000000c21400000000000000f4010000
ecldata1.ecl	0	42008	2460	0	32	255	000000000000dc42000000c21400000000000000f4010000
ecldata1.ecl	0	42040	2480	0	32	255	000000000000f042000000c21400000000000000f4010000
ecldata1.ecl	0	42072	2500	0	32	255	000000000000f041000000c21400000000000000f4010000
ecldata1.ecl	0	42104	2520	0	32	255	0000000000002042000000c21400000001000000f4010000
ecldata1.ecl	0	42136	2540	0	32	255	0000000000004842000000c21400000001000000f4010000
ecldata1.ecl	0	42168	2550	0	32	255	0d000000000080c10000c0421400000000000000f4010000
ecldata1.ecl	0	42200	2555	0	32	255	0d000000000080c1000000421400000000000000f4010000
ecldata1.ecl	0	42232	2560	0	32	255	0d000000000080c10000804214000000fefffffff4010000
ecldata1.ecl	0	42264	2565	0	32	255	0d000000000080c1000000431400000000000000f4010000
ecldata1.ecl	0	42296	2570	1	32	255	0d0000000000c843000080421400000000000000f4010000
ecldata1.ecl	0	42328	2575	0	32	255	0d000000000080c10000a04214000000fefffffff4010000
ecldata1.ecl	0	42360	2580	1	32	255	0d0000000000c843000000421400000000000000f4010000
ecldata1.ecl	0	42392	2585	0	32	255	0d000000000080c1000000431400000000000000f4010000
ecldata1.ecl	0	42424	2590	1	32	255	0d0000000000c843000080421400000000000000f4010000
ecldata1.ecl	0	42456	2595	1	32	255	0d0000000000c8430000a04214000000fefffffff4010000
ecldata1.ecl	0	42488	2600	1	32	255	0d0000000000c843000000421400000000000000f4010000
ecldata1.ecl	0	42520	2605	1	32	255	0d0000000000c8430000004314000000fefffffff4010000
ecldata1.ecl	0	42552	2610	0	32	255	0d000000000080c1000080421400000000000000f4010000
ecldata1.ecl	0	42584	2615	1	32	255	0d0000000000c8430000a04214000000fefffffff4010000
ecldata1.ecl	0	42616	2620	0	32	255	0d000000000080c1000000421400000000000000f4010000
ecldata1.ecl	0	42648	2625	1	32	255	0d0000000000c8430000a0421400000000000000f4010000
ecldata1.ecl	0	42680	2630	0	32	255	0d000000000080c1000000421400000000000000f4010000
ecldata1.ecl	0	42712	2630	0	32	243	010000000000a042000080c1c800000001000000f4010000
ecldata1.ecl	0	42744	2630	1	32	243	0300000000009843000080c1c800000001000000f4010000
ecldata1.ecl	0	42776	2630	0	32	252	050000000000a042000080c1c800000001000000f4010000
ecldata1.ecl	0	42808	2630	1	32	252	0b00000000009843000080c1c800000001000000f4010000
ecldata1.ecl	0	42840	2635	0	32	255	0d000000000080c1000000431400000000000000f4010000
ecldata1.ecl	0	42872	2640	0	32	255	0d000000000080c1000080421400000000000000f4010000
ecldata1.ecl	0	42904	2645	0	32	255	0d000000000080c10000a04214000000fefffffff4010000
ecldata1.ecl	0	42936	2650	1	32	255	0d0000000000c8430000004214000000fefffffff4010000
ecldata1.ecl	0	42968	2655	0	32	255	0d000000000080c1000000431400000000000000f4010000
ecldata1.ecl	0	43000	2660	1	32	255	0d0000000000c843000080421400000000000000f4010000
ecldata1.ecl	0	43032	2665	0	32	255	0d000000000080c10000a0421400000000000000f4010000
ecldata1.ecl	0	43064	2670	1	32	255	0d0000000000c843000000421400000000000000f4010000
ecldata1.ecl	0	43096	2675	0	32	255	0d000000000080c1000080421400000000000000f4010000
ecldata1.ecl	0	43128	2680	0	32	255	0d000000000080c10000a04214000000fefffffff4010000
ecldata1.ecl	0	43160	2685	1	32	255	0d0000000000c8430000004214000000fefffffff4010000
ecldata1.ecl	0	43192	2690	0	32	255	0d000000000080c1000080421400000000000000f4010000
ecldata1.ecl	0	43224	2695	0	32	255	0d000000000080c10000a04214000000fefffffff4010000
ecldata1.ecl	0	43256	2700	1	32	255	0d0000000000c8430000004214000000fefffffff4010000
ecldata1.ecl	0	43288	2705	0	32	255	0d000000000080c1000080421400000000000000f4010000
ecldata1.ecl	0	43320	2710	0	32	255	0d000000000080c10000a04214000000fefffffff4010000
ecldata1.ecl	0	43352	2715	1	32	255	0d0000000000c8430000004214000000fefffffff4010000
ecldata1.ecl	0	43384	2720	0	32	255	0d000000000080c10000344314000000fefffffff4010000
ecldata1.ecl	0	43416	2725	1	32	255	0d0000000000c8430000044314000000fefffffff4010000
ecldata1.ecl	0	43448	2730	0	32	255	0d000000000080c1000024431400000000000000f4010000
ecldata1.ecl	0	43480	2735	0	32	255	0d000000000080c10000a04214000000fefffffff4010000
ecldata1.ecl	0	43512	2740	1	32	255	0d0000000000c8430000044314000000fefffffff4010000
ecldata1.ecl	0	43544	2745	0	32	255	0d000000000080c1000080421400000000000000f4010000
ecldata1.ecl	0	43576	2750	0	32	255	0d000000000080c10000344314000000fefffffff4010000
ecldata1.ecl	0	43608	2755	1	32	255	0d0000000000c8430000004214000000fefffffff4010000
ecldata1.ecl	0	43640	2760	0	32	255	0d000000000080c10000344314000000fefffffff4010000
ecldata1.ecl	0	43672	2765	1	32	255	0d0000000000c8430000044314000000fefffffff4010000
ecldata1.ecl	0	43704	2770	0	32	255	0d000000000080c1000080421400000000000000f4010000
ecldata1.ecl	0	43736	2775	0	32	255	0d000000000080c10000164314000000fefffffff4010000
ecldata1.ecl	0	43768	2780	1	32	255	0d0000000000c8430000e04214000000fefffffff4010000
ecldata1.ecl	0	43800	2785	0	32	255	0d000000000080c10000c0421400000000000000f4010000
ecldata1.ecl	0	43832	2790	0	32	255	0d000000000080c10000204314000000fefffffff4010000
ecldata1.ecl	0	43864	2795	1	32	255	0d0000000000c8430000004314000000fefffffff4010000
ecldata1.ecl	0	43896	2935	0	32	255	0f00000000004043000080c160ea0000feffffffa0860100
ecldata1.ecl	0	43928	2935	10	12	255	00000000
ecldata1.ecl	0	43940	2935	14	12	255	01000000
ecldata1.ecl	0	43952	2935	0	32	255	050000000000a042000080c12c01000001000000f4010000
ecldata1.ecl	0	43984	3035	1	32	255	0300000000009843000080c19001000001000000f4010000
ecldata1.ecl	0	44016	3335	0	32	255	030000000000a042000080c12c01000001000000f4010000
ecldata1.ecl	0	44048	3435	1	32	255	0500000000009843000080c19001000001000000f4010000
ecldata1.ecl	0	44080	3735	0	32	255	050000000000a042000080c12c01000001000000f4010000
ecldata1.ecl	0	44112	3735	1	32	255	0b00000000009843000080c19001000001000000f4010000
ecldata1.ecl	0	44144	4175	6	12	255	00000000
ecldata1.ecl	0	44156	4175	7	8	255	
ecldata1.ecl	0	44164	4175	0	32	255	1900000000004043000080c160ea0000feffffffa0860100
ecldata1.ecl	0	44196	4176	7	8	255	
ecldata1.ecl	0	44204	4176	8	16	255	0000000001000000
ecldata1.ecl	0	44220	4176	7	8	255	
ecldata1.ecl	0	44228	4176	10	12	255	00000000
ecldata1.ecl	0	44240	4176	0	32	254	25000000000040430000004360ea0000feffffffa0860100
ecldata1.ecl	0	44272	4177	10	12	254	00000000
ecldata1.ecl	0	44284	4177	6	12	255	01000000
ecldata1.ecl	1	44312	20	13	12	255	01000000
ecldata1.ecl	1	44324	120	0	32	255	000000000000a243000080c11400000000000000e8030000
ecldata1.ecl	1	44356	130	0	32	255	0000000000009343000080c11400000000000000e8030000
ecldata1.ecl	1	44388	140	0	32	255	000000000000ac43000080c11400000000000000e8030000
ecldata1.ecl	1	44420	150	0	32	255	0000000000009d43000080c11400000000000000e8030000
ecldata1.ecl	1	44452	160	0	32	255	0000000000008e43000080c11400000000000000e8030000
ecldata1.ecl	1	44484	170	0	32	255	000000000000b143000080c11400000000000000e8030000
ecldata1.ecl	1	44516	180	0	32	255	000000000000a243000080c11400000000000000e8030000
ecldata1.ecl	1	44548	190	0	32	255	0000000000009343000080c11400000001000000e8030000
ecldata1.ecl	1	44580	200	0	32	255	000000000000ac43000080c11400000001000000e8030000
ecldata1.ecl	1	44612	210	0	32	255	0000000000009d43000080c11400000001000000e8030000
ecldata1.ecl	1	44644	220	0	32	255	0000000000008e43000080c11400000001000000e8030000
ecldata1.ecl	1	44676	320	0	32	255	000000000000f041000080c11400000000000000e8030000
ecldata1.ecl	1	44708	330	0	32	255	0000000000007042000080c11400000000000000e8030000
ecldata1.ecl	1	44740	340	0	32	255	000000000000b442000080c11400000000000000e8030000
ecldata1.ecl	1	44772	350	0	32	255	0000000000002042000080c11400000000000000e8030000
ecldata1.ecl	1	44804	360	0	32	255	0000000000008c42000080c11400000000000000e8030000
ecldata1.ecl	1	44836	370	0	32	255	000000000000c842000080c11400000000000000e8030000
ecldata1.ecl	1	44868	380	0	32	255	000000000000f041000080c11400000000000000e8030000
ecldata1.ecl	1	44900	390	0	32	255	0000000000007042000080c11400000000000000e8030000
ecldata1.ecl	1	44932	400	0	32	255	000000000000b442000080c11400000001000000e8030000
ecldata1.ecl	1	44964	410	0	32	255	0000000000002042000080c11400000001000000e8030000
ecldata1.ecl	1	44996	420	0	32	255	0000000000008c42000080c11400000001000000e8030000
ecldata1.ecl	1	45028	430	0	32	255	000000000000c842000080c11400000001000000e8030000
ecldata1.ecl	1	45060	530	0	32	255	000000000000b143000080c11400000000000000e8030000
ecldata1.ecl	1	45092	540	0	32	255	0000000000007042000080c11400000000000000e8030000
ecldata1.ecl	1	45124	550	0	32	255	0000000000009343000080c11400000000000000e8030000
ecldata1.ecl	1	45156	560	0	32	255	0000000000002042000080c11400000000000000e8030000
ecldata1.ecl	1	45188	570	0	32	255	0000000000009d43000080c114000000feffffffe8030000
ecldata1.ecl	1	45220	580	0	32	255	000000000000c842000080c114000000feffffffe8030000
ecldata1.ecl	1	45252	590	0	32	255	000000000000b143000080c114000000feffffffe8030000
ecldata1.ecl	1	45284	600	0	32	255	0000000000007042000080c114000000feffffffe8030000
ecldata1.ecl	1	45316	610	0	32	255	0000000000009343000080c114000000feffffffe8030000
ecldata1.ecl	1	45348	620	0	32	255	0000000000002042000080c114000000feffffffe8030000
ecldata1.ecl	1	45380	630	0	32	255	0000000000009d43000080c11400000001000000e8030000
ecldata1.ecl	1	45412	640	0	32	255	0000000000008e43000080c11400000001000000e8030000
ecldata1.ecl	1	45444	740	0	32	255	000000000000b143000080c11400000000000000e8030000
ecldata1.ecl	1	45476	750	0	32	255	0000000000007042000080c11400000000000000e8030000
ecldata1.ecl	1	45508	760	0	32	255	0000000000009343000080c11400000000000000e8030000
ecldata1.ecl	1	45540	770	0	32	255	0000000000002042000080c11400000000000000e8030000
ecldata1.ecl	1	45572	780	0	32	255	0000000000009d43000080c114000000feffffffe8030000
ecldata1.ecl	1	45604	790	0	32	255	000000000000c842000080c114000000feffffffe8030000
ecldata1.ecl	1	45636	800	0	32	255	000000000000b143000080c114000000feffffffe8030000
ecldata1.ecl	1	45668	810	0	32	255	0000000000007042000080c114000000feffffffe8030000
ecldata1.ecl	1	45700	820	0	32	255	0000000000009343000080c114000000feffffffe8030000
ecldata1.ecl	1	45732	830	0	32	255	0000000000002042000080c114000000feffffffe8030000
ecldata1.ecl	1	45764	840	0	32	255	0000000000009d43000080c11400000001000000e8030000
ecldata1.ecl	1	45796	850	0	32	255	0000000000008e43000080c11400000001000000e8030000
ecldata1sp.ecl	0	39684	1	0	32	255	000000000000f041000080c114000000feffffffe8030000
ecldata1sp.ecl	0	39716	30	0	32	255	2a0000000000f041000080c114000000feffffffe8030000
ecldata1sp.ecl	0	39748	30	10	12	255	00000000
ecldata1sp.ecl	0	39760	60	16	8	255	
ecldata2.ecl	0	41332	1	0	32	255	100000000000f041000080c114000000feffffffe8030000
ecldata2.ecl	0	41364	460	1	32	255	010000000000c843000020430a00000000000000e8030000
ecldata2.ecl	0	41396	470	1	32	255	010000000000c843000020430a00000000000000e8030000
ecldata2.ecl	0	41428	480	1	32	255	010000000000c843000020430a00000000000000e8030000
ecldata2.ecl	0	41460	490	1	32	255	010000000000c843000020430a00000000000000e8030000
ecldata2.ecl	0	41492	500	1	32	255	010000000000c843000020430a00000000000000e8030000
ecldata2.ecl	0	41524	510	1	32	255	010000000000c843000020430a00000000000000e8030000
ecldata2.ecl	0	41556	520	1	32	255	010000000000c843000020430a00000000000000e8030000
ecldata2.ecl	0	41588	530	1	32	255	010000000000c843000020430a00000001000000e8030000
ecldata2.ecl	0	41620	540	1	32	255	010000000000c843000020430a00000001000000e8030000
ecldata2.ecl	0	41652	540	14	12	255	00000000
ecldata2.ecl	0	41664	550	13	12	255	00000000
ecldata2.ecl	0	41676	550	1	32	255	010000000000f043000020430a00000000000000e8030000
ecldata2.ecl	0	41708	560	1	32	255	010000000000f043000020430a00000000000000e8030000
ecldata2.ecl	0	41740	570	1	32	255	010000000000f043000020430a00000000000000e8030000
ecldata2.ecl	0	41772	580	1	32	255	010000000000f043000020430a00000000000000e8030000
ecldata2.ecl	0	41804	590	1	32	255	010000000000f043000020430a00000000000000e8030000
ecldata2.ecl	0	41836	600	1	32	255	010000000000f043000020430a00000000000000e8030000
ecldata2.ecl	0	41868	610	1	32	255	010000000000f043000020430a00000001000000e8030000
ecldata2.ecl	0	41900	620	1	32	255	010000000000f043000020430a00000001000000e8030000
ecldata2.ecl	0	41932	630	1	32	255	010000000000f043000020430a00000001000000e8030000
ecldata2.ecl	0	41964	630	14	12	255	00000000
ecldata2.ecl	0	41976	640	13	12	255	00000000
ecldata2.ecl	0	41988	640	1	32	255	0300000000009043000080c10a00000000000000e8030000
ecldata2.ecl	0	42020	650	1	32	255	0300000000009043000080c10a00000000000000e8030000
ecldata2.ecl	0	42052	660	1	32	255	0300000000009043000080c10a00000000000000e8030000
ecldata2.ecl	0	42084	670	1	32	255	0300000000009043000080c10a00000000000000e8030000
ecldata2.ecl	0	42116	680	1	32	255	0300000000009043000080c10a00000000000000e8030000
ecldata2.ecl	0	42148	690	1	32	255	0300000000009043000080c10a00000000000000e8030000
ecldata2.ecl	0	42180	700	1	32	255	0300000000009043000080c10a00000001000000e8030000
ecldata2.ecl	0	42212	710	1	32	255	0300000000009043000080c10a00000001000000e8030000
ecldata2.ecl	0	42244	720	1	32	255	0300000000009043000080c10a00000001000000e8030000
ecldata2.ecl	0	42276	720	14	12	255	00000000
ecldata2.ecl	0	42288	730	13	12	255	00000000
ecldata2.ecl	0	42300	730	1	32	255	020000000000f043000020430a00000000000000e8030000
ecldata2.ecl	0	42332	740	1	32	255	020000000000f043000020430a00000000000000e8030000
ecldata2.ecl	0	42364	750	1	32	255	020000000000f043000020430a00000000000000e8030000
ecldata2.ecl	0	42396	760	1	32	255	020000000000f043000020430a00000000000000e8030000
ecldata2.ecl	0	42428	770	1	32	255	020000000000f043000020430a00000000000000e8030000
ecldata2.ecl	0	42460	780	1	32	255	020000000000f043000020430a00000000000000e8030000
ecldata2.ecl	0	42492	790	1	32	255	020000000000f043000020430a00000001000000e8030000
ecldata2.ecl	0	42524	800	1	32	255	020000000000f043000020430a00000001000000e8030000
ecldata2.ecl	0	42556	810	1	32	255	020000000000f043000020430a00000001000000e8030000
ecldata2.ecl	0	42588	810	14	12	255	00000000
ecldata2.ecl	0	42600	820	13	12	255	00000000
ecldata2.ecl	0	42612	820	1	32	255	010000000000c843000020430a00000000000000e8030000
ecldata2.ecl	0	42644	830	1	32	255	010000000000c843000020430a00000000000000e8030000
ecldata2.ecl	0	42676	840	1	32	255	010000000000c843000020430a00000000000000e8030000
ecldata2.ecl	0	42708	850	1	32	255	010000000000c843000020430a00000000000000e8030000
ecldata2.ecl	0	42740	860	1	32	255	010000000000c843000020430a00000000000000e8030000
ecldata2.ecl	0	42772	870	1	32	255	010000000000c843000020430a00000000000000e8030000
ecldata2.ecl	0	42804	880	1	32	255	010000000000c843000020430a00000000000000e8030000
ecldata2.ecl	0	42836	890	1	32	255	010000000000c843000020430a00000001000000e8030000
ecldata2.ecl	0	42868	900	1	32	255	010000000000c843000020430a00000001000000e8030000
ecldata2.ecl	0	42900	900	14	12	255	00000000
ecldata2.ecl	0	42912	910	13	12	255	00000000
ecldata2.ecl	0	42924	910	1	32	255	0300000000009043000080c10a00000000000000e8030000
ecldata2.ecl	0	42956	920	1	32	255	0300000000009043000080c10a00000000000000e8030000
ecldata2.ecl	0	42988	930	1	32	255	0300000000009043000080c10a00000000000000e8030000
ecldata2.ecl	0	43020	940	1	32	255	0300000000009043000080c10a00000000000000e8030000
ecldata2.ecl	0	43052	950	1	32	255	0300000000009043000080c10a00000000000000e8030000
ecldata2.ecl	0	43084	960	1	32	255	0300000000009043000080c10a00000000000000e8030000
ecldata2.ecl	0	43116	970	1	32	255	0300000000009043000080c10a00000001000000e8030000
ecldata2.ecl	0	43148	980	1	32	255	0300000000009043000080c10a00000001000000e8030000
ecldata2.ecl	0	43180	990	1	32	255	0300000000009043000080c10a00000001000000e8030000
ecldata2.ecl	0	43212	990	14	12	255	00000000
ecldata2.ecl	0	43224	1050	0	32	255	0700000000004043000080c1e803000003000000e8030000
ecldata2.ecl	0	43256	1150	1	32	255	010000000000c843000020430a000000feffffffe8030000
ecldata2.ecl	0	43288	1160	1	32	255	010000000000c843000020430a000000feffffffe8030000
ecldata2.ecl	0	43320	1170	1	32	255	010000000000c843000020430a000000feffffffe8030000
ecldata2.ecl	0	43352	1180	1	32	255	010000000000c843000020430a000000feffffffe8030000
ecldata2.ecl	0	43384	1190	1	32	255	010000000000c843000020430a000000feffffffe8030000
ecldata2.ecl	0	43416	1200	1	32	255	010000000000c843000020430a000000feffffffe8030000
ecldata2.ecl	0	43448	1210	1	32	255	010000000000c843000020430a000000feffffffe8030000
ecldata2.ecl	0	43480	1220	1	32	255	010000000000c843000020430a00000000000000e8030000
ecldata2.ecl	0	43512	1230	1	32	255	010000000000c843000020430a00000000000000e8030000
ecldata2.ecl	0	43544	1290	0	32	255	01000000000080c1000020430a000000feffffffe8030000
ecldata2.ecl	0	43576	1300	0	32	255	01000000000080c1000020430a000000feffffffe8030000
ecldata2.ecl	0	43608	1310	0	32	255	01000000000080c1000020430a000000feffffffe8030000
ecldata2.ecl	0	43640	1320	0	32	255	01000000000080c1000020430a000000feffffffe8030000
ecldata2.ecl	0	43672	1330	0	32	255	01000000000080c1000020430a000000feffffffe8030000
ecldata2.ecl	0	43704	1340	0	32	255	01000000000080c1000020430a000000feffffffe8030000
ecldata2.ecl	0	43736	1350	0	32	255	01000000000080c1000020430a000000feffffffe8030000
ecldata2.ecl	0	43768	1360	0	32	255	01000000000080c1000020430a00000000000000e8030000
ecldata2.ecl	0	43800	1370	0	32	255	01000000000080c1000020430a00000000000000e8030000
ecldata2.ecl	0	43832	1370	0	32	255	0b00000000008043000080c1e803000000000000e8030000
ecldata2.ecl	0	43864	1430	1	32	255	010000000000c843000020430a000000feffffffe8030000
ecldata2.ecl	0	43896	1440	1	32	255	010000000000c843000020430a000000feffffffe8030000
ecldata2.ecl	0	43928	1450	1	32	255	010000000000c843000020430a000000feffffffe8030000
ecldata2.ecl	0	43960	1460	1	32	255	010000000000c843000020430a000000feffffffe8030000
ecldata2.ecl	0	43992	1470	1	32	255	010000000000c843000020430a000000feffffffe8030000
ecldata2.ecl	0	44024	1480	1	32	255	010000000000c843000020430a000000feffffffe8030000
ecldata2.ecl	0	44056	1490	1	32	255	010000000000c843000020430a000000feffffffe8030000
ecldata2.ecl	0	44088	1500	1	32	255	010000000000c843000020430a00000000000000e8030000
ecldata2.ecl	0	44120	1510	1	32	255	010000000000c843000020430a00000000000000e8030000
ecldata2.ecl	0	44152	1510	0	32	255	0b0000000000a043000080c19001000001000000e8030000
ecldata2.ecl	0	44184	1570	0	32	255	01000000000080c1000020430a000000feffffffe8030000
ecldata2.ecl	0	44216	1580	0	32	255	01000000000080c1000020430a000000feffffffe8030000
ecldata2.ecl	0	44248	1590	0	32	255	01000000000080c1000020430a000000feffffffe8030000
ecldata2.ecl	0	44280	1600	0	32	255	01000000000080c1000020430a000000feffffffe8030000
ecldata2.ecl	0	44312	1610	0	32	255	01000000000080c1000020430a000000feffffffe8030000
ecldata2.ecl	0	44344	1620	0	32	255	01000000000080c1000020430a000000feffffffe8030000
ecldata2.ecl	0	44376	1630	0	32	255	01000000000080c1000020430a000000feffffffe8030000
ecldata2.ecl	0	44408	1640	0	32	255	01000000000080c1000020430a00000000000000e8030000
ecldata2.ecl	0	44440	1650	0	32	255	01000000000080c1000020430a00000000000000e8030000
ecldata2.ecl	0	44472	1650	0	32	255	0b00000000008042000080c1f401000001000000e8030000
ecldata2.ecl	0	44504	1710	1	32	255	010000000000c843000020430a000000feffffffe8030000
ecldata2.ecl	0	44536	1720	1	32	255	010000000000c843000020430a000000feffffffe8030000
ecldata2.ecl	0	44568	1730	1	32	255	010000000000c843000020430a000000feffffffe8030000
ecldata2.ecl	0	44600	1740	1	32	255	010000000000c843000020430a000000feffffffe8030000
ecldata2.ecl	0	44632	1750	1	32	255	010000000000c843000020430a000000feffffffe8030000
ecldata2.ecl	0	44664	1760	1	32	255	010000000000c843000020430a000000feffffffe8030000
ecldata2.ecl	0	44696	1770	1	32	255	010000000000c843000020430a000000feffffffe8030000
ecldata2.ecl	0	44728	1780	1	32	255	010000000000c843000020430a00000000000000e8030000
ecldata2.ecl	0	44760	1790	1	32	255	010000000000c843000020430a00000000000000e8030000
ecldata2.ecl	0	44792	1790	0	32	255	0b0000000000a043000080c19001000001000000e8030000
ecldata2.ecl	0	44824	1850	0	32	255	01000000000080c1000020430a000000feffffffe8030000
ecldata2.ecl	0	44856	1860	0	32	255	01000000000080c1000020430a000000feffffffe8030000
ecldata2.ecl	0	44888	1870	0	32	255	01000000000080c1000020430a000000feffffffe8030000
ecldata2.ecl	0	44920	1880	0	32	255	01000000000080c1000020430a000000feffffffe8030000
ecldata2.ecl	0	44952	1890	0	32	255	01000000000080c1000020430a000000feffffffe8030000
ecldata2.ecl	0	44984	1900	0	32	255	01000000000080c1000020430a000000feffffffe8030000
ecldata2.ecl	0	45016	1910	0	32	255	01000000000080c1000020430a000000feffffffe8030000
ecldata2.ecl	0	45048	1920	0	32	255	01000000000080c1000020430a00000000000000e8030000
ecldata2.ecl	0	45080	1930	0	32	255	01000000000080c1000020430a00000000000000e8030000
ecldata2.ecl	0	45112	1930	0	32	255	0b00000000008042000080c1f401000001000000e8030000
ecldata2.ecl	0	45144	1990	1	32	255	010000000000c843000020430a000000feffffffe8030000
ecldata2.ecl	0	45176	2000	1	32	255	010000000000c843000020430a000000feffffffe8030000
ecldata2.ecl	0	45208	2010	1	32	255	010000000000c843000020430a000000feffffffe8030000
ecldata2.ecl	0	45240	2020	1	32	255	010000000000c843000020430a000000feffffffe8030000
ecldata2.ecl	0	45272	2030	1	32	255	010000000000c843000020430a000000feffffffe8030000
ecldata2.ecl	0	45304	2040	1	32	255	010000000000c843000020430a000000feffffffe8030000
ecldata2.ecl	0	45336	2050	1	32	255	010000000000c843000020430a000000feffffffe8030000
ecldata2.ecl	0	45368	2060	1	32	255	010000000000c843000020430a00000000000000e8030000
ecldata2.ecl	0	45400	2070	1	32	255	010000000000c843000020430a00000000000000e8030000
ecldata2.ecl	0	45432	2070	0	32	255	0b0000000000a043000080c19001000001000000e8030000
ecldata2.ecl	0	45464	2130	0	32	255	01000000000080c1000020430a000000feffffffe8030000
ecldata2.ecl	0	45496	2140	0	32	255	01000000000080c1000020430a000000feffffffe8030000
ecldata2.ecl	0	45528	2150	0	32	255	01000000000080c1000020430a000000feffffffe8030000
ecldata2.ecl	0	45560	2160	0	32	255	01000000000080c1000020430a000000feffffffe8030000
ecldata2.ecl	0	45592	2170	0	32	255	01000000000080c1000020430a000000feffffffe8030000
ecldata2.ecl	0	45624	2180	0	32	255	01000000000080c1000020430a000000feffffffe8030000
ecldata2.ecl	0	45656	2190	0	32	255	01000000000080c1000020430a000000feffffffe8030000
ecldata2.ecl	0	45688	2200	0	32	255	01000000000080c1000020430a00000000000000e8030000
ecldata2.ecl	0	45720	2210	0	32	255	01000000000080c1000020430a00000000000000e8030000
ecldata2.ecl	0	45752	2210	0	32	255	0b00000000000043000080c19001000001000000e8030000
ecldata2.ecl	0	45784	2210	0	32	255	0b00000000008043000080c19001000001000000e8030000
ecldata2.ecl	0	45816	2270	1	32	255	010000000000c843000020430a000000feffffffe8030000
ecldata2.ecl	0	45848	2280	1	32	255	010000000000c843000020430a000000feffffffe8030000
ecldata2.ecl	0	45880	2290	1	32	255	010000000000c843000020430a000000feffffffe8030000
ecldata2.ecl	0	45912	2300	1	32	255	010000000000c843000020430a000000feffffffe8030000
ecldata2.ecl	0	45944	2310	1	32	255	010000000000c843000020430a000000feffffffe8030000
ecldata2.ecl	0	45976	2320	1	32	255	010000000000c843000020430a000000feffffffe8030000
ecldata2.ecl	0	46008	2330	1	32	255	010000000000c843000020430a000000feffffffe8030000
ecldata2.ecl	0	46040	2340	1	32	255	010000000000c843000020430a00000000000000e8030000
ecldata2.ecl	0	46072	2350	1	32	255	010000000000c843000020430a00000000000000e8030000
ecldata2.ecl	0	46104	2410	0	32	255	01000000000080c1000020430a000000feffffffe8030000
ecldata2.ecl	0	46136	2420	0	32	255	01000000000080c1000020430a000000feffffffe8030000
ecldata2.ecl	0	46168	2430	0	32	255	01000000000080c1000020430a000000feffffffe8030000
ecldata2.ecl	0	46200	2440	0	32	255	01000000000080c1000020430a000000feffffffe8030000
ecldata2.ecl	0	46232	2450	0	32	255	01000000000080c1000020430a000000feffffffe8030000
ecldata2.ecl	0	46264	2460	0	32	255	01000000000080c1000020430a000000feffffffe8030000
ecldata2.ecl	0	46296	2470	0	32	255	01000000000080c1000020430a000000feffffffe8030000
ecldata2.ecl	0	46328	2480	0	32	255	01000000000080c1000020430a00000000000000e8030000
ecldata2.ecl	0	46360	2490	0	32	255	01000000000080c1000020430a00000000000000e8030000
ecldata2.ecl	0	46392	2490	0	32	255	0d00000000000043000080c1f401000001000000e8030000
ecldata2.ecl	0	46424	2490	0	32	255	0400000000008042000080c17800000001000000e8030000
ecldata2.ecl	0	46456	2490	0	32	255	040000000000a043000080c17800000001000000e8030000
ecldata2.ecl	0	46488	2490	0	32	255	040000000000c042000080c17800000001000000e8030000
ecldata2.ecl	0	46520	2490	0	32	255	0400000000009043000080c17800000001000000e8030000
ecldata2.ecl	0	46552	2690	0	32	255	0e00000000008043000080c1f401000001000000e8030000
ecldata2.ecl	0	46584	2890	0	32	255	0e00000000004043000080c1f401000001000000e8030000
ecldata2.ecl	0	46616	2950	1	32	255	010000000000c843000020430a000000feffffffe8030000
ecldata2.ecl	0	46648	2960	1	32	255	010000000000c843000020430a000000feffffffe8030000
ecldata2.ecl	0	46680	2970	1	32	255	010000000000c843000020430a000000feffffffe8030000
ecldata2.ecl	0	46712	2980	1	32	255	010000000000c843000020430a000000feffffffe8030000
ecldata2.ecl	0	46744	2990	1	32	255	010000000000c843000020430a000000feffffffe8030000
ecldata2.ecl	0	46776	3000	1	32	255	010000000000c843000020430a000000feffffffe8030000
ecldata2.ecl	0	46808	3010	1	32	255	010000000000c843000020430a000000feffffffe8030000
ecldata2.ecl	0	46840	3020	1	32	255	010000000000c843000020430a00000000000000e8030000
ecldata2.ecl	0	46872	3030	1	32	255	010000000000c843000020430a00000000000000e8030000
ecldata2.ecl	0	46904	3030	0	32	255	0400000000008042000080c17800000001000000e8030000
ecldata2.ecl	0	46936	3030	0	32	255	040000000000a043000080c17800000001000000e8030000
ecldata2.ecl	0	46968	3030	0	32	255	040000000000c042000080c17800000001000000e8030000
ecldata2.ecl	0	47000	3030	0	32	255	0400000000009043000080c17800000001000000e8030000
ecldata2.ecl	0	47032	3090	0	32	255	01000000000080c1000020430a000000feffffffe8030000
ecldata2.ecl	0	47064	3100	0	32	255	01000000000080c1000020430a000000feffffffe8030000
ecldata2.ecl	0	47096	3110	0	32	255	01000000000080c1000020430a000000feffffffe8030000
ecldata2.ecl	0	47128	3120	0	32	255	01000000000080c1000020430a000000feffffffe8030000
ecldata2.ecl	0	47160	3130	0	32	255	01000000000080c1000020430a000000feffffffe8030000
ecldata2.ecl	0	47192	3140	0	32	255	01000000000080c1000020430a000000feffffffe8030000
ecldata2.ecl	0	47224	3150	0	32	255	01000000000080c1000020430a000000feffffffe8030000
ecldata2.ecl	0	47256	3160	0	32	255	01000000000080c1000020430a00000000000000e8030000
ecldata2.ecl	0	47288	3170	0	32	255	01000000000080c1000020430a00000000000000e8030000
ecldata2.ecl	0	47320	3170	0	32	255	0400000000008042000080c17800000001000000e8030000
ecldata2.ecl	0	47352	3170	0	32	255	040000000000a043000080c17800000001000000e8030000
ecldata2.ecl	0	47384	3170	0	32	255	040000000000c042000080c17800000001000000e8030000
ecldata2.ecl	0	47416	3170	0	32	255	0400000000009043000080c17800000001000000e8030000
ecldata2.ecl	0	47448	3230	1	32	255	010000000000c843000020430a000000feffffffe8030000
ecldata2.ecl	0	47480	3240	1	32	255	010000000000c843000020430a000000feffffffe8030000
ecldata2.ecl	0	47512	3250	1	32	255	010000000000c843000020430a000000feffffffe8030000
ecldata2.ecl	0	47544	3260	1	32	255	010000000000c843000020430a000000feffffffe8030000
ecldata2.ecl	0	47576	3270	1	32	255	010000000000c843000020430a000000feffffffe8030000
ecldata2.ecl	0	47608	3280	1	32	255	010000000000c843000020430a000000feffffffe8030000
ecldata2.ecl	0	47640	3290	1	32	255	010000000000c843000020430a000000feffffffe8030000
ecldata2.ecl	0	47672	3300	1	32	255	010000000000c843000020430a00000000000000e8030000
ecldata2.ecl	0	47704	3310	1	32	255	010000000000c843000020430a00000000000000e8030000
ecldata2.ecl	0	47736	3410	0	32	255	0700000000004043000080c1e803000002000000e8030000
ecldata2.ecl	0	47768	3510	2	36	255	040000000000004200000043000080c16400000000000000e8030000
ecldata2.ecl	0	47804	3530	2	36	255	04000000000080430000b043000080c16400000000000000e8030000
ecldata2.ecl	0	47840	3550	2	36	255	04000000000000420000b043000080c16400000001000000e8030000
ecldata2.ecl	0	47876	3610	2	36	255	040000000000004200000043000000c26400000001000000e8030000
ecldata2.ecl	0	47912	3630	2	36	255	06000000000080430000b043000080c16400000000000000e8030000
ecldata2.ecl	0	47948	3650	2	36	255	06000000000000420000b043000040c26400000000000000e8030000
ecldata2.ecl	0	47984	3710	2	36	255	060000000000004200000043000080c16400000001000000e8030000
ecldata2.ecl	0	48020	3730	2	36	255	06000000000080430000b043000000c26400000001000000e8030000
ecldata2.ecl	0	48056	3750	2	36	255	04000000000000420000b043000080c16400000000000000e8030000
ecldata2.ecl	0	48092	3810	2	36	255	040000000000004200000043000000c26400000000000000e8030000
ecldata2.ecl	0	48128	3830	2	36	255	04000000000080430000b043000080c16400000001000000e8030000
ecldata2.ecl	0	48164	3850	2	36	255	04000000000000420000b043000080c16400000001000000e8030000
ecldata2.ecl	0	48200	3910	2	36	255	040000000000004200000043000080c16400000000000000e8030000
ecldata2.ecl	0	48236	3930	2	36	255	06000000000080430000b043000000c26400000000000000e8030000
ecldata2.ecl	0	48272	3950	2	36	255	06000000000000420000b043000080c16400000001000000e8030000
ecldata2.ecl	0	48308	4010	2	36	255	060000000000004200000043000000c26400000001000000e8030000
ecldata2.ecl	0	48344	4030	2	36	255	06000000000080430000b043000000c26400000000000000e8030000
ecldata2.ecl	0	48380	4050	2	36	255	06000000000000420000b043000080c16400000000000000e8030000
ecldata2.ecl	0	48416	4170	0	32	255	0400000000008042000080c16400000000000000e8030000
ecldata2.ecl	0	48448	4180	0	32	255	040000000000a042000080c16400000001000000e8030000
ecldata2.ecl	0	48480	4190	0	32	255	040000000000c042000080c16400000000000000e8030000
ecldata2.ecl	0	48512	4200	0	32	255	040000000000e042000080c16400000001000000e8030000
ecldata2.ecl	0	48544	4210	0	32	255	0400000000000043000080c16400000000000000e8030000
ecldata2.ecl	0	48576	4330	0	32	255	060000000000a043000080c16400000001000000e8030000
ecldata2.ecl	0	48608	4340	0	32	255	0600000000009843000080c16400000000000000e8030000
ecldata2.ecl	0	48640	4350	0	32	255	0600000000009043000080c16400000001000000e8030000
ecldata2.ecl	0	48672	4360	0	32	255	0600000000008843000080c16400000000000000e8030000
ecldata2.ecl	0	48704	4370	0	32	255	0600000000008043000080c16400000001000000e8030000
ecldata2.ecl	0	48736	4470	0	32	255	0400000000008042000080c16400000000000000e8030000
ecldata2.ecl	0	48768	4480	0	32	255	040000000000a042000080c16400000001000000e8030000
ecldata2.ecl	0	48800	4490	0	32	255	040000000000c042000080c16400000000000000e8030000
ecldata2.ecl	0	48832	4500	0	32	255	040000000000e042000080c16400000001000000e8030000
ecldata2.ecl	0	48864	4510	0	32	255	0400000000000043000080c16400000000000000e8030000
ecldata2.ecl	0	48896	4590	0	32	255	060000000000a043000080c16400000001000000e8030000
ecldata2.ecl	0	48928	4600	0	32	255	0600000000009843000080c16400000000000000e8030000
ecldata2.ecl	0	48960	4610	0	32	255	0600000000009043000080c16400000001000000e8030000
ecldata2.ecl	0	48992	4620	0	32	255	0600000000008843000080c16400000000000000e8030000
ecldata2.ecl	0	49024	4630	0	32	255	0400000000008043000080c16400000001000000e8030000
ecldata2.ecl	0	49056	4640	0	32	255	0400000000009843000080c16400000000000000e8030000
ecldata2.ecl	0	49088	4650	0	32	255	0400000000009043000080c16400000001000000e8030000
ecldata2.ecl	0	49120	4660	0	32	255	0400000000008843000080c16400000002000000e8030000
ecldata2.ecl	0	49152	4670	0	32	255	0400000000008043000080c16400000002000000e8030000
ecldata2.ecl	0	49184	4870	0	32	255	1100000000004043000080c160ea0000feffffffa0860100
ecldata2.ecl	0	49216	4870	10	12	255	00000000
ecldata2.ecl	0	49228	4870	6	12	255	00000000
ecldata2.ecl	0	49240	4871	7	8	255	
ecldata2.ecl	0	49248	4871	8	16	255	0000000001000000
ecldata2.ecl	0	49264	4871	10	12	255	00000000
ecldata2.ecl	0	49276	4871	0	32	254	20000000000040430000004360ea0000feffffffa0860100
ecldata2.ecl	0	49308	4872	10	12	254	00000000
ecldata2.ecl	0	49320	4872	6	12	255	01000000
ecldata2.ecl	0	49332	4872	7	8	255	
ecldata2.ecl	1	49356	20	13	12	255	00000000
ecldata2.ecl	1	49368	20	0	32	255	01000000000080c1000020430a00000000000000e8030000
ecldata2.ecl	1	49400	30	0	32	255	01000000000080c1000020430a00000000000000e8030000
ecldata2.ecl	1	49432	40	0	32	255	01000000000080c1000020430a00000000000000e8030000
ecldata2.ecl	1	49464	50	0	32	255	01000000000080c1000020430a00000000000000e8030000
ecldata2.ecl	1	49496	60	0	32	255	01000000000080c1000020430a00000000000000e8030000
ecldata2.ecl	1	49528	70	0	32	255	01000000000080c1000020430a00000000000000e8030000
ecldata2.ecl	1	49560	80	0	32	255	01000000000080c1000020430a00000000000000e8030000
ecldata2.ecl	1	49592	90	0	32	255	01000000000080c1000020430a00000001000000e8030000
ecldata2.ecl	1	49624	100	0	32	255	01000000000080c1000020430a00000001000000e8030000
ecldata2.ecl	1	49656	100	14	12	255	00000000
ecldata2.ecl	1	49668	110	13	12	255	00000000
ecldata2.ecl	1	49680	110	0	32	255	010000000000c0c2000020430a00000000000000e8030000
ecldata2.ecl	1	49712	120	0	32	255	010000000000c0c2000020430a00000000000000e8030000
ecldata2.ecl	1	49744	130	0	32	255	010000000000c0c2000020430a00000000000000e8030000
ecldata2.ecl	1	49776	140	0	32	255	010000000000c0c2000020430a00000000000000e8030000
ecldata2.ecl	1	49808	150	0	32	255	010000000000c0c2000020430a00000000000000e8030000
ecldata2.ecl	1	49840	160	0	32	255	010000000000c0c2000020430a00000000000000e8030000
ecldata2.ecl	1	49872	170	0	32	255	010000000000c0c2000020430a00000001000000e8030000
ecldata2.ecl	1	49904	180	0	32	255	010000000000c0c2000020430a00000001000000e8030000
ecldata2.ecl	1	49936	190	0	32	255	010000000000c0c2000020430a00000001000000e8030000
ecldata2.ecl	1	49968	190	14	12	255	00000000
ecldata2.ecl	1	49980	200	13	12	255	00000000
ecldata2.ecl	1	49992	200	0	32	255	030000000000c042000080c10a00000000000000e8030000
ecldata2.ecl	1	50024	210	0	32	255	030000000000c042000080c10a00000000000000e8030000
ecldata2.ecl	1	50056	220	0	32	255	030000000000c042000080c10a00000000000000e8030000
ecldata2.ecl	1	50088	230	0	32	255	030000000000c042000080c10a00000000000000e8030000
ecldata2.ecl	1	50120	240	0	32	255	030000000000c042000080c10a00000000000000e8030000
ecldata2.ecl	1	50152	250	0	32	255	030000000000c042000080c10a00000000000000e8030000
ecldata2.ecl	1	50184	260	0	32	255	030000000000c042000080c10a00000001000000e8030000
ecldata2.ecl	1	50216	270	0	32	255	030000000000c042000080c10a00000001000000e8030000
ecldata2.ecl	1	50248	280	0	32	255	030000000000c042000080c10a00000001000000e8030000
ecldata2.ecl	1	50280	280	14	12	255	00000000
ecldata2.ecl	1	50292	280	14	12	255	00000000
ecldata2.ecl	1	50304	290	13	12	255	00000000
ecldata2.ecl	1	50316	290	0	32	255	020000000000c0c2000020430a00000000000000e8030000
ecldata2.ecl	1	50348	300	0	32	255	020000000000c0c2000020430a00000000000000e8030000
ecldata2.ecl	1	50380	310	0	32	255	020000000000c0c2000020430a00000000000000e8030000
ecldata2.ecl	1	50412	320	0	32	255	020000000000c0c2000020430a00000000000000e8030000
ecldata2.ecl	1	50444	330	0	32	255	020000000000c0c2000020430a00000000000000e8030000
ecldata2.ecl	1	50476	340	0	32	255	020000000000c0c2000020430a00000000000000e8030000
ecldata2.ecl	1	50508	350	0	32	255	020000000000c0c2000020430a00000001000000e8030000
ecldata2.ecl	1	50540	360	0	32	255	020000000000c0c2000020430a00000001000000e8030000
ecldata2.ecl	1	50572	370	0	32	255	020000000000c0c2000020430a00000001000000e8030000
ecldata2.ecl	1	50604	370	14	12	255	00000000
ecldata2.ecl	1	50616	380	13	12	255	00000000
ecldata2.ecl	1	50628	380	0	32	255	01000000000080c1000020430a00000000000000e8030000
ecldata2.ecl	1	50660	390	0	32	255	01000000000080c1000020430a00000000000000e8030000
ecldata2.ecl	1	50692	400	0	32	255	01000000000080c1000020430a00000000000000e8030000
ecldata2.ecl	1	50724	410	0	32	255	01000000000080c1000020430a00000000000000e8030000
ecldata2.ecl	1	50756	420	0	32	255	01000000000080c1000020430a00000000000000e8030000
ecldata2.ecl	1	50788	430	0	32	255	01000000000080c1000020430a00000000000000e8030000
ecldata2.ecl	1	50820	440	0	32	255	01000000000080c1000020430a00000000000000e8030000
ecldata2.ecl	1	50852	450	0	32	255	01000000000080c1000020430a00000001000000e8030000
ecldata2.ecl	1	50884	460	0	32	255	01000000000080c1000020430a00000001000000e8030000
ecldata2.ecl	1	50916	460	14	12	255	00000000
ecldata2.ecl	1	50928	460	0	32	255	030000000000c042000080c10a00000000000000e8030000
ecldata2.ecl	1	50960	470	0	32	255	030000000000c042000080c10a00000000000000e8030000
ecldata2.ecl	1	50992	480	0	32	255	030000000000c042000080c10a00000000000000e8030000
ecldata2.ecl	1	51024	490	0	32	255	030000000000c042000080c10a00000000000000e8030000
ecldata2.ecl	1	51056	500	0	32	255	030000000000c042000080c10a00000000000000e8030000
ecldata2.ecl	1	51088	510	0	32	255	030000000000c042000080c10a00000000000000e8030000
ecldata2.ecl	1	51120	520	0	32	255	030000000000c042000080c10a00000001000000e8030000
ecldata2.ecl	1	51152	530	0	32	255	030000000000c042000080c10a00000001000000e8030000
ecldata2.ecl	1	51184	540	0	32	255	030000000000c042000080c10a00000001000000e8030000
ecldata2.ecl	1	51216	540	14	12	255	00000000
ecldata2sp.ecl	0	37388	1	0	32	255	000000000000f041000080c114000000feffffffe8030000
ecldata2sp.ecl	0	37420	30	0	32	255	340000000000f041000080c114000000feffffffe8030000
ecldata2sp.ecl	0	37452	30	10	12	255	00000000
ecldata2sp.ecl	0	37464	60	16	8	255	
ecldata3.ecl	0	45624	1	0	32	255	130000000000f041000080c114000000feffffffe8030000
ecldata3.ecl	0	45656	400	14	12	255	01000000
ecldata3.ecl	0	45668	460	14	12	255	00000000
ecldata3.ecl	0	45680	620	1	32	255	0000000000008043000080c12c010000feffffffe8030000
ecldata3.ecl	0	45712	620	0	32	255	0000000000000043000080c12c010000feffffffe8030000
ecldata3.ecl	0	45744	740	1	32	255	000000000000a043000080c12c010000feffffffe8030000
ecldata3.ecl	0	45776	740	0	32	255	0000000000008042000080c12c010000feffffffe8030000
ecldata3.ecl	0	45808	740	14	12	255	01000000
ecldata3.ecl	0	45820	820	0	32	255	0000000000008042000080c1c8000000feffffffe8030000
ecldata3.ecl	0	45852	900	0	32	255	000000000000c042000080c1c8000000feffffffe8030000
ecldata3.ecl	0	45884	900	14	12	255	00000000
ecldata3.ecl	0	45896	980	0	32	255	0000000000000043000080c1c8000000feffffffe8030000
ecldata3.ecl	0	45928	1280	0	32	255	0700000000008042000080c12c010000feffffffe8030000
ecldata3.ecl	0	45960	1370	0	32	255	0700000000008042000080c12c010000feffffffe8030000
ecldata3.ecl	0	45992	1370	1	32	255	070000000000a043000080c12c010000feffffffe8030000
ecldata3.ecl	0	46024	1460	0	32	255	0700000000008042000080c12c010000feffffffe8030000
ecldata3.ecl	0	46056	1600	14	12	255	01000000
ecldata3.ecl	0	46068	1610	1	32	255	070000000000a043000080c12c010000feffffffe8030000
ecldata3.ecl	0	46100	1670	1	32	255	070000000000a043000080c12c010000feffffffe8030000
ecldata3.ecl	0	46132	1670	0	32	255	0700000000008042000080c12c010000feffffffe8030000
ecldata3.ecl	0	46164	1730	1	32	255	070000000000a043000080c12c010000feffffffe8030000
ecldata3.ecl	0	46196	1730	1	32	248	0000000000008043000080c12c010000feffffffe8030000
ecldata3.ecl	0	46228	1930	14	12	255	01000000
ecldata3.ecl	0	46240	1950	0	32	255	0700000000008042000080c15e010000feffffffe8030000
ecldata3.ecl	0	46272	1970	1	32	255	070000000000a043000080c15e010000feffffffe8030000
ecldata3.ecl	0	46304	1990	0	32	255	0700000000008042000080c15e010000feffffffe8030000
ecldata3.ecl	0	46336	2010	1	32	255	070000000000a043000080c15e010000feffffffe8030000
ecldata3.ecl	0	46368	2010	0	32	252	0000000000000042000080c190010000feffffffe8030000
ecldata3.ecl	0	46400	2010	1	32	252	000000000000b043000080c190010000feffffffe8030000
ecldata3.ecl	0	46432	2190	0	32	255	0e0000000000a043000080c158020000feffffffe8030000
ecldata3.ecl	0	46464	2290	14	12	255	02000000
ecldata3.ecl	0	46476	2430	0	32	255	0d00000000008042000080c158020000feffffffe8030000
ecldata3.ecl	0	46508	2530	14	12	255	02000000
ecldata3.ecl	0	46520	2680	0	32	255	0e0000000000a043000080c158020000feffffffe8030000
ecldata3.ecl	0	46552	3080	0	32	255	1400000000004043000080c160ea0000feffffffa0860100
ecldata3.ecl	0	46584	3080	10	12	255	00000000
ecldata3.ecl	0	46596	3080	6	12	255	02000000
ecldata3.ecl	0	46608	3081	7	8	255	
ecldata3.ecl	0	46616	3081	8	16	255	0000000001000000
ecldata3.ecl	0	46632	3082	10	12	255	00000000
ecldata3.ecl	0	46644	3082	6	12	255	03000000
ecldata3.ecl	0	46656	3083	7	8	255	
ecldata3.ecl	0	46664	3083	8	16	255	0000000001000000
ecldata3.ecl	0	46680	3083	10	12	255	00000000
ecldata3.ecl	0	46692	3163	0	32	255	0000000000008042000080c1c8000000feffffffe8030000
ecldata3.ecl	0	46724	3183	0	32	255	000000000000c042000080c1c8000000feffffffe8030000
ecldata3.ecl	0	46756	3203	0	32	255	0000000000000043000080c1c8000000feffffffe8030000
ecldata3.ecl	0	46788	3203	1	32	248	070000000000a043000080c12c010000feffffffe8030000
ecldata3.ecl	0	46820	3223	0	32	255	0000000000002043000080c1c8000000feffffffe8030000
ecldata3.ecl	0	46852	3243	0	32	255	0000000000004043000080c1c8000000feffffffe8030000
ecldata3.ecl	0	46884	3243	14	12	255	01000000
ecldata3.ecl	0	46896	3423	1	32	255	000000000000a043000080c1c8000000feffffffe8030000
ecldata3.ecl	0	46928	3443	1	32	255	0000000000009043000080c1c8000000feffffffe8030000
ecldata3.ecl	0	46960	3463	1	32	255	0000000000008043000080c1c8000000feffffffe8030000
ecldata3.ecl	0	46992	3463	0	32	252	0700000000008042000080c12c010000feffffffe8030000
ecldata3.ecl	0	47024	3483	1	32	255	0000000000006043000080c1c8000000feffffffe8030000
ecldata3.ecl	0	47056	3503	1	32	255	0000000000004043000080c1c8000000feffffffe8030000
ecldata3.ecl	0	47088	3603	14	12	255	02000000
ecldata3.ecl	0	47100	3723	0	32	255	0d00000000008042000080c158020000feffffffe8030000
ecldata3.ecl	0	47132	3843	0	32	255	0e0000000000a043000080c158020000feffffffe8030000
ecldata3.ecl	0	47164	4163	0	32	255	0d00000000000043000080c1f401000002000000e8030000
ecldata3.ecl	0	47196	4163	0	32	255	0e00000000008043000080c1f401000003000000e8030000
ecldata3.ecl	0	47228	4663	0	32	255	2200000000004043000080c160ea0000feffffffa0860100
ecldata3.ecl	0	47260	4663	6	12	255	00000000
ecldata3.ecl	0	47272	4663	7	8	255	
ecldata3.ecl	0	47280	4663	8	16	255	0000000001000000
ecldata3.ecl	0	47296	4663	10	12	255	00000000
ecldata3.ecl	0	47308	4663	0	32	254	2b000000000040430000004360ea0000feffffffa0860100
ecldata3.ecl	0	47340	4664	10	12	254	00000000
ecldata3.ecl	0	47352	4664	6	12	255	01000000
ecldata3.ecl	0	47364	4664	7	8	255	
ecldata3.ecl	1	47388	20	13	12	255	01000000
ecldata3.ecl	1	47400	20	0	32	255	0200000000004043000080c1c8000000feffffffe8030000
ecldata3.ecl	1	47432	80	0	32	255	0400000000004043000080c1c8000000feffffffe8030000
ecldata3.ecl	1	47464	140	0	32	255	0200000000004043000080c1c8000000feffffffe8030000
ecldata3.ecl	1	47496	140	13	12	255	01000000
ecldata3.ecl	1	47508	140	0	32	255	0a00000000008042000080c1c8000000feffffffe8030000
ecldata3.ecl	1	47540	140	0	32	255	0c00000000008043000080c1c8000000feffffffe8030000
ecldata3.ecl	1	47572	200	0	32	255	0a00000000008043000080c1c8000000feffffffe8030000
ecldata3.ecl	1	47604	200	0	32	255	0c00000000008042000080c1c8000000feffffffe8030000
ecldata3.ecl	1	47636	200	13	12	255	01000000
ecldata3.ecl	1	47648	200	0	32	255	0a00000000000043000080c1c8000000feffffffe8030000
ecldata3.ecl	1	47680	260	0	32	255	0c00000000000043000080c1c8000000feffffffe8030000
ecldata3.ecl	1	47712	260	13	12	255	01000000
ecldata3.ecl	1	47724	260	0	32	255	0a00000000004043000080c1c8000000feffffffe8030000
ecldata3.ecl	1	47756	320	0	32	255	0c00000000004043000080c1c8000000feffffffe8030000
ecldata3.ecl	1	47788	380	0	32	255	0a00000000004043000080c1c8000000feffffffe8030000
ecldata3.ecl	1	47820	380	13	12	255	01000000
ecldata3.ecl	1	47832	380	0	32	255	0200000000008043000080c1c8000000feffffffe8030000
ecldata3.ecl	1	47864	440	0	32	255	0400000000008043000080c1c8000000feffffffe8030000
ecldata3.ecl	1	47896	440	13	12	255	01000000
ecldata3.ecl	1	47908	440	0	32	255	0200000000008042000080c1c8000000feffffffe8030000
ecldata3.ecl	1	47940	500	0	32	255	0400000000008042000080c1c8000000feffffffe8030000
ecldata3.ecl	2	47988	20	13	12	255	00000000
ecldata3.ecl	2	48000	20	2	36	255	12000000000000420000c042000080c10a000000ffffffffe8030000
ecldata3.ecl	2	48036	35	2	36	255	12000000000000420000c042000080c10a000000ffffffffe8030000
ecldata3.ecl	2	48072	50	2	36	255	120000000000804200000043000080c10a000000ffffffffe8030000
ecldata3.ecl	2	48108	65	2	36	255	120000000000804200000043000080c10a000000ffffffffe8030000
ecldata3.ecl	2	48144	80	2	36	255	120000000000c04200002043000080c10a000000ffffffffe8030000
ecldata3.ecl	2	48180	95	2	36	255	120000000000c04200002043000080c10a000000ffffffffe8030000
ecldata3.ecl	2	48216	110	2	36	255	120000000000004300004043000080c10a000000ffffffffe8030000
ecldata3.ecl	2	48252	125	2	36	255	120000000000004300004043000080c10a000000ffffffffe8030000
ecldata3.ecl	2	48288	140	2	36	255	120000000000204300006043000080c10a000000ffffffffe8030000
ecldata3.ecl	2	48324	155	2	36	255	120000000000204300006043000080c10a000000ffffffffe8030000
ecldata3.ecl	2	48360	170	2	36	255	120000000000404300008043000080c10a000000ffffffffe8030000
ecldata3.ecl	2	48396	185	2	36	255	120000000000404300008043000080c10a000000ffffffffe8030000
ecldata3.ecl	2	48432	200	2	36	255	120000000000604300009043000080c10a000000ffffffffe8030000
ecldata3.ecl	2	48468	215	2	36	255	120000000000604300009043000080c10a000000ffffffffe8030000
ecldata3.ecl	2	48504	230	2	36	255	12000000000080430000a043000080c10a000000ffffffffe8030000
ecldata3.ecl	2	48540	245	2	36	255	12000000000080430000a043000080c10a000000ffffffffe8030000
ecldata3.ecl	2	48576	260	2	36	255	12000000000090430000b043000080c10a000000ffffffffe8030000
ecldata3.ecl	2	48612	275	2	36	255	12000000000090430000b043000080c10a000000ffffffffe8030000
ecldata3.ecl	2	48648	290	13	12	255	00000000
ecldata3.ecl	2	48660	290	2	36	255	12000000000090430000b043000080c10a000000ffffffffe8030000
ecldata3.ecl	2	48696	305	2	36	255	12000000000090430000b043000080c10a000000ffffffffe8030000
ecldata3.ecl	2	48732	320	2	36	255	12000000000080430000a043000080c10a000000ffffffffe8030000
ecldata3.ecl	2	48768	335	2	36	255	12000000000080430000a043000080c10a000000ffffffffe8030000
ecldata3.ecl	2	48804	350	2	36	255	120000000000604300009043000080c10a000000ffffffffe8030000
ecldata3.ecl	2	48840	365	2	36	255	120000000000604300009043000080c10a000000ffffffffe8030000
ecldata3.ecl	2	48876	380	2	36	255	120000000000404300008043000080c10a000000ffffffffe8030000
ecldata3.ecl	2	48912	395	2	36	255	120000000000404300008043000080c10a000000ffffffffe8030000
ecldata3.ecl	2	48948	410	2	36	255	120000000000204300006043000080c10a000000ffffffffe8030000
ecldata3.ecl	2	48984	425	2	36	255	120000000000204300006043000080c10a000000ffffffffe8030000
ecldata3.ecl	2	49020	440	2	36	255	120000000000004300004043000080c10a000000ffffffffe8030000
ecldata3.ecl	2	49056	455	2	36	255	120000000000004300004043000080c10a000000ffffffffe8030000
ecldata3.ecl	2	49092	470	2	36	255	120000000000c04200002043000080c10a000000ffffffffe8030000
ecldata3.ecl	2	49128	485	2	36	255	120000000000c04200002043000080c10a000000ffffffffe8030000
ecldata3.ecl	2	49164	500	2	36	255	120000000000804200000043000080c10a000000ffffffffe8030000
ecldata3.ecl	2	49200	515	2	36	255	120000000000804200000043000080c10a000000ffffffffe8030000
ecldata3.ecl	2	49236	530	2	36	255	12000000000000420000c042000080c10a000000ffffffffe8030000
ecldata3.ecl	2	49272	545	2	36	255	12000000000000420000c042000080c10a000000ffffffffe8030000
ecldata3.ecl	3	49324	20	13	12	255	02000000
ecldata3.ecl	3	49336	20	2	36	255	110000000000804100004043000080c10a00000001000000e8030000
ecldata3.ecl	3	49372	30	2	36	255	110000000000804100004043000080c10a00000001000000e8030000
ecldata3.ecl	3	49408	40	2	36	255	110000000000804100004043000080c10a00000000000000e8030000
ecldata3.ecl	3	49444	50	2	36	255	110000000000804100004043000080c10a00000000000000e8030000
ecldata3.ecl	3	49480	60	2	36	255	110000000000804100004043000080c10a00000001000000e8030000
ecldata3.ecl	3	49516	70	2	36	255	110000000000804100004043000080c10a00000001000000e8030000
ecldata3.ecl	3	49552	80	2	36	255	110000000000804100004043000080c10a00000001000000e8030000
ecldata3.ecl	3	49588	90	2	36	255	110000000000804100004043000080c10a00000002000000e8030000
ecldata3.ecl	3	49624	90	13	12	255	02000000
ecldata3.ecl	3	49636	90	2	36	255	11000000000040430000b843000080c10a00000001000000e8030000
ecldata3.ecl	3	49672	100	2	36	255	11000000000040430000b843000080c10a00000001000000e8030000
ecldata3.ecl	3	49708	110	2	36	255	11000000000040430000b843000080c10a00000000000000e8030000
ecldata3.ecl	3	49744	120	2	36	255	11000000000040430000b843000080c10a00000000000000e8030000
ecldata3.ecl	3	49780	130	2	36	255	11000000000040430000b843000080c10a00000001000000e8030000
ecldata3.ecl	3	49816	140	2	36	255	11000000000040430000b843000080c10a00000001000000e8030000
ecldata3.ecl	3	49852	150	2	36	255	11000000000040430000b843000080c10a00000001000000e8030000
ecldata3.ecl	3	49888	160	2	36	255	11000000000040430000b843000080c10a00000002000000e8030000
ecldata3.ecl	3	49924	160	13	12	255	02000000
ecldata3.ecl	3	49936	160	2	36	255	11000000000080410000b843000080c10a00000001000000e8030000
ecldata3.ecl	3	49972	170	2	36	255	11000000000080410000b843000080c10a00000001000000e8030000
ecldata3.ecl	3	50008	180	2	36	255	11000000000080410000b843000080c10a00000000000000e8030000
ecldata3.ecl	3	50044	190	2	36	255	11000000000080410000b843000080c10a00000000000000e8030000
ecldata3.ecl	3	50080	200	2	36	255	11000000000080410000b843000080c10a00000001000000e8030000
ecldata3.ecl	3	50116	210	2	36	255	11000000000080410000b843000080c10a00000001000000e8030000
ecldata3.ecl	3	50152	220	2	36	255	11000000000080410000b843000080c10a00000001000000e8030000
ecldata3.ecl	3	50188	230	2	36	255	11000000000080410000b843000080c10a00000002000000e8030000
ecldata3sp.ecl	0	41268	1	0	32	255	000000000000f041000080c114000000feffffffe8030000
ecldata3sp.ecl	0	41300	30	0	32	255	3f0000000000f041000080c114000000feffffffe8030000
ecldata3sp.ecl	0	41332	30	10	12	255	00000000
ecldata3sp.ecl	0	41344	60	16	8	255	
ecldata4a.ecl	0	41652	1	0	32	255	0f0000000000f041000080c114000000feffffffe8030000
ecldata4a.ecl	0	41684	400	0	32	255	00000000000080c1000080421e00000001000000e8030000
ecldata4a.ecl	0	41716	410	0	32	255	00000000000080c1000080421e00000000000000e8030000
ecldata4a.ecl	0	41748	420	0	32	255	00000000000080c1000080421e00000001000000e8030000
ecldata4a.ecl	0	41780	430	0	32	255	00000000000080c1000080421e00000000000000e8030000
ecldata4a.ecl	0	41812	440	0	32	255	00000000000080c1000080421e00000001000000e8030000
ecldata4a.ecl	0	41844	540	1	32	255	000000000000c843000080421e00000001000000e8030000
ecldata4a.ecl	0	41876	550	1	32	255	000000000000c843000080421e00000000000000e8030000
ecldata4a.ecl	0	41908	560	1	32	255	000000000000c843000080421e00000001000000e8030000
ecldata4a.ecl	0	41940	570	1	32	255	000000000000c843000080421e00000000000000e8030000
ecldata4a.ecl	0	41972	580	1	32	255	000000000000c843000080421e00000001000000e8030000
ecldata4a.ecl	0	42004	580	0	32	255	0500000000004043000080c1f401000001000000e8030000
ecldata4a.ecl	0	42036	660	0	32	255	00000000000080c1000080421e00000001000000e8030000
ecldata4a.ecl	0	42068	670	0	32	255	00000000000080c1000090421e00000000000000e8030000
ecldata4a.ecl	0	42100	680	0	32	255	00000000000080c10000a0421e00000001000000e8030000
ecldata4a.ecl	0	42132	690	0	32	255	00000000000080c10000b0421e00000000000000e8030000
ecldata4a.ecl	0	42164	700	0	32	255	00000000000080c10000c0421e00000001000000e8030000
ecldata4a.ecl	0	42196	700	0	32	255	0500000000000043000080c1f401000001000000e8030000
ecldata4a.ecl	0	42228	760	1	32	255	000000000000c8430000c0421e00000001000000e8030000
ecldata4a.ecl	0	42260	770	1	32	255	000000000000c8430000b0421e00000000000000e8030000
ecldata4a.ecl	0	42292	780	1	32	255	000000000000c8430000a0421e00000001000000e8030000
ecldata4a.ecl	0	42324	790	1	32	255	000000000000c843000090421e00000000000000e8030000
ecldata4a.ecl	0	42356	800	1	32	255	000000000000c843000080421e00000001000000e8030000
ecldata4a.ecl	0	42388	920	0	32	255	00000000000080c1000080421e00000001000000e8030000
ecldata4a.ecl	0	42420	920	0	32	255	0500000000008043000080c1f401000001000000e8030000
ecldata4a.ecl	0	42452	930	0	32	255	00000000000080c1000080421e00000000000000e8030000
ecldata4a.ecl	0	42484	940	0	32	255	00000000000080c1000080421e00000001000000e8030000
ecldata4a.ecl	0	42516	950	0	32	255	00000000000080c1000080421e00000000000000e8030000
ecldata4a.ecl	0	42548	960	0	32	255	00000000000080c1000080421e00000001000000e8030000
ecldata4a.ecl	0	42580	980	1	32	255	000000000000c843000080421e00000001000000e8030000
ecldata4a.ecl	0	42612	990	1	32	255	000000000000c843000080421e00000000000000e8030000
ecldata4a.ecl	0	42644	1000	1	32	255	000000000000c843000080421e00000001000000e8030000
ecldata4a.ecl	0	42676	1010	1	32	255	000000000000c843000080421e00000000000000e8030000
ecldata4a.ecl	0	42708	1020	1	32	255	000000000000c843000080421e00000001000000e8030000
ecldata4a.ecl	0	42740	1030	0	32	255	00000000000080c10000e0421e00000001000000e8030000
ecldata4a.ecl	0	42772	1040	0	32	255	00000000000080c10000e0421e00000000000000e8030000
ecldata4a.ecl	0	42804	1050	0	32	255	00000000000080c10000e0421e00000001000000e8030000
ecldata4a.ecl	0	42836	1060	0	32	255	00000000000080c10000e0421e00000000000000e8030000
ecldata4a.ecl	0	42868	1070	0	32	255	00000000000080c10000e0421e00000001000000e8030000
ecldata4a.ecl	0	42900	1080	1	32	255	000000000000c8430000e0421e00000001000000e8030000
ecldata4a.ecl	0	42932	1090	1	32	255	000000000000c8430000e0421e00000000000000e8030000
ecldata4a.ecl	0	42964	1100	1	32	255	000000000000c8430000e0421e00000001000000e8030000
ecldata4a.ecl	0	42996	1110	1	32	255	000000000000c8430000e0421e00000000000000e8030000
ecldata4a.ecl	0	43028	1120	1	32	255	000000000000c8430000e0421e00000001000000e8030000
ecldata4a.ecl	0	43060	1240	1	32	255	070000000000a043000080c1a4060000feffffffe8030000
ecldata4a.ecl	0	43092	1500	1	32	255	070000000000a043000080c114050000feffffffe8030000
ecldata4a.ecl	0	43124	1600	14	12	255	00000000
ecldata4a.ecl	0	43136	1900	0	32	255	0700000000008042000080c114050000feffffffe8030000
ecldata4a.ecl	0	43168	2000	14	12	255	00000000
ecldata4a.ecl	0	43180	2300	0	32	255	0700000000008042000080c114050000feffffffe8030000
ecldata4a.ecl	0	43212	2300	1	32	255	070000000000a043000080c114050000feffffffe8030000
ecldata4a.ecl	0	43244	2700	0	32	255	0c000000000080c1000080421e00000001000000e8030000
ecldata4a.ecl	0	43276	2710	0	32	255	0c000000000080c1000080421e00000000000000e8030000
ecldata4a.ecl	0	43308	2720	0	32	255	0c000000000080c1000080421e00000001000000e8030000
ecldata4a.ecl	0	43340	2730	0	32	255	0c000000000080c1000080421e00000000000000e8030000
ecldata4a.ecl	0	43372	2740	0	32	255	0c000000000080c1000080421e00000001000000e8030000
ecldata4a.ecl	0	43404	2740	0	32	255	0500000000000043000080c1f401000001000000e8030000
ecldata4a.ecl	0	43436	2800	1	32	255	0c0000000000c843000080421e00000001000000e8030000
ecldata4a.ecl	0	43468	2810	1	32	255	0c0000000000c843000080421e00000000000000e8030000
ecldata4a.ecl	0	43500	2820	1	32	255	0c0000000000c843000080421e00000001000000e8030000
ecldata4a.ecl	0	43532	2830	1	32	255	0c0000000000c843000080421e00000000000000e8030000
ecldata4a.ecl	0	43564	2840	1	32	255	0c0000000000c843000080421e00000001000000e8030000
ecldata4a.ecl	0	43596	2840	0	32	255	0500000000004043000080c1f401000001000000e8030000
ecldata4a.ecl	0	43628	2900	0	32	255	0c000000000080c1000080421e00000001000000e8030000
ecldata4a.ecl	0	43660	2910	0	32	255	0c000000000080c1000090421e00000000000000e8030000
ecldata4a.ecl	0	43692	2920	0	32	255	0c000000000080c10000a0421e00000001000000e8030000
ecldata4a.ecl	0	43724	2930	0	32	255	0c000000000080c10000b0421e00000000000000e8030000
ecldata4a.ecl	0	43756	2940	0	32	255	0c000000000080c10000c0421e00000001000000e8030000
ecldata4a.ecl	0	43788	2940	0	32	255	0500000000000043000080c1f401000001000000e8030000
ecldata4a.ecl	0	43820	3000	1	32	255	0c0000000000c8430000c0421e00000001000000e8030000
ecldata4a.ecl	0	43852	3010	1	32	255	0c0000000000c8430000b0421e00000000000000e8030000
ecldata4a.ecl	0	43884	3020	1	32	255	0c0000000000c8430000a0421e00000001000000e8030000
ecldata4a.ecl	0	43916	3030	1	32	255	0c0000000000c843000090421e00000000000000e8030000
ecldata4a.ecl	0	43948	3040	1	32	255	0c0000000000c843000080421e00000001000000e8030000
ecldata4a.ecl	0	43980	3240	0	32	255	0c000000000080c1000080421e00000001000000e8030000
ecldata4a.ecl	0	44012	3250	0	32	255	0c000000000080c1000080421e00000000000000e8030000
ecldata4a.ecl	0	44044	3260	0	32	255	0c000000000080c1000080421e00000001000000e8030000
ecldata4a.ecl	0	44076	3270	0	32	255	0c000000000080c1000080421e00000000000000e8030000
ecldata4a.ecl	0	44108	3280	0	32	255	0c000000000080c1000080421e00000001000000e8030000
ecldata4a.ecl	0	44140	3280	0	32	255	0500000000000043000080c1f401000001000000e8030000
ecldata4a.ecl	0	44172	3330	1	32	255	0c0000000000c843000080421e00000001000000e8030000
ecldata4a.ecl	0	44204	3340	1	32	255	0c0000000000c843000080421e00000000000000e8030000
ecldata4a.ecl	0	44236	3350	1	32	255	0c0000000000c843000080421e00000001000000e8030000
ecldata4a.ecl	0	44268	3360	1	32	255	0c0000000000c843000080421e00000000000000e8030000
ecldata4a.ecl	0	44300	3370	1	32	255	0c0000000000c843000080421e00000001000000e8030000
ecldata4a.ecl	0	44332	3420	0	32	255	0c000000000080c1000080421e00000001000000e8030000
ecldata4a.ecl	0	44364	3430	0	32	255	0c000000000080c1000080421e00000000000000e8030000
ecldata4a.ecl	0	44396	3440	0	32	255	0c000000000080c1000080421e00000001000000e8030000
ecldata4a.ecl	0	44428	3450	0	32	255	0c000000000080c1000080421e00000000000000e8030000
ecldata4a.ecl	0	44460	3460	0	32	255	0c000000000080c1000080421e00000001000000e8030000
ecldata4a.ecl	0	44492	3560	0	32	255	0700000000008042000080c114050000feffffffe8030000
ecldata4a.ecl	0	44524	3660	1	32	255	070000000000a043000080c114050000feffffffe8030000
ecldata4a.ecl	0	44556	3810	0	32	255	0700000000008042000080c114050000feffffffe8030000
ecldata4a.ecl	0	44588	3860	1	32	255	070000000000a043000080c114050000feffffffe8030000
ecldata4a.ecl	0	44620	4060	0	32	255	0700000000008042000080c11405000003000000e8030000
ecldata4a.ecl	0	44652	4060	1	32	255	070000000000a043000080c11405000003000000e8030000
ecldata4a.ecl	0	44684	4260	0	32	255	0c000000000080c1000080421e00000001000000e8030000
ecldata4a.ecl	0	44716	4270	1	32	255	0c0000000000c8430000e0421e00000000000000e8030000
ecldata4a.ecl	0	44748	4280	1	32	255	0c0000000000c8430000e0421e00000001000000e8030000
ecldata4a.ecl	0	44780	4290	1	32	255	0c0000000000c8430000e0421e00000000000000e8030000
ecldata4a.ecl	0	44812	4300	1	32	255	0c0000000000c8430000e0421e00000001000000e8030000
ecldata4a.ecl	0	44844	4310	0	32	255	0c000000000080c1000080421e00000001000000e8030000
ecldata4a.ecl	0	44876	4320	0	32	255	0c000000000080c1000080421e00000000000000e8030000
ecldata4a.ecl	0	44908	4330	0	32	255	0c000000000080c1000080421e00000001000000e8030000
ecldata4a.ecl	0	44940	4340	0	32	255	0c000000000080c1000080421e00000000000000e8030000
ecldata4a.ecl	0	44972	4350	0	32	255	0c000000000080c1000080421e00000001000000e8030000
ecldata4a.ecl	0	45004	4360	1	32	255	0c0000000000c843000080421e00000001000000e8030000
ecldata4a.ecl	0	45036	4370	1	32	255	0c0000000000c843000080421e00000000000000e8030000
ecldata4a.ecl	0	45068	4380	1	32	255	0c0000000000c843000080421e00000001000000e8030000
ecldata4a.ecl	0	45100	4390	1	32	255	0c0000000000c843000080421e00000000000000e8030000
ecldata4a.ecl	0	45132	4400	1	32	255	0c0000000000c843000080421e00000001000000e8030000
ecldata4a.ecl	0	45164	4410	0	32	255	0c000000000080c1000080421e00000001000000e8030000
ecldata4a.ecl	0	45196	4420	0	32	255	0c000000000080c1000090421e00000000000000e8030000
ecldata4a.ecl	0	45228	4430	0	32	255	0c000000000080c10000a0421e00000001000000e8030000
ecldata4a.ecl	0	45260	4440	0	32	255	0c000000000080c10000b0421e00000000000000e8030000
ecldata4a.ecl	0	45292	4450	0	32	255	0c000000000080c10000c0421e00000001000000e8030000
ecldata4a.ecl	0	45324	4460	1	32	255	0c0000000000c8430000c0421e00000001000000e8030000
ecldata4a.ecl	0	45356	4470	1	32	255	0c0000000000c8430000b0421e00000000000000e8030000
ecldata4a.ecl	0	45388	4480	1	32	255	0c0000000000c8430000a0421e00000001000000e8030000
ecldata4a.ecl	0	45420	4490	1	32	255	0c0000000000c843000090421e00000000000000e8030000
ecldata4a.ecl	0	45452	4500	1	32	255	0c0000000000c843000080421e00000001000000e8030000
ecldata4a.ecl	0	45484	4510	0	32	255	0c000000000080c1000080421e00000001000000e8030000
ecldata4a.ecl	0	45516	4520	0	32	255	0c000000000080c1000080421e00000000000000e8030000
ecldata4a.ecl	0	45548	4530	0	32	255	0c000000000080c1000080421e00000001000000e8030000
ecldata4a.ecl	0	45580	4540	0	32	255	0c000000000080c1000080421e00000000000000e8030000
ecldata4a.ecl	0	45612	4550	0	32	255	0c000000000080c1000080421e00000001000000e8030000
ecldata4a.ecl	0	45644	4552	0	32	255	0e000000000080c1000080421e00000001000000e8030000
ecldata4a.ecl	0	45676	4962	6	12	255	00000000
ecldata4a.ecl	0	45688	4962	7	8	255	
ecldata4a.ecl	0	45696	4962	0	32	255	1000000000004043000080c160ea0000feffffffa0860100
ecldata4a.ecl	0	45728	4963	7	8	255	
ecldata4a.ecl	0	45736	4963	8	16	255	0000000001000000
ecldata4a.ecl	0	45752	4963	10	12	255	00000000
ecldata4a.ecl	0	45764	4963	6	12	255	02000000
ecldata4a.ecl	0	45776	4963	7	8	255	
ecldata4a.ecl	0	45784	4963	0	32	255	00000000000080c1000080421e00000001000000e8030000
ecldata4a.ecl	0	45816	4973	0	32	255	00000000000080c1000080421e00000000000000e8030000
ecldata4a.ecl	0	45848	4983	0	32	255	00000000000080c1000080421e00000001000000e8030000
ecldata4a.ecl	0	45880	4993	0	32	255	00000000000080c1000080421e00000000000000e8030000
ecldata4a.ecl	0	45912	5003	0	32	255	00000000000080c1000080421e00000001000000e8030000
ecldata4a.ecl	0	45944	5063	1	32	255	000000000000c843000080421e00000001000000e8030000
ecldata4a.ecl	0	45976	5073	1	32	255	000000000000c843000080421e00000000000000e8030000
ecldata4a.ecl	0	46008	5083	1	32	255	000000000000c843000080421e00000001000000e8030000
ecldata4a.ecl	0	46040	5093	1	32	255	000000000000c843000080421e00000000000000e8030000
ecldata4a.ecl	0	46072	5103	1	32	255	000000000000c843000080421e00000001000000e8030000
ecldata4a.ecl	0	46104	5103	0	32	255	0500000000004043000080c1f401000001000000e8030000
ecldata4a.ecl	0	46136	5163	0	32	255	00000000000080c1000080421e00000001000000e8030000
ecldata4a.ecl	0	46168	5173	0	32	255	00000000000080c1000090421e00000000000000e8030000
ecldata4a.ecl	0	46200	5183	0	32	255	00000000000080c10000a0421e00000001000000e8030000
ecldata4a.ecl	0	46232	5193	0	32	255	00000000000080c10000b0421e00000000000000e8030000
ecldata4a.ecl	0	46264	5203	0	32	255	00000000000080c10000c0421e00000001000000e8030000
ecldata4a.ecl	0	46296	5203	0	32	255	0500000000000043000080c1f401000001000000e8030000
ecldata4a.ecl	0	46328	5263	1	32	255	000000000000c8430000c0421e00000001000000e8030000
ecldata4a.ecl	0	46360	5273	1	32	255	000000000000c8430000b0421e00000000000000e8030000
ecldata4a.ecl	0	46392	5283	1	32	255	000000000000c8430000a0421e00000001000000e8030000
ecldata4a.ecl	0	46424	5293	1	32	255	000000000000c843000090421e00000000000000e8030000
ecldata4a.ecl	0	46456	5303	1	32	255	000000000000c843000080421e00000001000000e8030000
ecldata4a.ecl	0	46488	5423	14	12	255	00000000
ecldata4a.ecl	0	46500	5423	1	32	255	070000000000a043000080c1a4060000feffffffe8030000
ecldata4a.ecl	0	46532	5663	1	32	255	0700000000009043000080c1a4060000feffffffe8030000
ecldata4a.ecl	0	46564	5783	0	32	255	0700000000008042000080c1a4060000feffffffe8030000
ecldata4a.ecl	0	46596	5783	14	12	255	00000000
ecldata4a.ecl	0	46608	5903	0	32	255	070000000000c042000080c1a4060000feffffffe8030000
ecldata4a.ecl	0	46640	6103	0	32	255	0c000000000080c1000080421e00000001000000e8030000
ecldata4a.ecl	0	46672	6113	1	32	255	0c0000000000c8430000e0421e00000000000000e8030000
ecldata4a.ecl	0	46704	6123	1	32	255	0c0000000000c8430000e0421e00000001000000e8030000
ecldata4a.ecl	0	46736	6133	1	32	255	0c0000000000c8430000e0421e00000000000000e8030000
ecldata4a.ecl	0	46768	6143	1	32	255	0c0000000000c8430000e0421e00000001000000e8030000
ecldata4a.ecl	0	46800	6153	0	32	255	0c000000000080c1000080421e00000001000000e8030000
ecldata4a.ecl	0	46832	6163	0	32	255	0c000000000080c1000080421e00000000000000e8030000
ecldata4a.ecl	0	46864	6173	0	32	255	0c000000000080c1000080421e00000001000000e8030000
ecldata4a.ecl	0	46896	6183	0	32	255	0c000000000080c1000080421e00000000000000e8030000
ecldata4a.ecl	0	46928	6193	0	32	255	0c000000000080c1000080421e00000001000000e8030000
ecldata4a.ecl	0	46960	6313	0	32	255	0700000000008042000080c11405000003000000e8030000
ecldata4a.ecl	0	46992	6313	1	32	255	070000000000a043000080c11405000003000000e8030000
ecldata4a.ecl	0	47024	6553	0	32	255	00000000000080c1000080421e00000001000000e8030000
ecldata4a.ecl	0	47056	6563	0	32	255	00000000000080c1000080421e00000000000000e8030000
ecldata4a.ecl	0	47088	6573	0	32	255	00000000000080c1000080421e00000001000000e8030000
ecldata4a.ecl	0	47120	6583	0	32	255	00000000000080c1000080421e00000000000000e8030000
ecldata4a.ecl	0	47152	6593	0	32	255	00000000000080c1000080421e00000001000000e8030000
ecldata4a.ecl	0	47184	6653	1	32	255	000000000000c843000080421e00000001000000e8030000
ecldata4a.ecl	0	47216	6663	1	32	255	000000000000c843000080421e00000000000000e8030000
ecldata4a.ecl	0	47248	6673	1	32	255	000000000000c843000080421e00000001000000e8030000
ecldata4a.ecl	0	47280	6683	1	32	255	000000000000c843000080421e00000000000000e8030000
ecldata4a.ecl	0	47312	6693	1	32	255	000000000000c843000080421e00000001000000e8030000
ecldata4a.ecl	0	47344	6753	0	32	255	00000000000080c1000080421e00000001000000e8030000
ecldata4a.ecl	0	47376	6763	0	32	255	00000000000080c1000080421e00000000000000e8030000
ecldata4a.ecl	0	47408	6773	0	32	255	00000000000080c1000080421e00000001000000e8030000
ecldata4a.ecl	0	47440	6783	0	32	255	00000000000080c1000080421e00000000000000e8030000
ecldata4a.ecl	0	47472	6793	0	32	255	00000000000080c1000080421e00000001000000e8030000
ecldata4a.ecl	0	47504	6853	1	32	255	000000000000c843000080421e00000001000000e8030000
ecldata4a.ecl	0	47536	6863	1	32	255	000000000000c843000080421e00000000000000e8030000
ecldata4a.ecl	0	47568	6873	1	32	255	000000000000c843000080421e00000001000000e8030000
ecldata4a.ecl	0	47600	6883	1	32	255	000000000000c843000080421e00000000000000e8030000
ecldata4a.ecl	0	47632	6893	1	32	255	000000000000c843000080421e00000001000000e8030000
ecldata4a.ecl	0	47664	6923	0	32	255	0e000000000080c1000080421e00000001000000e8030000
ecldata4a.ecl	0	47696	6923	0	32	255	1800000000004043000080c160ea0000feffffffa0860100
ecldata4a.ecl	0	47728	6923	10	12	255	00000000
ecldata4a.ecl	0	47740	6923	6	12	255	03000000
ecldata4a.ecl	0	47752	6924	7	8	255	
ecldata4a.ecl	0	47760	6924	8	16	255	0000000001000000
ecldata4a.ecl	0	47776	6924	10	12	255	00000000
ecldata4a.ecl	0	47788	6924	0	32	254	1b000000000040430000204360ea0000feffffffa0860100
ecldata4a.ecl	0	47820	6925	10	12	254	00000000
ecldata4a.ecl	0	47832	6925	6	12	255	01000000
ecldata4a.ecl	0	47844	6925	7	8	255	
ecldata4a.ecl	1	47868	20	13	12	255	00000000
ecldata4a.ecl	1	47880	30	0	32	255	0300000000008042000080c11e00000001000000e8030000
ecldata4a.ecl	1	47912	40	0	32	255	0300000000008042000080c11e00000000000000e8030000
ecldata4a.ecl	1	47944	50	0	32	255	0300000000008042000080c11e00000001000000e8030000
ecldata4a.ecl	1	47976	60	0	32	255	0300000000008042000080c11e00000000000000e8030000
ecldata4a.ecl	1	48008	70	0	32	255	0300000000008042000080c11e00000001000000e8030000
ecldata4a.ecl	1	48040	80	0	32	255	0300000000008042000080c11e00000001000000e8030000
ecldata4a.ecl	1	48072	90	0	32	255	0300000000008042000080c11e00000000000000e8030000
ecldata4a.ecl	1	48104	100	0	32	255	0300000000008042000080c11e00000001000000e8030000
ecldata4a.ecl	1	48136	110	0	32	255	0300000000008042000080c11e00000000000000e8030000
ecldata4a.ecl	1	48168	120	0	32	255	0300000000008042000080c11e00000001000000e8030000
ecldata4a.ecl	1	48200	130	0	32	255	0300000000008042000080c11e00000001000000e8030000
ecldata4a.ecl	1	48232	140	0	32	255	0300000000008042000080c11e00000000000000e8030000
ecldata4a.ecl	1	48264	150	0	32	255	0300000000008042000080c11e00000001000000e8030000
ecldata4a.ecl	1	48296	160	0	32	255	0300000000008042000080c11e00000000000000e8030000
ecldata4a.ecl	1	48328	170	0	32	255	0300000000008042000080c11e00000001000000e8030000
ecldata4a.ecl	1	48360	190	13	12	255	00000000
ecldata4a.ecl	1	48372	200	1	32	255	030000000000a043000080c11e00000001000000e8030000
ecldata4a.ecl	1	48404	210	1	32	255	030000000000a043000080c11e00000000000000e8030000
ecldata4a.ecl	1	48436	220	1	32	255	030000000000a043000080c11e00000001000000e8030000
ecldata4a.ecl	1	48468	230	1	32	255	030000000000a043000080c11e00000000000000e8030000
ecldata4a.ecl	1	48500	240	1	32	255	030000000000a043000080c11e00000001000000e8030000
ecldata4a.ecl	1	48532	250	1	32	255	030000000000a043000080c11e00000001000000e8030000
ecldata4a.ecl	1	48564	260	1	32	255	030000000000a043000080c11e00000000000000e8030000
ecldata4a.ecl	1	48596	270	1	32	255	030000000000a043000080c11e00000001000000e8030000
ecldata4a.ecl	1	48628	280	1	32	255	030000000000a043000080c11e00000000000000e8030000
ecldata4a.ecl	1	48660	290	1	32	255	030000000000a043000080c11e00000001000000e8030000
ecldata4a.ecl	1	48692	300	1	32	255	030000000000a043000080c11e00000001000000e8030000
ecldata4a.ecl	1	48724	310	1	32	255	030000000000a043000080c11e00000000000000e8030000
ecldata4a.ecl	1	48756	320	1	32	255	030000000000a043000080c11e00000001000000e8030000
ecldata4a.ecl	1	48788	330	1	32	255	030000000000a043000080c11e00000000000000e8030000
ecldata4a.ecl	1	48820	340	1	32	255	030000000000a043000080c11e00000001000000e8030000
ecldata4a.ecl	1	48852	360	13	12	255	00000000
ecldata4a.ecl	1	48864	370	0	32	255	0300000000008042000080c11e00000001000000e8030000
ecldata4a.ecl	1	48896	380	0	32	255	0300000000008042000080c11e00000000000000e8030000
ecldata4a.ecl	1	48928	390	0	32	255	0300000000008042000080c11e00000001000000e8030000
ecldata4a.ecl	1	48960	400	0	32	255	0300000000008042000080c11e00000000000000e8030000
ecldata4a.ecl	1	48992	410	0	32	255	0300000000008042000080c11e00000001000000e8030000
ecldata4a.ecl	1	49024	420	0	32	255	0300000000008042000080c11e00000001000000e8030000
ecldata4a.ecl	1	49056	430	0	32	255	0300000000008042000080c11e00000000000000e8030000
ecldata4a.ecl	1	49088	440	0	32	255	0300000000008042000080c11e00000001000000e8030000
ecldata4a.ecl	1	49120	450	0	32	255	0300000000008042000080c11e00000000000000e8030000
ecldata4a.ecl	1	49152	460	0	32	255	0300000000008042000080c11e00000001000000e8030000
ecldata4a.ecl	1	49184	470	0	32	255	0300000000008042000080c11e00000001000000e8030000
ecldata4a.ecl	1	49216	480	0	32	255	0300000000008042000080c11e00000000000000e8030000
ecldata4a.ecl	1	49248	490	0	32	255	0300000000008042000080c11e00000001000000e8030000
ecldata4a.ecl	1	49280	500	0	32	255	0300000000008042000080c11e00000000000000e8030000
ecldata4a.ecl	1	49312	510	0	32	255	0300000000008042000080c11e00000001000000e8030000
ecldata4a.ecl	1	49344	530	13	12	255	00000000
ecldata4a.ecl	1	49356	540	1	32	255	030000000000a043000080c11e00000001000000e8030000
ecldata4a.ecl	1	49388	550	1	32	255	030000000000a043000080c11e00000000000000e8030000
ecldata4a.ecl	1	49420	560	1	32	255	030000000000a043000080c11e00000001000000e8030000
ecldata4a.ecl	1	49452	570	1	32	255	030000000000a043000080c11e00000000000000e8030000
ecldata4a.ecl	1	49484	580	1	32	255	030000000000a043000080c11e00000001000000e8030000
ecldata4a.ecl	1	49516	590	1	32	255	030000000000a043000080c11e00000001000000e8030000
ecldata4a.ecl	1	49548	600	1	32	255	030000000000a043000080c11e00000000000000e8030000
ecldata4a.ecl	1	49580	610	1	32	255	030000000000a043000080c11e00000001000000e8030000
ecldata4a.ecl	1	49612	620	1	32	255	030000000000a043000080c11e00000000000000e8030000
ecldata4a.ecl	1	49644	630	1	32	255	030000000000a043000080c11e00000001000000e8030000
ecldata4a.ecl	1	49676	640	1	32	255	030000000000a043000080c11e00000001000000e8030000
ecldata4a.ecl	1	49708	650	1	32	255	030000000000a043000080c11e00000000000000e8030000
ecldata4a.ecl	1	49740	660	1	32	255	030000000000a043000080c11e00000001000000e8030000
ecldata4a.ecl	1	49772	670	1	32	255	030000000000a043000080c11e00000000000000e8030000
ecldata4a.ecl	1	49804	680	1	32	255	030000000000a043000080c11e00000001000000e8030000
ecldata4asp.ecl	0	41752	1	0	32	255	000000000000f041000080c114000000feffffffe8030000
ecldata4asp.ecl	0	41784	30	0	32	255	320000000000f041000080c114000000feffffffe8030000
ecldata4asp.ecl	0	41816	30	10	12	255	00000000
ecldata4asp.ecl	0	41828	60	16	8	255	
ecldata4b.ecl	0	50488	1	0	32	255	0f0000000000f041000080c114000000feffffffe8030000
ecldata4b.ecl	0	50520	400	0	32	255	00000000000080c1000080421e00000001000000e8030000
ecldata4b.ecl	0	50552	410	0	32	255	00000000000080c1000080421e00000000000000e8030000
ecldata4b.ecl	0	50584	420	0	32	255	00000000000080c1000080421e00000001000000e8030000
ecldata4b.ecl	0	50616	430	0	32	255	00000000000080c1000080421e00000000000000e8030000
ecldata4b.ecl	0	50648	440	0	32	255	00000000000080c1000080421e00000001000000e8030000
ecldata4b.ecl	0	50680	540	1	32	255	000000000000c843000080421e00000001000000e8030000
ecldata4b.ecl	0	50712	550	1	32	255	000000000000c843000080421e00000000000000e8030000
ecldata4b.ecl	0	50744	560	1	32	255	000000000000c843000080421e00000001000000e8030000
ecldata4b.ecl	0	50776	570	1	32	255	000000000000c843000080421e00000000000000e8030000
ecldata4b.ecl	0	50808	580	1	32	255	000000000000c843000080421e00000001000000e8030000
ecldata4b.ecl	0	50840	580	0	32	255	0500000000004043000080c1f401000001000000e8030000
ecldata4b.ecl	0	50872	660	0	32	255	00000000000080c1000080421e00000001000000e8030000
ecldata4b.ecl	0	50904	670	0	32	255	00000000000080c1000090421e00000000000000e8030000
ecldata4b.ecl	0	50936	680	0	32	255	00000000000080c10000a0421e00000001000000e8030000
ecldata4b.ecl	0	50968	690	0	32	255	00000000000080c10000b0421e00000000000000e8030000
ecldata4b.ecl	0	51000	700	0	32	255	00000000000080c10000c0421e00000001000000e8030000
ecldata4b.ecl	0	51032	700	0	32	255	0500000000000043000080c1f401000001000000e8030000
ecldata4b.ecl	0	51064	760	1	32	255	000000000000c8430000c0421e00000001000000e8030000
ecldata4b.ecl	0	51096	770	1	32	255	000000000000c8430000b0421e00000000000000e8030000
ecldata4b.ecl	0	51128	780	1	32	255	000000000000c8430000a0421e00000001000000e8030000
ecldata4b.ecl	0	51160	790	1	32	255	000000000000c843000090421e00000000000000e8030000
ecldata4b.ecl	0	51192	800	1	32	255	000000000000c843000080421e00000001000000e8030000
ecldata4b.ecl	0	51224	920	0	32	255	00000000000080c1000080421e00000001000000e8030000
ecldata4b.ecl	0	51256	920	0	32	255	0500000000008043000080c1f401000001000000e8030000
ecldata4b.ecl	0	51288	930	0	32	255	00000000000080c1000080421e00000000000000e8030000
ecldata4b.ecl	0	51320	940	0	32	255	00000000000080c1000080421e00000001000000e8030000
ecldata4b.ecl	0	51352	950	0	32	255	00000000000080c1000080421e00000000000000e8030000
ecldata4b.ecl	0	51384	960	0	32	255	00000000000080c1000080421e00000001000000e8030000
ecldata4b.ecl	0	51416	980	1	32	255	000000000000c843000080421e00000001000000e8030000
ecldata4b.ecl	0	51448	990	1	32	255	000000000000c843000080421e00000000000000e8030000
ecldata4b.ecl	0	51480	1000	1	32	255	000000000000c843000080421e00000001000000e8030000
ecldata4b.ecl	0	51512	1010	1	32	255	000000000000c843000080421e00000000000000e8030000
ecldata4b.ecl	0	51544	1020	1	32	255	000000000000c843000080421e00000001000000e8030000
ecldata4b.ecl	0	51576	1030	0	32	255	00000000000080c10000e0421e00000001000000e8030000
ecldata4b.ecl	0	51608	1040	0	32	255	00000000000080c10000e0421e00000000000000e8030000
ecldata4b.ecl	0	51640	1050	0	32	255	00000000000080c10000e0421e00000001000000e8030000
ecldata4b.ecl	0	51672	1060	0	32	255	00000000000080c10000e0421e00000000000000e8030000
ecldata4b.ecl	0	51704	1070	0	32	255	00000000000080c10000e0421e00000001000000e8030000
ecldata4b.ecl	0	51736	1080	1	32	255	000000000000c8430000e0421e00000001000000e8030000
ecldata4b.ecl	0	51768	1090	1	32	255	000000000000c8430000e0421e00000000000000e8030000
ecldata4b.ecl	0	51800	1100	1	32	255	000000000000c8430000e0421e00000001000000e8030000
ecldata4b.ecl	0	51832	1110	1	32	255	000000000000c8430000e0421e00000000000000e8030000
ecldata4b.ecl	0	51864	1120	1	32	255	000000000000c8430000e0421e00000001000000e8030000
ecldata4b.ecl	0	51896	1240	1	32	255	070000000000a043000080c1a4060000feffffffe8030000
ecldata4b.ecl	0	51928	1500	1	32	255	070000000000a043000080c114050000feffffffe8030000
ecldata4b.ecl	0	51960	1600	14	12	255	00000000
ecldata4b.ecl	0	51972	1900	0	32	255	0700000000008042000080c114050000feffffffe8030000
ecldata4b.ecl	0	52004	2000	14	12	255	00000000
ecldata4b.ecl	0	52016	2300	0	32	255	0700000000008042000080c114050000feffffffe8030000
ecldata4b.ecl	0	52048	2300	1	32	255	070000000000a043000080c114050000feffffffe8030000
ecldata4b.ecl	0	52080	2700	0	32	255	0c000000000080c1000080421e00000001000000e8030000
ecldata4b.ecl	0	52112	2710	0	32	255	0c000000000080c1000080421e00000000000000e8030000
ecldata4b.ecl	0	52144	2720	0	32	255	0c000000000080c1000080421e00000001000000e8030000
ecldata4b.ecl	0	52176	2730	0	32	255	0c000000000080c1000080421e00000000000000e8030000
ecldata4b.ecl	0	52208	2740	0	32	255	0c000000000080c1000080421e00000001000000e8030000
ecldata4b.ecl	0	52240	2740	0	32	255	0500000000000043000080c1f401000001000000e8030000
ecldata4b.ecl	0	52272	2800	1	32	255	0c0000000000c843000080421e00000001000000e8030000
ecldata4b.ecl	0	52304	2810	1	32	255	0c0000000000c843000080421e00000000000000e8030000
ecldata4b.ecl	0	52336	2820	1	32	255	0c0000000000c843000080421e00000001000000e8030000
ecldata4b.ecl	0	52368	2830	1	32	255	0c0000000000c843000080421e00000000000000e8030000
ecldata4b.ecl	0	52400	2840	1	32	255	0c0000000000c843000080421e00000001000000e8030000
ecldata4b.ecl	0	52432	2840	0	32	255	0500000000004043000080c1f401000001000000e8030000
ecldata4b.ecl	0	52464	2900	0	32	255	0c000000000080c1000080421e00000001000000e8030000
ecldata4b.ecl	0	52496	2910	0	32	255	0c000000000080c1000090421e00000000000000e8030000
ecldata4b.ecl	0	52528	2920	0	32	255	0c000000000080c10000a0421e00000001000000e8030000
ecldata4b.ecl	0	52560	2930	0	32	255	0c000000000080c10000b0421e00000000000000e8030000
ecldata4b.ecl	0	52592	2940	0	32	255	0c000000000080c10000c0421e00000001000000e8030000
ecldata4b.ecl	0	52624	2940	0	32	255	0500000000000043000080c1f401000001000000e8030000
ecldata4b.ecl	0	52656	3000	1	32	255	0c0000000000c8430000c0421e00000001000000e8030000
ecldata4b.ecl	0	52688	3010	1	32	255	0c0000000000c8430000b0421e00000000000000e8030000
ecldata4b.ecl	0	52720	3020	1	32	255	0c0000000000c8430000a0421e00000001000000e8030000
ecldata4b.ecl	0	52752	3030	1	32	255	0c0000000000c843000090421e00000000000000e8030000
ecldata4b.ecl	0	52784	3040	1	32	255	0c0000000000c843000080421e00000001000000e8030000
ecldata4b.ecl	0	52816	3240	0	32	255	0c000000000080c1000080421e00000001000000e8030000
ecldata4b.ecl	0	52848	3250	0	32	255	0c000000000080c1000080421e00000000000000e8030000
ecldata4b.ecl	0	52880	3260	0	32	255	0c000000000080c1000080421e00000001000000e8030000
ecldata4b.ecl	0	52912	3270	0	32	255	0c000000000080c1000080421e00000000000000e8030000
ecldata4b.ecl	0	52944	3280	0	32	255	0c000000000080c1000080421e00000001000000e8030000
ecldata4b.ecl	0	52976	3280	0	32	255	0500000000000043000080c1f401000001000000e8030000
ecldata4b.ecl	0	53008	3330	1	32	255	0c0000000000c843000080421e00000001000000e8030000
ecldata4b.ecl	0	53040	3340	1	32	255	0c0000000000c843000080421e00000000000000e8030000
ecldata4b.ecl	0	53072	3350	1	32	255	0c0000000000c843000080421e00000001000000e8030000
ecldata4b.ecl	0	53104	3360	1	32	255	0c0000000000c843000080421e00000000000000e8030000
ecldata4b.ecl	0	53136	3370	1	32	255	0c0000000000c843000080421e00000001000000e8030000
ecldata4b.ecl	0	53168	3420	0	32	255	0c000000000080c1000080421e00000001000000e8030000
ecldata4b.ecl	0	53200	3430	0	32	255	0c000000000080c1000080421e00000000000000e8030000
ecldata4b.ecl	0	53232	3440	0	32	255	0c000000000080c1000080421e00000001000000e8030000
ecldata4b.ecl	0	53264	3450	0	32	255	0c000000000080c1000080421e00000000000000e8030000
ecldata4b.ecl	0	53296	3460	0	32	255	0c000000000080c1000080421e00000001000000e8030000
ecldata4b.ecl	0	53328	3560	0	32	255	0700000000008042000080c114050000feffffffe8030000
ecldata4b.ecl	0	53360	3660	1	32	255	070000000000a043000080c114050000feffffffe8030000
ecldata4b.ecl	0	53392	3810	0	32	255	0700000000008042000080c114050000feffffffe8030000
ecldata4b.ecl	0	53424	3860	1	32	255	070000000000a043000080c114050000feffffffe8030000
ecldata4b.ecl	0	53456	4060	0	32	255	0700000000008042000080c11405000003000000e8030000
ecldata4b.ecl	0	53488	4060	1	32	255	070000000000a043000080c11405000003000000e8030000
ecldata4b.ecl	0	53520	4260	0	32	255	0c000000000080c1000080421e00000001000000e8030000
ecldata4b.ecl	0	53552	4270	1	32	255	0c0000000000c8430000e0421e00000000000000e8030000
ecldata4b.ecl	0	53584	4280	1	32	255	0c0000000000c8430000e0421e00000001000000e8030000
ecldata4b.ecl	0	53616	4290	1	32	255	0c0000000000c8430000e0421e00000000000000e8030000
ecldata4b.ecl	0	53648	4300	1	32	255	0c0000000000c8430000e0421e00000001000000e8030000
ecldata4b.ecl	0	53680	4310	0	32	255	0c000000000080c1000080421e00000001000000e8030000
ecldata4b.ecl	0	53712	4320	0	32	255	0c000000000080c1000080421e00000000000000e8030000
ecldata4b.ecl	0	53744	4330	0	32	255	0c000000000080c1000080421e00000001000000e8030000
ecldata4b.ecl	0	53776	4340	0	32	255	0c000000000080c1000080421e00000000000000e8030000
ecldata4b.ecl	0	53808	4350	0	32	255	0c000000000080c1000080421e00000001000000e8030000
ecldata4b.ecl	0	53840	4360	1	32	255	0c0000000000c843000080421e00000001000000e8030000
ecldata4b.ecl	0	53872	4370	1	32	255	0c0000000000c843000080421e00000000000000e8030000
ecldata4b.ecl	0	53904	4380	1	32	255	0c0000000000c843000080421e00000001000000e8030000
ecldata4b.ecl	0	53936	4390	1	32	255	0c0000000000c843000080421e00000000000000e8030000
ecldata4b.ecl	0	53968	4400	1	32	255	0c0000000000c843000080421e00000001000000e8030000
ecldata4b.ecl	0	54000	4410	0	32	255	0c000000000080c1000080421e00000001000000e8030000
ecldata4b.ecl	0	54032	4420	0	32	255	0c000000000080c1000090421e00000000000000e8030000
ecldata4b.ecl	0	54064	4430	0	32	255	0c000000000080c10000a0421e00000001000000e8030000
ecldata4b.ecl	0	54096	4440	0	32	255	0c000000000080c10000b0421e00000000000000e8030000
ecldata4b.ecl	0	54128	4450	0	32	255	0c000000000080c10000c0421e00000001000000e8030000
ecldata4b.ecl	0	54160	4460	1	32	255	0c0000000000c8430000c0421e00000001000000e8030000
ecldata4b.ecl	0	54192	4470	1	32	255	0c0000000000c8430000b0421e00000000000000e8030000
ecldata4b.ecl	0	54224	4480	1	32	255	0c0000000000c8430000a0421e00000001000000e8030000
ecldata4b.ecl	0	54256	4490	1	32	255	0c0000000000c843000090421e00000000000000e8030000
ecldata4b.ecl	0	54288	4500	1	32	255	0c0000000000c843000080421e00000001000000e8030000
ecldata4b.ecl	0	54320	4510	0	32	255	0c000000000080c1000080421e00000001000000e8030000
ecldata4b.ecl	0	54352	4520	0	32	255	0c000000000080c1000080421e00000000000000e8030000
ecldata4b.ecl	0	54384	4530	0	32	255	0c000000000080c1000080421e00000001000000e8030000
ecldata4b.ecl	0	54416	4540	0	32	255	0c000000000080c1000080421e00000000000000e8030000
ecldata4b.ecl	0	54448	4550	0	32	255	0c000000000080c1000080421e00000001000000e8030000
ecldata4b.ecl	0	54480	4552	0	32	255	0e000000000080c1000080421e00000001000000e8030000
ecldata4b.ecl	0	54512	4962	6	12	255	00000000
ecldata4b.ecl	0	54524	4962	7	8	255	
ecldata4b.ecl	0	54532	4962	0	32	255	1000000000004043000080c160ea0000feffffffa0860100
ecldata4b.ecl	0	54564	4963	7	8	255	
ecldata4b.ecl	0	54572	4963	8	16	255	0000000001000000
ecldata4b.ecl	0	54588	4963	10	12	255	00000000
ecldata4b.ecl	0	54600	4963	6	12	255	02000000
ecldata4b.ecl	0	54612	4963	7	8	255	
ecldata4b.ecl	0	54620	4963	0	32	255	00000000000080c1000080421e00000001000000e8030000
ecldata4b.ecl	0	54652	4973	0	32	255	00000000000080c1000080421e00000000000000e8030000
ecldata4b.ecl	0	54684	4983	0	32	255	00000000000080c1000080421e00000001000000e8030000
ecldata4b.ecl	0	54716	4993	0	32	255	00000000000080c1000080421e00000000000000e8030000
ecldata4b.ecl	0	54748	5003	0	32	255	00000000000080c1000080421e00000001000000e8030000
ecldata4b.ecl	0	54780	5063	1	32	255	000000000000c843000080421e00000001000000e8030000
ecldata4b.ecl	0	54812	5073	1	32	255	000000000000c843000080421e00000000000000e8030000
ecldata4b.ecl	0	54844	5083	1	32	255	000000000000c843000080421e00000001000000e8030000
ecldata4b.ecl	0	54876	5093	1	32	255	000000000000c843000080421e00000000000000e8030000
ecldata4b.ecl	0	54908	5103	1	32	255	000000000000c843000080421e00000001000000e8030000
ecldata4b.ecl	0	54940	5103	0	32	255	0500000000004043000080c1f401000001000000e8030000
ecldata4b.ecl	0	54972	5163	0	32	255	00000000000080c1000080421e00000001000000e8030000
ecldata4b.ecl	0	55004	5173	0	32	255	00000000000080c1000090421e00000000000000e8030000
ecldata4b.ecl	0	55036	5183	0	32	255	00000000000080c10000a0421e00000001000000e8030000
ecldata4b.ecl	0	55068	5193	0	32	255	00000000000080c10000b0421e00000000000000e8030000
ecldata4b.ecl	0	55100	5203	0	32	255	00000000000080c10000c0421e00000001000000e8030000
ecldata4b.ecl	0	55132	5203	0	32	255	0500000000000043000080c1f401000001000000e8030000
ecldata4b.ecl	0	55164	5263	1	32	255	000000000000c8430000c0421e00000001000000e8030000
ecldata4b.ecl	0	55196	5273	1	32	255	000000000000c8430000b0421e00000000000000e8030000
ecldata4b.ecl	0	55228	5283	1	32	255	000000000000c8430000a0421e00000001000000e8030000
ecldata4b.ecl	0	55260	5293	1	32	255	000000000000c843000090421e00000000000000e8030000
ecldata4b.ecl	0	55292	5303	1	32	255	000000000000c843000080421e00000001000000e8030000
ecldata4b.ecl	0	55324	5423	14	12	255	00000000
ecldata4b.ecl	0	55336	5423	1	32	255	070000000000a043000080c1a4060000feffffffe8030000
ecldata4b.ecl	0	55368	5663	1	32	255	0700000000009043000080c1a4060000feffffffe8030000
ecldata4b.ecl	0	55400	5783	0	32	255	0700000000008042000080c1a4060000feffffffe8030000
ecldata4b.ecl	0	55432	5783	14	12	255	00000000
ecldata4b.ecl	0	55444	5903	0	32	255	070000000000c042000080c1a4060000feffffffe8030000
ecldata4b.ecl	0	55476	6103	0	32	255	0c000000000080c1000080421e00000001000000e8030000
ecldata4b.ecl	0	55508	6113	1	32	255	0c0000000000c8430000e0421e00000000000000e8030000
ecldata4b.ecl	0	55540	6123	1	32	255	0c0000000000c8430000e0421e00000001000000e8030000
ecldata4b.ecl	0	55572	6133	1	32	255	0c0000000000c8430000e0421e00000000000000e8030000
ecldata4b.ecl	0	55604	6143	1	32	255	0c0000000000c8430000e0421e00000001000000e8030000
ecldata4b.ecl	0	55636	6153	0	32	255	0c000000000080c1000080421e00000001000000e8030000
ecldata4b.ecl	0	55668	6163	0	32	255	0c000000000080c1000080421e00000000000000e8030000
ecldata4b.ecl	0	55700	6173	0	32	255	0c000000000080c1000080421e00000001000000e8030000
ecldata4b.ecl	0	55732	6183	0	32	255	0c000000000080c1000080421e00000000000000e8030000
ecldata4b.ecl	0	55764	6193	0	32	255	0c000000000080c1000080421e00000001000000e8030000
ecldata4b.ecl	0	55796	6313	0	32	255	0700000000008042000080c11405000003000000e8030000
ecldata4b.ecl	0	55828	6313	1	32	255	070000000000a043000080c11405000003000000e8030000
ecldata4b.ecl	0	55860	6553	0	32	255	00000000000080c1000080421e00000001000000e8030000
ecldata4b.ecl	0	55892	6563	0	32	255	00000000000080c1000080421e00000000000000e8030000
ecldata4b.ecl	0	55924	6573	0	32	255	00000000000080c1000080421e00000001000000e8030000
ecldata4b.ecl	0	55956	6583	0	32	255	00000000000080c1000080421e00000000000000e8030000
ecldata4b.ecl	0	55988	6593	0	32	255	00000000000080c1000080421e00000001000000e8030000
ecldata4b.ecl	0	56020	6653	1	32	255	000000000000c843000080421e00000001000000e8030000
ecldata4b.ecl	0	56052	6663	1	32	255	000000000000c843000080421e00000000000000e8030000
ecldata4b.ecl	0	56084	6673	1	32	255	000000000000c843000080421e00000001000000e8030000
ecldata4b.ecl	0	56116	6683	1	32	255	000000000000c843000080421e00000000000000e8030000
ecldata4b.ecl	0	56148	6693	1	32	255	000000000000c843000080421e00000001000000e8030000
ecldata4b.ecl	0	56180	6753	0	32	255	00000000000080c1000080421e00000001000000e8030000
ecldata4b.ecl	0	56212	6763	0	32	255	00000000000080c1000080421e00000000000000e8030000
ecldata4b.ecl	0	56244	6773	0	32	255	00000000000080c1000080421e00000001000000e8030000
ecldata4b.ecl	0	56276	6783	0	32	255	00000000000080c1000080421e00000000000000e8030000
ecldata4b.ecl	0	56308	6793	0	32	255	00000000000080c1000080421e00000001000000e8030000
ecldata4b.ecl	0	56340	6853	1	32	255	000000000000c843000080421e00000001000000e8030000
ecldata4b.ecl	0	56372	6863	1	32	255	000000000000c843000080421e00000000000000e8030000
ecldata4b.ecl	0	56404	6873	1	32	255	000000000000c843000080421e00000001000000e8030000
ecldata4b.ecl	0	56436	6883	1	32	255	000000000000c843000080421e00000000000000e8030000
ecldata4b.ecl	0	56468	6893	1	32	255	000000000000c843000080421e00000001000000e8030000
ecldata4b.ecl	0	56500	6923	0	32	255	0e000000000080c1000080421e00000001000000e8030000
ecldata4b.ecl	0	56532	6923	0	32	255	1b00000000004043000080c160ea0000feffffffa0860100
ecldata4b.ecl	0	56564	6923	10	12	255	00000000
ecldata4b.ecl	0	56576	6923	6	12	255	03000000
ecldata4b.ecl	0	56588	6924	7	8	255	
ecldata4b.ecl	0	56596	6924	8	16	255	0000000001000000
ecldata4b.ecl	0	56612	6924	10	12	255	00000000
ecldata4b.ecl	0	56624	6924	0	32	254	23000000000040430000204360ea0000feffffffa0860100
ecldata4b.ecl	0	56656	6925	10	12	254	00000000
ecldata4b.ecl	0	56668	6925	6	12	255	01000000
ecldata4b.ecl	0	56680	6925	7	8	255	
ecldata4b.ecl	1	56704	20	13	12	255	00000000
ecldata4b.ecl	1	56716	30	0	32	255	0300000000008042000080c11e00000001000000e8030000
ecldata4b.ecl	1	56748	40	0	32	255	0300000000008042000080c11e00000000000000e8030000
ecldata4b.ecl	1	56780	50	0	32	255	0300000000008042000080c11e00000001000000e8030000
ecldata4b.ecl	1	56812	60	0	32	255	0300000000008042000080c11e00000000000000e8030000
ecldata4b.ecl	1	56844	70	0	32	255	0300000000008042000080c11e00000001000000e8030000
ecldata4b.ecl	1	56876	80	0	32	255	0300000000008042000080c11e00000001000000e8030000
ecldata4b.ecl	1	56908	90	0	32	255	0300000000008042000080c11e00000000000000e8030000
ecldata4b.ecl	1	56940	100	0	32	255	0300000000008042000080c11e00000001000000e8030000
ecldata4b.ecl	1	56972	110	0	32	255	0300000000008042000080c11e00000000000000e8030000
ecldata4b.ecl	1	57004	120	0	32	255	0300000000008042000080c11e00000001000000e8030000
ecldata4b.ecl	1	57036	130	0	32	255	0300000000008042000080c11e00000001000000e8030000
ecldata4b.ecl	1	57068	140	0	32	255	0300000000008042000080c11e00000000000000e8030000
ecldata4b.ecl	1	57100	150	0	32	255	0300000000008042000080c11e00000001000000e8030000
ecldata4b.ecl	1	57132	160	0	32	255	0300000000008042000080c11e00000000000000e8030000
ecldata4b.ecl	1	57164	170	0	32	255	0300000000008042000080c11e00000001000000e8030000
ecldata4b.ecl	1	57196	190	13	12	255	00000000
ecldata4b.ecl	1	57208	200	1	32	255	030000000000a043000080c11e00000001000000e8030000
ecldata4b.ecl	1	57240	210	1	32	255	030000000000a043000080c11e00000000000000e8030000
ecldata4b.ecl	1	57272	220	1	32	255	030000000000a043000080c11e00000001000000e8030000
ecldata4b.ecl	1	57304	230	1	32	255	030000000000a043000080c11e00000000000000e8030000
ecldata4b.ecl	1	57336	240	1	32	255	030000000000a043000080c11e00000001000000e8030000
ecldata4b.ecl	1	57368	250	1	32	255	030000000000a043000080c11e00000001000000e8030000
ecldata4b.ecl	1	57400	260	1	32	255	030000000000a043000080c11e00000000000000e8030000
ecldata4b.ecl	1	57432	270	1	32	255	030000000000a043000080c11e00000001000000e8030000
ecldata4b.ecl	1	57464	280	1	32	255	030000000000a043000080c11e00000000000000e8030000
ecldata4b.ecl	1	57496	290	1	32	255	030000000000a043000080c11e00000001000000e8030000
ecldata4b.ecl	1	57528	300	1	32	255	030000000000a043000080c11e00000001000000e8030000
ecldata4b.ecl	1	57560	310	1	32	255	030000000000a043000080c11e00000000000000e8030000
ecldata4b.ecl	1	57592	320	1	32	255	030000000000a043000080c11e00000001000000e8030000
ecldata4b.ecl	1	57624	330	1	32	255	030000000000a043000080c11e00000000000000e8030000
ecldata4b.ecl	1	57656	340	1	32	255	030000000000a043000080c11e00000001000000e8030000
ecldata4b.ecl	1	57688	360	13	12	255	00000000
ecldata4b.ecl	1	57700	370	0	32	255	0300000000008042000080c11e00000001000000e8030000
ecldata4b.ecl	1	57732	380	0	32	255	0300000000008042000080c11e00000000000000e8030000
ecldata4b.ecl	1	57764	390	0	32	255	0300000000008042000080c11e00000001000000e8030000
ecldata4b.ecl	1	57796	400	0	32	255	0300000000008042000080c11e00000000000000e8030000
ecldata4b.ecl	1	57828	410	0	32	255	0300000000008042000080c11e00000001000000e8030000
ecldata4b.ecl	1	57860	420	0	32	255	0300000000008042000080c11e00000001000000e8030000
ecldata4b.ecl	1	57892	430	0	32	255	0300000000008042000080c11e00000000000000e8030000
ecldata4b.ecl	1	57924	440	0	32	255	0300000000008042000080c11e00000001000000e8030000
ecldata4b.ecl	1	57956	450	0	32	255	0300000000008042000080c11e00000000000000e8030000
ecldata4b.ecl	1	57988	460	0	32	255	0300000000008042000080c11e00000001000000e8030000
ecldata4b.ecl	1	58020	470	0	32	255	0300000000008042000080c11e00000001000000e8030000
ecldata4b.ecl	1	58052	480	0	32	255	0300000000008042000080c11e00000000000000e8030000
ecldata4b.ecl	1	58084	490	0	32	255	0300000000008042000080c11e00000001000000e8030000
ecldata4b.ecl	1	58116	500	0	32	255	0300000000008042000080c11e00000000000000e8030000
ecldata4b.ecl	1	58148	510	0	32	255	0300000000008042000080c11e00000001000000e8030000
ecldata4b.ecl	1	58180	530	13	12	255	00000000
ecldata4b.ecl	1	58192	540	1	32	255	030000000000a043000080c11e00000001000000e8030000
ecldata4b.ecl	1	58224	550	1	32	255	030000000000a043000080c11e00000000000000e8030000
ecldata4b.ecl	1	58256	560	1	32	255	030000000000a043000080c11e00000001000000e8030000
ecldata4b.ecl	1	58288	570	1	32	255	030000000000a043000080c11e00000000000000e8030000
ecldata4b.ecl	1	58320	580	1	32	255	030000000000a043000080c11e00000001000000e8030000
ecldata4b.ecl	1	58352	590	1	32	255	030000000000a043000080c11e00000001000000e8030000
ecldata4b.ecl	1	58384	600	1	32	255	030000000000a043000080c11e00000000000000e8030000
ecldata4b.ecl	1	58416	610	1	32	255	030000000000a043000080c11e00000001000000e8030000
ecldata4b.ecl	1	58448	620	1	32	255	030000000000a043000080c11e00000000000000e8030000
ecldata4b.ecl	1	58480	630	1	32	255	030000000000a043000080c11e00000001000000e8030000
ecldata4b.ecl	1	58512	640	1	32	255	030000000000a043000080c11e00000001000000e8030000
ecldata4b.ecl	1	58544	650	1	32	255	030000000000a043000080c11e00000000000000e8030000
ecldata4b.ecl	1	58576	660	1	32	255	030000000000a043000080c11e00000001000000e8030000
ecldata4b.ecl	1	58608	670	1	32	255	030000000000a043000080c11e00000000000000e8030000
ecldata4b.ecl	1	58640	680	1	32	255	030000000000a043000080c11e00000001000000e8030000
ecldata4bsp.ecl	0	50124	1	0	32	255	000000000000f041000080c114000000feffffffe8030000
ecldata4bsp.ecl	0	50156	30	0	32	255	460000000000f041000080c114000000feffffffe8030000
ecldata4bsp.ecl	0	50188	30	10	12	255	00000000
ecldata4bsp.ecl	0	50200	60	16	8	255	
ecldata5.ecl	0	42612	260	0	32	255	0200000000004043000080c1bc020000feffffffe8030000
ecldata5.ecl	0	42644	1100	0	32	255	00000000000080c1000000433200000001000000e8030000
ecldata5.ecl	0	42676	1110	0	32	255	00000000000080c1000010433200000000000000e8030000
ecldata5.ecl	0	42708	1120	0	32	255	00000000000080c1000020433200000001000000e8030000
ecldata5.ecl	0	42740	1130	0	32	255	00000000000080c1000030433200000000000000e8030000
ecldata5.ecl	0	42772	1140	0	32	255	00000000000080c1000040433200000001000000e8030000
ecldata5.ecl	0	42804	1150	0	32	255	00000000000080c1000050433200000000000000e8030000
ecldata5.ecl	0	42836	1160	0	32	255	00000000000080c1000060433200000001000000e8030000
ecldata5.ecl	0	42868	1170	0	32	255	00000000000080c1000070433200000000000000e8030000
ecldata5.ecl	0	42900	1180	0	32	255	00000000000080c1000080433200000001000000e8030000
ecldata5.ecl	0	42932	1190	0	32	255	00000000000080c1000088433200000000000000e8030000
ecldata5.ecl	0	42964	1200	0	32	255	00000000000080c1000090433200000001000000e8030000
ecldata5.ecl	0	42996	1300	1	32	255	000000000000c843000000433200000001000000e8030000
ecldata5.ecl	0	43028	1310	1	32	255	000000000000c843000010433200000000000000e8030000
ecldata5.ecl	0	43060	1320	1	32	255	000000000000c843000020433200000001000000e8030000
ecldata5.ecl	0	43092	1330	1	32	255	000000000000c843000030433200000000000000e8030000
ecldata5.ecl	0	43124	1340	1	32	255	000000000000c843000040433200000001000000e8030000
ecldata5.ecl	0	43156	1350	1	32	255	000000000000c843000050433200000000000000e8030000
ecldata5.ecl	0	43188	1360	1	32	255	000000000000c843000060433200000001000000e8030000
ecldata5.ecl	0	43220	1370	1	32	255	000000000000c843000070433200000000000000e8030000
ecldata5.ecl	0	43252	1380	1	32	255	000000000000c843000080433200000001000000e8030000
ecldata5.ecl	0	43284	1390	1	32	255	000000000000c843000088433200000000000000e8030000
ecldata5.ecl	0	43316	1400	1	32	255	000000000000c843000090433200000001000000e8030000
ecldata5.ecl	0	43348	1520	2	36	255	1d000000000040420000204300000042c800000001000000e8030000
ecldata5.ecl	0	43384	1530	2	36	255	1d000000000040420000204300008042c800000001000000e8030000
ecldata5.ecl	0	43420	1540	2	36	255	1d00000000004042000020430000c042c800000000000000e8030000
ecldata5.ecl	0	43456	1550	2	36	255	1d000000000040420000204300000043c800000000000000e8030000
ecldata5.ecl	0	43492	1560	2	36	255	1d000000000040420000204300002043c800000001000000e8030000
ecldata5.ecl	0	43528	1570	2	36	255	1d000000000040420000204300004043c800000001000000e8030000
ecldata5.ecl	0	43564	1580	2	36	255	1d000000000040420000204300006043c800000000000000e8030000
ecldata5.ecl	0	43600	1590	2	36	255	1d000000000040420000204300008043c800000000000000e8030000
ecldata5.ecl	0	43636	1590	0	32	255	2200000000004043000080c1f401000001000000e8030000
ecldata5.ecl	0	43668	1790	4	36	255	1d0000000000a8430000204300000042c800000001000000e8030000
ecldata5.ecl	0	43704	1800	4	36	255	1d0000000000a8430000204300008042c800000001000000e8030000
ecldata5.ecl	0	43740	1810	4	36	255	1d0000000000a843000020430000c042c800000000000000e8030000
ecldata5.ecl	0	43776	1820	4	36	255	1d0000000000a8430000204300000043c800000000000000e8030000
ecldata5.ecl	0	43812	1830	4	36	255	1d0000000000a8430000204300002043c800000001000000e8030000
ecldata5.ecl	0	43848	1840	4	36	255	1d0000000000a8430000204300004043c800000001000000e8030000
ecldata5.ecl	0	43884	1850	4	36	255	1d0000000000a8430000204300006043c800000000000000e8030000
ecldata5.ecl	0	43920	1860	4	36	255	1d0000000000a8430000204300008043c800000000000000e8030000
ecldata5.ecl	0	43956	1860	0	32	255	2400000000004043000080c1f401000001000000e8030000
ecldata5.ecl	0	43988	2040	2	36	255	1d000000000040420000204300000042c800000001000000e8030000
ecldata5.ecl	0	44024	2050	2	36	255	1d000000000040420000204300008042c800000001000000e8030000
ecldata5.ecl	0	44060	2060	2	36	255	1d00000000004042000020430000c042c800000000000000e8030000
ecldata5.ecl	0	44096	2070	2	36	255	1d000000000040420000204300000043c800000000000000e8030000
ecldata5.ecl	0	44132	2080	2	36	255	1d000000000040420000204300002043c800000001000000e8030000
ecldata5.ecl	0	44168	2080	0	32	255	2200000000004043000080c1f401000001000000e8030000
ecldata5.ecl	0	44200	2270	4	36	255	1d0000000000a8430000204300000042c800000001000000e8030000
ecldata5.ecl	0	44236	2280	4	36	255	1d0000000000a8430000204300008042c800000001000000e8030000
ecldata5.ecl	0	44272	2290	4	36	255	1d0000000000a843000020430000c042c800000000000000e8030000
ecldata5.ecl	0	44308	2300	4	36	255	1d0000000000a8430000204300000043c800000000000000e8030000
ecldata5.ecl	0	44344	2310	4	36	255	1d0000000000a8430000204300002043c800000001000000e8030000
ecldata5.ecl	0	44380	2310	0	32	255	2400000000004043000080c1f401000001000000e8030000
ecldata5.ecl	0	44412	2500	2	36	255	1d000000000040420000404300000042c800000001000000e8030000
ecldata5.ecl	0	44448	2510	4	36	255	1d0000000000a8430000404300000042c800000001000000e8030000
ecldata5.ecl	0	44484	2520	2	36	255	1d00000000004042000040430000c042c800000000000000e8030000
ecldata5.ecl	0	44520	2530	4	36	255	1d0000000000a843000040430000c042c800000000000000e8030000
ecldata5.ecl	0	44556	2540	2	36	255	1d000000000040420000404300000043c800000001000000e8030000
ecldata5.ecl	0	44592	2550	4	36	255	1d0000000000a8430000404300000043c800000001000000e8030000
ecldata5.ecl	0	44628	2560	2	36	255	1d000000000040420000404300002043c800000000000000e8030000
ecldata5.ecl	0	44664	2570	4	36	255	1d0000000000a8430000404300002043c800000000000000e8030000
ecldata5.ecl	0	44700	2580	4	36	255	1d0000000000a8430000404300004043c800000001000000e8030000
ecldata5.ecl	0	44736	2590	2	36	255	1d000000000040420000404300004043c800000000000000e8030000
ecldata5.ecl	0	44772	2600	4	36	255	1d0000000000a8430000404300006043c800000000000000e8030000
ecldata5.ecl	0	44808	2610	2	36	255	1d000000000040420000404300006043c800000001000000e8030000
ecldata5.ecl	0	44844	2620	4	36	255	1d0000000000a8430000404300008043c800000001000000e8030000
ecldata5.ecl	0	44880	2630	2	36	255	1d000000000040420000404300008043c800000000000000e8030000
ecldata5.ecl	0	44916	2640	4	36	255	1d0000000000a8430000404300009043c800000000000000e8030000
ecldata5.ecl	0	44952	2650	2	36	255	1d000000000040420000404300009043c800000000000000e8030000
ecldata5.ecl	0	44988	2790	0	32	255	2100000000004043000080c1f401000001000000e8030000
ecldata5.ecl	0	45020	3050	0	32	255	0900000000004043000080c178050000feffffffe8030000
ecldata5.ecl	0	45052	3290	0	32	255	0900000000008042000080c178050000feffffffe8030000
ecldata5.ecl	0	45084	3530	1	32	255	090000000000a043000080c178050000feffffffe8030000
ecldata5.ecl	0	45116	3770	0	32	255	0a00000000004043000080c178050000feffffffe8030000
ecldata5.ecl	0	45148	3970	1	32	255	0a0000000000a043000080c178050000feffffffe8030000
ecldata5.ecl	0	45180	4170	0	32	255	0a00000000008042000080c178050000feffffffe8030000
ecldata5.ecl	0	45212	4470	0	32	255	2100000000004043000080c1f401000001000000e8030000
ecldata5.ecl	0	45244	4530	0	32	255	2600000000004043000080c1983a000001000000e8030000
ecldata5.ecl	0	45276	4531	10	12	255	00000000
ecldata5.ecl	0	45288	4711	2	36	255	1f000000000040420000204300000042c800000001000000e8030000
ecldata5.ecl	0	45324	4721	2	36	255	1f000000000040420000204300008042c800000001000000e8030000
ecldata5.ecl	0	45360	4731	2	36	255	1f00000000004042000020430000c042c800000000000000e8030000
ecldata5.ecl	0	45396	4741	2	36	255	1f000000000040420000204300000043c800000000000000e8030000
ecldata5.ecl	0	45432	4751	2	36	255	1f000000000040420000204300002043c800000001000000e8030000
ecldata5.ecl	0	45468	4761	2	36	255	1f000000000040420000204300004043c800000001000000e8030000
ecldata5.ecl	0	45504	4771	2	36	255	1f000000000040420000204300006043c800000000000000e8030000
ecldata5.ecl	0	45540	4781	2	36	255	1f000000000040420000204300008043c800000000000000e8030000
ecldata5.ecl	0	45576	4781	0	32	255	2200000000004043000080c1f401000001000000e8030000
ecldata5.ecl	0	45608	4981	4	36	255	1f0000000000a8430000204300000042c800000001000000e8030000
ecldata5.ecl	0	45644	4991	4	36	255	1f0000000000a8430000204300008042c800000001000000e8030000
ecldata5.ecl	0	45680	5001	4	36	255	1f0000000000a843000020430000c042c800000000000000e8030000
ecldata5.ecl	0	45716	5011	4	36	255	1f0000000000a8430000204300000043c800000000000000e8030000
ecldata5.ecl	0	45752	5021	4	36	255	1f0000000000a8430000204300002043c800000001000000e8030000
ecldata5.ecl	0	45788	5031	4	36	255	1f0000000000a8430000204300004043c800000001000000e8030000
ecldata5.ecl	0	45824	5041	4	36	255	1f0000000000a8430000204300006043c800000000000000e8030000
ecldata5.ecl	0	45860	5051	4	36	255	1f0000000000a8430000204300008043c800000000000000e8030000
ecldata5.ecl	0	45896	5051	0	32	255	2200000000000043000080c1f401000001000000e8030000
ecldata5.ecl	0	45928	5051	1	32	255	2200000000008043000080c1f401000001000000e8030000
ecldata5.ecl	0	45960	5251	2	36	255	1f000000000040420000204300000042c800000001000000e8030000
ecldata5.ecl	0	45996	5261	2	36	255	1f000000000040420000204300008042c800000001000000e8030000
ecldata5.ecl	0	46032	5271	2	36	255	1f00000000004042000020430000c042c800000000000000e8030000
ecldata5.ecl	0	46068	5281	2	36	255	1f000000000040420000204300000043c800000000000000e8030000
ecldata5.ecl	0	46104	5291	2	36	255	1f000000000040420000204300002043c800000001000000e8030000
ecldata5.ecl	0	46140	5301	2	36	255	1f000000000040420000204300004043c800000001000000e8030000
ecldata5.ecl	0	46176	5311	2	36	255	1f000000000040420000204300006043c800000000000000e8030000
ecldata5.ecl	0	46212	5321	2	36	255	1f000000000040420000204300008043c800000000000000e8030000
ecldata5.ecl	0	46248	5321	0	32	255	2200000000000043000080c1f401000001000000e8030000
ecldata5.ecl	0	46280	5321	1	32	255	2200000000008043000080c1f401000001000000e8030000
ecldata5.ecl	0	46312	5521	4	36	255	1f0000000000a8430000204300000042c800000001000000e8030000
ecldata5.ecl	0	46348	5531	4	36	255	1f0000000000a8430000204300008042c800000001000000e8030000
ecldata5.ecl	0	46384	5541	4	36	255	1f0000000000a843000020430000c042c800000000000000e8030000
ecldata5.ecl	0	46420	5551	4	36	255	1f0000000000a8430000204300000043c800000000000000e8030000
ecldata5.ecl	0	46456	5561	4	36	255	1f0000000000a8430000204300002043c800000001000000e8030000
ecldata5.ecl	0	46492	5571	4	36	255	1f0000000000a8430000204300004043c800000001000000e8030000
ecldata5.ecl	0	46528	5581	4	36	255	1f0000000000a8430000204300006043c800000000000000e8030000
ecldata5.ecl	0	46564	5591	4	36	255	1f0000000000a8430000204300008043c800000000000000e8030000
ecldata5.ecl	0	46600	5591	0	32	255	220000000000c042000080c1f401000001000000e8030000
ecldata5.ecl	0	46632	5591	1	32	255	2200000000009043000080c1f401000001000000e8030000
ecldata5.ecl	0	46664	6031	0	32	255	0f00000000004043000080c1b80b0000feffffffe8030000
ecldata5.ecl	0	46696	6131	0	32	255	2200000000000043000080c1f401000001000000e8030000
ecldata5.ecl	0	46728	6131	1	32	255	2400000000008043000080c1f401000001000000e8030000
ecldata5.ecl	0	46760	6531	1	32	255	0a0000000000a043000080c178050000feffffffe8030000
ecldata5.ecl	0	46792	6531	0	32	255	240000000000c042000080c1f401000001000000e8030000
ecldata5.ecl	0	46824	6531	1	32	255	2200000000009043000080c1f401000001000000e8030000
ecldata5.ecl	0	46856	6631	0	32	255	0a00000000008042000080c178050000feffffffe8030000
ecldata5.ecl	0	46888	6931	0	32	255	1600000000006043000080c1dc05000003000000e8030000
ecldata5.ecl	0	46920	6931	0	32	255	1600000000002043000080c1dc05000003000000e8030000
ecldata5.ecl	0	46952	6931	1	32	255	2200000000004043000080c1f401000001000000e8030000
ecldata5.ecl	0	46984	7481	6	12	255	00000000
ecldata5.ecl	0	46996	7481	7	8	255	
ecldata5.ecl	0	47004	7481	0	32	255	3000000000004043000080c160ea0000feffffffa0860100
ecldata5.ecl	0	47036	7482	7	8	255	
ecldata5.ecl	0	47044	7482	15	32	255	3100000000004043000080c160ea0000feffffffa0860100
ecldata5.ecl	0	47076	7483	7	8	255	
ecldata5.ecl	0	47084	7483	8	16	255	0100000001000000
ecldata5.ecl	0	47100	7484	7	8	255	
ecldata5.ecl	0	47108	7484	8	16	255	0000000001000000
ecldata5.ecl	0	47124	7484	10	12	255	00000000
ecldata5.ecl	0	47136	7484	0	32	254	3c000000000040430000204360ea0000feffffffa0860100
ecldata5.ecl	0	47168	7485	10	12	254	00000000
ecldata5.ecl	0	47180	7485	6	12	255	0a000000
ecldata5.ecl	0	47192	7485	7	8	255	
ecldata5sp.ecl	0	31060	1	0	32	255	000000000000f041000080c114000000feffffffe8030000
ecldata5sp.ecl	0	31092	30	0	32	255	340000000000f041000080c114000000feffffffe8030000
ecldata5sp.ecl	0	31124	30	10	12	255	00000000
ecldata5sp.ecl	0	31136	60	16	8	255	
ecldata6.ecl	0	50932	260	0	32	255	00000000000000c200004042e8030000feffffffe8030000
ecldata6.ecl	0	50964	1200	0	32	255	07000000000000c200000043d007000002000000e8030000
ecldata6.ecl	0	50996	1700	0	32	255	07000000000000c200007042d007000002000000e8030000
ecldata6.ecl	0	51028	2100	0	32	255	07000000000000c20000c042d007000002000000e8030000
ecldata6.ecl	0	51060	2400	0	32	255	07000000000000c200002043d007000002000000e8030000
ecldata6.ecl	0	51092	2700	0	32	255	07000000000000c200000043d007000002000000e8030000
ecldata6.ecl	0	51124	3000	0	32	255	07000000000000c200000042d007000002000000e8030000
ecldata6.ecl	0	51156	3400	0	32	255	1000000000004043000080c160ea0000feffffffa0860100
ecldata6.ecl	0	51188	3420	6	12	255	02000000
ecldata6.ecl	0	51200	3421	7	8	255	
ecldata6.ecl	0	51208	3421	8	16	255	0000000001000000
ecldata6.ecl	0	51224	3422	10	12	255	00000000
ecldata6.ecl	0	51236	4022	6	12	255	00000000
ecldata6.ecl	0	51248	4022	7	8	255	
ecldata6.ecl	0	51256	4022	0	32	255	1c00000000004043000080c160ea0000feffffffa0860100
ecldata6.ecl	0	51288	4023	7	8	255	
ecldata6.ecl	0	51296	4023	8	16	255	0000000001000000
ecldata6.ecl	0	51312	4023	10	12	255	00000000
ecldata6.ecl	0	51324	4023	6	12	255	04000000
ecldata6.ecl	0	51336	4083	6	12	255	03000000
ecldata6.ecl	0	51348	4083	7	8	255	
ecldata6.ecl	0	51356	4083	0	32	255	1d00000000004043000080c160ea0000feffffffa0860100
ecldata6.ecl	0	51388	4084	7	8	255	
ecldata6.ecl	0	51396	4084	8	16	255	0100000001000000
ecldata6.ecl	0	51412	4084	10	12	255	01000000
ecldata6.ecl	0	51424	4264	0	32	255	30000000000040430000404360ea0000feffffffa0860100
ecldata6.ecl	0	51456	4264	10	12	255	00000000
ecldata6.ecl	0	51468	4264	6	12	255	05000000
ecldata6.ecl	0	51480	4265	7	8	255	
ecldata6sp.ecl	0	50720	1	0	32	255	030000000000f041000080c114000000feffffffe8030000
ecldata6sp.ecl	0	50752	30	0	32	255	500000000000f041000080c114000000feffffffe8030000
ecldata6sp.ecl	0	50784	30	10	12	255	00000000
ecldata6sp.ecl	0	50796	60	16	8	255	
ecldata7.ecl	0	66340	260	1	32	255	000000000000d04300004042e8030000feffffffe8030000
ecldata7.ecl	0	66372	320	0	32	255	00000000000000c200004042e8030000feffffffe8030000
ecldata7.ecl	0	66404	1200	0	32	255	07000000000000c2000000431405000002000000e8030000
ecldata7.ecl	0	66436	1230	0	32	255	07000000000000c20000c0421405000002000000e8030000
ecldata7.ecl	0	66468	1260	0	32	255	07000000000000c2000070421405000002000000e8030000
ecldata7.ecl	0	66500	1860	0	32	255	07000000000000c2000070421405000002000000e8030000
ecldata7.ecl	0	66532	1890	0	32	255	07000000000000c20000c0421405000002000000e8030000
ecldata7.ecl	0	66564	1920	0	32	255	07000000000000c2000000431405000002000000e8030000
ecldata7.ecl	0	66596	2470	0	32	255	07000000000000c2000070421405000002000000e8030000
ecldata7.ecl	0	66628	2500	0	32	255	07000000000000c20000c0421405000002000000e8030000
ecldata7.ecl	0	66660	2530	0	32	255	07000000000000c2000000431405000002000000e8030000
ecldata7.ecl	0	66692	3030	0	32	255	07000000000000c2000010431405000002000000e8030000
ecldata7.ecl	0	66724	3060	0	32	255	07000000000000c20000c0421405000002000000e8030000
ecldata7.ecl	0	66756	3090	0	32	255	07000000000000c2000000431405000002000000e8030000
ecldata7.ecl	0	66788	3490	0	32	255	0e00000000004043000080c160ea0000feffffffa0860100
ecldata7.ecl	0	66820	3510	6	12	255	02000000
ecldata7.ecl	0	66832	3511	7	8	255	
ecldata7.ecl	0	66840	3511	8	16	255	0000000001000000
ecldata7.ecl	0	66856	3512	10	12	255	00000000
ecldata7.ecl	0	66868	4112	6	12	255	00000000
ecldata7.ecl	0	66880	4112	7	8	255	
ecldata7.ecl	0	66888	4112	0	32	255	1a00000000004043000080c160ea0000feffffffa0860100
ecldata7.ecl	0	66920	4113	7	8	255	
ecldata7.ecl	0	66928	4113	8	16	255	0000000001000000
ecldata7.ecl	0	66944	4113	10	12	255	00000000
ecldata7.ecl	0	66956	4113	6	12	255	04000000
ecldata7.ecl	0	66968	4173	6	12	255	03000000
ecldata7.ecl	0	66980	4174	7	8	255	
ecldata7.ecl	0	66988	4234	0	32	255	2a000000000040430000404360ea0000feffffffa0860100
ecldata7.ecl	0	67020	4234	10	12	255	00000000
ecldata7.ecl	0	67032	4234	6	12	255	06000000
ecldata7.ecl	0	67044	4235	7	8	255	
ecldata7.ecl	0	67052	4235	0	32	255	2e000000000040430000404360ea0000feffffffa0860100
ecldata7.ecl	0	67084	4235	10	12	255	00000000
ecldata7.ecl	0	67096	4235	6	12	255	07000000
ecldata7.ecl	0	67108	4236	7	8	255	
ecldata7.ecl	0	67116	4236	0	32	255	2f000000000040430000404360ea0000feffffffa0860100
ecldata7.ecl	0	67148	4236	10	12	255	00000000
ecldata7.ecl	0	67160	4236	6	12	255	08000000
ecldata7.ecl	0	67172	4237	7	8	255	
ecldata7.ecl	0	67180	4237	0	32	255	30000000000040430000404360ea0000feffffffa0860100
ecldata7.ecl	0	67212	4237	10	12	255	00000000
ecldata7.ecl	0	67224	4237	6	12	255	09000000
ecldata7.ecl	0	67236	4238	7	8	255	
ecldata7.ecl	0	67244	4238	0	32	255	31000000000040430000404360ea0000feffffffa0860100
ecldata7.ecl	0	67276	4238	10	12	255	00000000
ecldata7.ecl	0	67288	4238	6	12	255	05000000
ecldata7.ecl	0	67300	4239	7	8	255	
ecldata7sp.ecl	0	70684	1	0	32	255	030000000000f041000080c114000000feffffffe8030000
ecldata7sp.ecl	0	70716	30	0	32	255	530000000000f041000080c114000000feffffffe8030000
ecldata7sp.ecl	0	70748	30	10	12	255	00000000
ecldata7sp.ecl	0	70760	60	16	8	255	
ecldata8.ecl	0	75076	400	0	32	255	02000000000000420000e8430a00000000000000e8030000
ecldata8.ecl	0	75108	400	14	12	255	01000000
ecldata8.ecl	0	75120	410	0	32	255	02000000000000420000e8430a00000000000000e8030000
ecldata8.ecl	0	75152	420	0	32	255	02000000000000420000e8430a00000000000000e8030000
ecldata8.ecl	0	75184	430	0	32	255	02000000000000420000e8430a00000000000000e8030000
ecldata8.ecl	0	75216	440	0	32	255	02000000000000420000e8430a00000000000000e8030000
ecldata8.ecl	0	75248	450	0	32	255	02000000000000420000e8430a00000000000000e8030000
ecldata8.ecl	0	75280	570	0	32	255	02000000000000420000e8430a00000001000000e8030000
ecldata8.ecl	0	75312	570	14	12	255	01000000
ecldata8.ecl	0	75324	580	0	32	255	02000000000000420000e8430a00000001000000e8030000
ecldata8.ecl	0	75356	590	0	32	255	02000000000000420000e8430a00000001000000e8030000
ecldata8.ecl	0	75388	600	0	32	255	02000000000000420000e8430a00000001000000e8030000
ecldata8.ecl	0	75420	610	0	32	255	02000000000000420000e8430a00000001000000e8030000
ecldata8.ecl	0	75452	620	0	32	255	02000000000000420000e8430a00000001000000e8030000
ecldata8.ecl	0	75484	740	0	32	255	02000000000000420000e8430a00000000000000e8030000
ecldata8.ecl	0	75516	740	14	12	255	01000000
ecldata8.ecl	0	75528	750	0	32	255	02000000000000420000e8430a00000000000000e8030000
ecldata8.ecl	0	75560	760	0	32	255	02000000000000420000e8430a00000000000000e8030000
ecldata8.ecl	0	75592	770	0	32	255	02000000000000420000e8430a00000002000000e8030000
ecldata8.ecl	0	75624	780	0	32	255	02000000000000420000e8430a00000002000000e8030000
ecldata8.ecl	0	75656	790	0	32	255	02000000000000420000e8430a00000002000000e8030000
ecldata8.ecl	0	75688	1070	0	32	255	0a00000000000043000080c1f401000002000000e8030000
ecldata8.ecl	0	75720	1070	1	32	255	0b00000000008043000080c1f401000002000000e8030000
ecldata8.ecl	0	75752	1270	0	32	255	0f000000000000c2000060422003000002000000e8030000
ecldata8.ecl	0	75784	1470	1	32	255	0f0000000000d043000060422003000002000000e8030000
ecldata8.ecl	0	75816	1670	0	32	255	0f000000000020c2000020422003000002000000e8030000
ecldata8.ecl	0	75848	1870	1	32	255	0f0000000000d44300002042bc02000002000000e8030000
ecldata8.ecl	0	75880	1990	0	32	255	04000000000000420000e8430a00000001000000e8030000
ecldata8.ecl	0	75912	1990	14	12	255	01000000
ecldata8.ecl	0	75924	2000	0	32	255	04000000000000420000e8430a00000001000000e8030000
ecldata8.ecl	0	75956	2010	0	32	255	04000000000000420000e8430a00000001000000e8030000
ecldata8.ecl	0	75988	2020	0	32	255	04000000000000420000e8430a00000001000000e8030000
ecldata8.ecl	0	76020	2030	0	32	255	04000000000000420000e8430a00000001000000e8030000
ecldata8.ecl	0	76052	2040	0	32	255	04000000000000420000e8430a00000001000000e8030000
ecldata8.ecl	0	76084	2140	0	32	255	04000000000000420000e8430a00000000000000e8030000
ecldata8.ecl	0	76116	2140	14	12	255	01000000
ecldata8.ecl	0	76128	2150	0	32	255	04000000000000420000e8430a00000000000000e8030000
ecldata8.ecl	0	76160	2160	0	32	255	04000000000000420000e8430a00000000000000e8030000
ecldata8.ecl	0	76192	2170	0	32	255	04000000000000420000e8430a00000000000000e8030000
ecldata8.ecl	0	76224	2180	0	32	255	04000000000000420000e8430a00000000000000e8030000
ecldata8.ecl	0	76256	2190	0	32	255	04000000000000420000e8430a00000000000000e8030000
ecldata8.ecl	0	76288	2280	0	32	255	04000000000000420000e8430a00000001000000e8030000
ecldata8.ecl	0	76320	2280	14	12	255	01000000
ecldata8.ecl	0	76332	2290	0	32	255	04000000000000420000e8430a00000001000000e8030000
ecldata8.ecl	0	76364	2300	0	32	255	04000000000000420000e8430a00000001000000e8030000
ecldata8.ecl	0	76396	2310	0	32	255	04000000000000420000e8430a00000001000000e8030000
ecldata8.ecl	0	76428	2320	0	32	255	04000000000000420000e8430a00000001000000e8030000
ecldata8.ecl	0	76460	2330	0	32	255	04000000000000420000e8430a00000001000000e8030000
ecldata8.ecl	0	76492	2560	0	32	255	0a00000000008042000080c12c01000002000000e8030000
ecldata8.ecl	0	76524	2560	0	32	255	0a00000000004043000080c12c01000002000000e8030000
ecldata8.ecl	0	76556	2560	0	32	255	0a0000000000a043000080c12c01000002000000e8030000
ecldata8.ecl	0	76588	2660	0	32	255	0b00000000000043000080c12c01000002000000e8030000
ecldata8.ecl	0	76620	2660	0	32	255	0b00000000008043000080c12c01000002000000e8030000
ecldata8.ecl	0	76652	2960	0	32	255	06000000000000420000e8430a00000000000000e8030000
ecldata8.ecl	0	76684	2960	14	12	255	01000000
ecldata8.ecl	0	76696	2970	0	32	255	06000000000000420000e8430a00000000000000e8030000
ecldata8.ecl	0	76728	2980	0	32	255	06000000000000420000e8430a00000000000000e8030000
ecldata8.ecl	0	76760	2990	0	32	255	06000000000000420000e8430a00000001000000e8030000
ecldata8.ecl	0	76792	3000	0	32	255	06000000000000420000e8430a00000001000000e8030000
ecldata8.ecl	0	76824	3010	0	32	255	06000000000000420000e8430a00000001000000e8030000
ecldata8.ecl	0	76856	3020	0	32	255	06000000000000420000e8430a00000000000000e8030000
ecldata8.ecl	0	76888	3030	0	32	255	06000000000000420000e8430a00000000000000e8030000
ecldata8.ecl	0	76920	3040	0	32	255	06000000000000420000e8430a00000001000000e8030000
ecldata8.ecl	0	76952	3050	0	32	255	06000000000000420000e8430a00000001000000e8030000
ecldata8.ecl	0	76984	3060	0	32	255	06000000000000420000e8430a00000001000000e8030000
ecldata8.ecl	0	77016	3260	0	32	255	06000000000000420000e8430a00000000000000e8030000
ecldata8.ecl	0	77048	3260	14	12	255	01000000
ecldata8.ecl	0	77060	3270	0	32	255	06000000000000420000e8430a00000000000000e8030000
ecldata8.ecl	0	77092	3280	0	32	255	06000000000000420000e8430a00000000000000e8030000
ecldata8.ecl	0	77124	3290	0	32	255	06000000000000420000e8430a00000001000000e8030000
ecldata8.ecl	0	77156	3300	0	32	255	06000000000000420000e8430a00000001000000e8030000
ecldata8.ecl	0	77188	3310	0	32	255	06000000000000420000e8430a00000001000000e8030000
ecldata8.ecl	0	77220	3320	0	32	255	06000000000000420000e8430a00000000000000e8030000
ecldata8.ecl	0	77252	3330	0	32	255	06000000000000420000e8430a00000000000000e8030000
ecldata8.ecl	0	77284	3340	0	32	255	06000000000000420000e8430a00000001000000e8030000
ecldata8.ecl	0	77316	3350	0	32	255	06000000000000420000e8430a00000001000000e8030000
ecldata8.ecl	0	77348	3360	0	32	255	06000000000000420000e8430a00000001000000e8030000
ecldata8.ecl	0	77380	3690	0	32	255	0a00000000008042000080c12c01000002000000e8030000
ecldata8.ecl	0	77412	3690	0	32	255	0b00000000000043000080c12c01000002000000e8030000
ecldata8.ecl	0	77444	3690	0	32	255	0a00000000004043000080c12c01000002000000e8030000
ecldata8.ecl	0	77476	3690	0	32	255	0b00000000008043000080c12c01000002000000e8030000
ecldata8.ecl	0	77508	3690	0	32	255	0a0000000000a043000080c12c01000002000000e8030000
ecldata8.ecl	0	77540	3990	0	32	255	0000000000000042000000c20a00000000000000e8030000
ecldata8.ecl	0	77572	3990	14	12	255	01000000
ecldata8.ecl	0	77584	4000	0	32	255	0000000000000042000000c20a00000000000000e8030000
ecldata8.ecl	0	77616	4010	0	32	255	0000000000000042000000c20a00000000000000e8030000
ecldata8.ecl	0	77648	4020	0	32	255	0000000000000042000000c20a00000000000000e8030000
ecldata8.ecl	0	77680	4030	0	32	255	0000000000000042000000c20a00000000000000e8030000
ecldata8.ecl	0	77712	4040	0	32	255	0000000000000042000000c20a00000000000000e8030000
ecldata8.ecl	0	77744	4160	0	32	255	0000000000000042000000c20a00000001000000e8030000
ecldata8.ecl	0	77776	4160	14	12	255	01000000
ecldata8.ecl	0	77788	4170	0	32	255	0000000000000042000000c20a00000001000000e8030000
ecldata8.ecl	0	77820	4180	0	32	255	0000000000000042000000c20a00000001000000e8030000
ecldata8.ecl	0	77852	4190	0	32	255	0000000000000042000000c20a00000001000000e8030000
ecldata8.ecl	0	77884	4200	0	32	255	0000000000000042000000c20a00000001000000e8030000
ecldata8.ecl	0	77916	4210	0	32	255	0000000000000042000000c20a00000001000000e8030000
ecldata8.ecl	0	77948	4330	0	32	255	0000000000000042000000c20a00000000000000e8030000
ecldata8.ecl	0	77980	4330	14	12	255	01000000
ecldata8.ecl	0	77992	4340	0	32	255	0000000000000042000000c20a00000000000000e8030000
ecldata8.ecl	0	78024	4350	0	32	255	0000000000000042000000c20a00000000000000e8030000
ecldata8.ecl	0	78056	4360	0	32	255	0000000000000042000000c20a00000002000000e8030000
ecldata8.ecl	0	78088	4370	0	32	255	0000000000000042000000c20a00000002000000e8030000
ecldata8.ecl	0	78120	4380	0	32	255	0000000000000042000000c20a00000002000000e8030000
ecldata8.ecl	0	78152	4660	0	32	255	0a00000000000042000080c22c01000001000000e8030000
ecldata8.ecl	0	78184	4660	0	32	255	0b0000000000a042000080c22c01000002000000e8030000
ecldata8.ecl	0	78216	4660	0	32	255	0a00000000000043000080c22c01000001000000e8030000
ecldata8.ecl	0	78248	4660	0	32	255	0b00000000003043000080c22c01000002000000e8030000
ecldata8.ecl	0	78280	4660	0	32	255	0a00000000006043000080c22c01000001000000e8030000
ecldata8.ecl	0	78312	4660	0	32	255	0b00000000008843000080c22c01000002000000e8030000
ecldata8.ecl	0	78344	4660	0	32	255	0a0000000000a043000080c22c01000001000000e8030000
ecldata8.ecl	0	78376	4660	0	32	255	0b0000000000b843000080c22c01000002000000e8030000
ecldata8.ecl	0	78408	4895	0	32	255	2d0000000000c843000080c22c010000feffffffe8030000
ecldata8.ecl	0	78440	5155	0	32	255	3200000000004043000080c160ea0000feffffffa0860100
ecldata8.ecl	0	78472	5175	6	12	255	02000000
ecldata8.ecl	0	78484	5176	7	8	255	
ecldata8.ecl	0	78492	5176	8	16	255	0000000001000000
ecldata8.ecl	0	78508	5177	10	12	255	00000000
ecldata8.ecl	0	78520	5297	0	32	255	0800000000000042000000c20a00000000000000e8030000
ecldata8.ecl	0	78552	5297	14	12	255	01000000
ecldata8.ecl	0	78564	5307	0	32	255	0800000000000042000000c20a00000000000000e8030000
ecldata8.ecl	0	78596	5317	0	32	255	0800000000000042000000c20a00000000000000e8030000
ecldata8.ecl	0	78628	5327	0	32	255	0800000000000042000000c20a00000000000000e8030000
ecldata8.ecl	0	78660	5337	0	32	255	0800000000000042000000c20a00000000000000e8030000
ecldata8.ecl	0	78692	5347	0	32	255	0800000000000042000000c20a00000000000000e8030000
ecldata8.ecl	0	78724	5367	0	32	255	0800000000000042000000c20a00000001000000e8030000
ecldata8.ecl	0	78756	5367	14	12	255	01000000
ecldata8.ecl	0	78768	5377	0	32	255	0800000000000042000000c20a00000001000000e8030000
ecldata8.ecl	0	78800	5387	0	32	255	0800000000000042000000c20a00000001000000e8030000
ecldata8.ecl	0	78832	5397	0	32	255	0800000000000042000000c20a00000001000000e8030000
ecldata8.ecl	0	78864	5407	0	32	255	0800000000000042000000c20a00000001000000e8030000
ecldata8.ecl	0	78896	5417	0	32	255	0800000000000042000000c20a00000001000000e8030000
ecldata8.ecl	0	78928	5437	0	32	255	06000000000000420000f0430a00000000000000e8030000
ecldata8.ecl	0	78960	5437	14	12	255	01000000
ecldata8.ecl	0	78972	5447	0	32	255	06000000000000420000f0430a00000000000000e8030000
ecldata8.ecl	0	79004	5457	0	32	255	06000000000000420000f0430a00000000000000e8030000
ecldata8.ecl	0	79036	5467	0	32	255	06000000000000420000f0430a00000002000000e8030000
ecldata8.ecl	0	79068	5477	0	32	255	06000000000000420000f0430a00000002000000e8030000
ecldata8.ecl	0	79100	5487	0	32	255	06000000000000420000f0430a00000002000000e8030000
ecldata8.ecl	0	79132	5507	0	32	255	0800000000000042000000c20a00000001000000e8030000
ecldata8.ecl	0	79164	5507	14	12	255	01000000
ecldata8.ecl	0	79176	5517	0	32	255	0800000000000042000000c20a00000001000000e8030000
ecldata8.ecl	0	79208	5527	0	32	255	0800000000000042000000c20a00000001000000e8030000
ecldata8.ecl	0	79240	5537	0	32	255	0800000000000042000000c20a00000001000000e8030000
ecldata8.ecl	0	79272	5547	0	32	255	0800000000000042000000c20a00000001000000e8030000
ecldata8.ecl	0	79304	5557	0	32	255	0800000000000042000000c20a00000001000000e8030000
ecldata8.ecl	0	79336	5577	0	32	255	06000000000000420000f0430a00000000000000e8030000
ecldata8.ecl	0	79368	5577	14	12	255	01000000
ecldata8.ecl	0	79380	5587	0	32	255	06000000000000420000f0430a00000000000000e8030000
ecldata8.ecl	0	79412	5597	0	32	255	06000000000000420000f0430a00000000000000e8030000
ecldata8.ecl	0	79444	5607	0	32	255	06000000000000420000f0430a00000002000000e8030000
ecldata8.ecl	0	79476	5617	0	32	255	06000000000000420000f0430a00000002000000e8030000
ecldata8.ecl	0	79508	5627	0	32	255	06000000000000420000f0430a00000002000000e8030000
ecldata8.ecl	0	79540	6007	0	32	255	0a00000000000043000080c1f401000002000000e8030000
ecldata8.ecl	0	79572	6007	1	32	255	0b00000000008043000080c1f401000002000000e8030000
ecldata8.ecl	0	79604	6207	0	32	255	16000000000000c200006042f401000002000000e8030000
ecldata8.ecl	0	79636	6337	1	32	255	160000000000d04300006042f401000002000000e8030000
ecldata8.ecl	0	79668	6467	0	32	255	16000000000000c200002042f401000002000000e8030000
ecldata8.ecl	0	79700	6597	1	32	255	160000000000d04300002042f401000002000000e8030000
ecldata8.ecl	0	79732	6847	0	32	255	2900000000000042000000c20a00000000000000e8030000
ecldata8.ecl	0	79764	6852	0	32	255	2900000000002042000000c20a00000001000000e8030000
ecldata8.ecl	0	79796	6857	0	32	255	2900000000004042000000c20a00000001000000e8030000
ecldata8.ecl	0	79828	6862	0	32	255	2900000000006042000000c20a00000000000000e8030000
ecldata8.ecl	0	79860	6867	0	32	255	2900000000008042000000c20a00000001000000e8030000
ecldata8.ecl	0	79892	6872	0	32	255	2900000000009042000000c20a00000001000000e8030000
ecldata8.ecl	0	79924	6877	0	32	255	290000000000a042000000c20a00000000000000e8030000
ecldata8.ecl	0	79956	6882	0	32	255	290000000000b042000000c20a00000001000000e8030000
ecldata8.ecl	0	79988	6887	0	32	255	290000000000c042000000c20a00000001000000e8030000
ecldata8.ecl	0	80020	6892	0	32	255	290000000000d042000000c20a00000000000000e8030000
ecldata8.ecl	0	80052	6897	0	32	255	290000000000e042000000c20a00000001000000e8030000
ecldata8.ecl	0	80084	6902	0	32	255	290000000000f042000000c20a00000001000000e8030000
ecldata8.ecl	0	80116	6907	0	32	255	2900000000000043000000c20a00000000000000e8030000
ecldata8.ecl	0	80148	6912	0	32	255	2900000000000843000000c20a00000001000000e8030000
ecldata8.ecl	0	80180	6917	0	32	255	2900000000001043000000c20a00000001000000e8030000
ecldata8.ecl	0	80212	6922	0	32	255	2900000000001843000000c20a00000000000000e8030000
ecldata8.ecl	0	80244	6927	0	32	255	2900000000002043000000c20a00000001000000e8030000
ecldata8.ecl	0	80276	6932	0	32	255	2900000000002843000000c20a00000001000000e8030000
ecldata8.ecl	0	80308	6937	0	32	255	2900000000003043000000c20a00000000000000e8030000
ecldata8.ecl	0	80340	6942	0	32	255	2900000000003843000000c20a00000001000000e8030000
ecldata8.ecl	0	80372	6947	0	32	255	2900000000004043000000c20a00000001000000e8030000
ecldata8.ecl	0	80404	6952	0	32	255	2900000000004843000000c20a00000000000000e8030000
ecldata8.ecl	0	80436	6957	0	32	255	2900000000005043000000c20a00000001000000e8030000
ecldata8.ecl	0	80468	6962	0	32	255	2900000000005843000000c20a00000001000000e8030000
ecldata8.ecl	0	80500	6967	0	32	255	2900000000006043000000c20a00000000000000e8030000
ecldata8.ecl	0	80532	6972	0	32	255	2900000000006843000000c20a00000001000000e8030000
ecldata8.ecl	0	80564	6977	0	32	255	2900000000007043000000c20a00000001000000e8030000
ecldata8.ecl	0	80596	6982	0	32	255	2900000000007843000000c20a00000000000000e8030000
ecldata8.ecl	0	80628	6987	0	32	255	2900000000008043000000c20a00000001000000e8030000
ecldata8.ecl	0	80660	6992	0	32	255	2900000000008443000000c20a00000001000000e8030000
ecldata8.ecl	0	80692	6997	0	32	255	2900000000008843000000c20a00000000000000e8030000
ecldata8.ecl	0	80724	7002	0	32	255	2900000000008c43000000c20a00000001000000e8030000
ecldata8.ecl	0	80756	7007	0	32	255	2900000000009043000000c20a00000001000000e8030000
ecldata8.ecl	0	80788	7012	0	32	255	2900000000009443000000c20a00000000000000e8030000
ecldata8.ecl	0	80820	7017	0	32	255	2900000000009843000000c20a00000001000000e8030000
ecldata8.ecl	0	80852	7022	0	32	255	2900000000009c43000000c20a00000001000000e8030000
ecldata8.ecl	0	80884	7027	0	32	255	290000000000a043000000c20a00000000000000e8030000
ecldata8.ecl	0	80916	7087	1	32	255	2a0000000000b043000000c20a00000001000000e8030000
ecldata8.ecl	0	80948	7092	1	32	255	2a0000000000ac43000000c20a00000001000000e8030000
ecldata8.ecl	0	80980	7097	1	32	255	2a0000000000a843000000c20a00000000000000e8030000
ecldata8.ecl	0	81012	7102	1	32	255	2a0000000000a443000000c20a00000001000000e8030000
ecldata8.ecl	0	81044	7107	1	32	255	2a0000000000a043000000c20a00000001000000e8030000
ecldata8.ecl	0	81076	7112	1	32	255	2a00000000009c43000000c20a00000000000000e8030000
ecldata8.ecl	0	81108	7117	1	32	255	2a00000000009843000000c20a00000001000000e8030000
ecldata8.ecl	0	81140	7122	1	32	255	2a00000000009443000000c20a00000001000000e8030000
ecldata8.ecl	0	81172	7127	1	32	255	2a00000000009043000000c20a00000000000000e8030000
ecldata8.ecl	0	81204	7132	1	32	255	2a00000000008c43000000c20a00000001000000e8030000
ecldata8.ecl	0	81236	7137	1	32	255	2a00000000008843000000c20a00000001000000e8030000
ecldata8.ecl	0	81268	7142	1	32	255	2a00000000008443000000c20a00000000000000e8030000
ecldata8.ecl	0	81300	7147	1	32	255	2a00000000008043000000c20a00000001000000e8030000
ecldata8.ecl	0	81332	7152	1	32	255	2a00000000007843000000c20a00000001000000e8030000
ecldata8.ecl	0	81364	7157	1	32	255	2a00000000007043000000c20a00000000000000e8030000
ecldata8.ecl	0	81396	7162	1	32	255	2a00000000006843000000c20a00000001000000e8030000
ecldata8.ecl	0	81428	7167	1	32	255	2a00000000006043000000c20a00000001000000e8030000
ecldata8.ecl	0	81460	7172	1	32	255	2a00000000005843000000c20a00000000000000e8030000
ecldata8.ecl	0	81492	7177	1	32	255	2a00000000005043000000c20a00000001000000e8030000
ecldata8.ecl	0	81524	7182	1	32	255	2a00000000004843000000c20a00000001000000e8030000
ecldata8.ecl	0	81556	7187	1	32	255	2a00000000004043000000c20a00000000000000e8030000
ecldata8.ecl	0	81588	7192	1	32	255	2a00000000003843000000c20a00000001000000e8030000
ecldata8.ecl	0	81620	7197	1	32	255	2a00000000003043000000c20a00000001000000e8030000
ecldata8.ecl	0	81652	7202	1	32	255	2a00000000002843000000c20a00000000000000e8030000
ecldata8.ecl	0	81684	7207	1	32	255	2a00000000002043000000c20a00000001000000e8030000
ecldata8.ecl	0	81716	7212	1	32	255	2a00000000001843000000c20a00000001000000e8030000
ecldata8.ecl	0	81748	7217	1	32	255	2a00000000001043000000c20a00000000000000e8030000
ecldata8.ecl	0	81780	7222	1	32	255	2a00000000000843000000c20a00000001000000e8030000
ecldata8.ecl	0	81812	7227	1	32	255	2a00000000000043000000c20a00000001000000e8030000
ecldata8.ecl	0	81844	7232	1	32	255	2a0000000000f042000000c20a00000000000000e8030000
ecldata8.ecl	0	81876	7237	1	32	255	2a0000000000e042000000c20a00000001000000e8030000
ecldata8.ecl	0	81908	7242	1	32	255	2a0000000000d042000000c20a00000001000000e8030000
ecldata8.ecl	0	81940	7247	1	32	255	2a0000000000c042000000c20a00000000000000e8030000
ecldata8.ecl	0	81972	7252	1	32	255	2a0000000000b042000000c20a00000001000000e8030000
ecldata8.ecl	0	82004	7257	1	32	255	2a0000000000a042000000c20a00000001000000e8030000
ecldata8.ecl	0	82036	7262	1	32	255	2a00000000009042000000c20a00000000000000e8030000
ecldata8.ecl	0	82068	7267	1	32	255	2a00000000008042000000c20a00000002000000e8030000
ecldata8.ecl	0	82100	7327	0	32	255	2b00000000000041000000c20a00000001000000e8030000
ecldata8.ecl	0	82132	7332	1	32	255	2b0000000000b443000000c20a00000001000000e8030000
ecldata8.ecl	0	82164	7337	0	32	255	2b00000000002042000000c20a00000000000000e8030000
ecldata8.ecl	0	82196	7342	1	32	255	2b0000000000a443000000c20a00000001000000e8030000
ecldata8.ecl	0	82228	7347	0	32	255	2b00000000009042000000c20a00000001000000e8030000
ecldata8.ecl	0	82260	7352	1	32	255	2b00000000009443000000c20a00000000000000e8030000
ecldata8.ecl	0	82292	7357	0	32	255	2b0000000000d042000000c20a00000001000000e8030000
ecldata8.ecl	0	82324	7362	1	32	255	2b00000000008443000000c20a00000001000000e8030000
ecldata8.ecl	0	82356	7367	0	32	255	2b00000000000843000000c20a00000000000000e8030000
ecldata8.ecl	0	82388	7372	1	32	255	2b00000000006843000000c20a00000001000000e8030000
ecldata8.ecl	0	82420	7377	0	32	255	2b00000000002843000000c20a00000001000000e8030000
ecldata8.ecl	0	82452	7382	1	32	255	2b00000000004843000000c20a00000000000000e8030000
ecldata8.ecl	0	82484	7387	0	32	255	2b00000000004843000000c20a00000001000000e8030000
ecldata8.ecl	0	82516	7392	1	32	255	2b00000000002843000000c20a00000001000000e8030000
ecldata8.ecl	0	82548	7397	0	32	255	2b00000000006843000000c20a00000000000000e8030000
ecldata8.ecl	0	82580	7402	1	32	255	2b00000000000843000000c20a00000001000000e8030000
ecldata8.ecl	0	82612	7407	0	32	255	2b00000000008443000000c20a00000001000000e8030000
ecldata8.ecl	0	82644	7412	1	32	255	2b0000000000d042000000c20a00000000000000e8030000
ecldata8.ecl	0	82676	7417	0	32	255	2b00000000009443000000c20a00000001000000e8030000
ecldata8.ecl	0	82708	7422	1	32	255	2b00000000009042000000c20a00000001000000e8030000
ecldata8.ecl	0	82740	7427	0	32	255	2b0000000000a443000000c20a00000000000000e8030000
ecldata8.ecl	0	82772	7432	1	32	255	2b00000000002042000000c20a00000001000000e8030000
ecldata8.ecl	0	82804	7437	0	32	255	2b0000000000b443000000c20a00000001000000e8030000
ecldata8.ecl	0	82836	7442	1	32	255	2b00000000000041000000c20a00000000000000e8030000
ecldata8.ecl	0	82868	7447	0	32	255	2b0000000000c443000000c20a00000001000000e8030000
ecldata8.ecl	0	82900	7452	1	32	255	2b0000000000c0c1000000c20a00000001000000e8030000
ecldata8.ecl	0	82932	7457	0	32	255	2b0000000000d443000000c20a00000000000000e8030000
ecldata8.ecl	0	82964	7517	1	32	255	2c0000000000b043000000c20a00000001000000e8030000
ecldata8.ecl	0	82996	7522	0	32	255	2c00000000002042000000c20a00000001000000e8030000
ecldata8.ecl	0	83028	7527	1	32	255	2c0000000000a843000000c20a00000000000000e8030000
ecldata8.ecl	0	83060	7532	0	32	255	2c00000000006042000000c20a00000001000000e8030000
ecldata8.ecl	0	83092	7537	1	32	255	2c0000000000a043000000c20a00000001000000e8030000
ecldata8.ecl	0	83124	7542	0	32	255	2c00000000009042000000c20a00000000000000e8030000
ecldata8.ecl	0	83156	7547	1	32	255	2c00000000009843000000c20a00000001000000e8030000
ecldata8.ecl	0	83188	7552	0	32	255	2c0000000000b042000000c20a00000001000000e8030000
ecldata8.ecl	0	83220	7557	1	32	255	2c00000000009043000000c20a00000000000000e8030000
ecldata8.ecl	0	83252	7562	0	32	255	2c0000000000d042000000c20a00000001000000e8030000
ecldata8.ecl	0	83284	7567	1	32	255	2c00000000008843000000c20a00000001000000e8030000
ecldata8.ecl	0	83316	7572	0	32	255	2c0000000000f042000000c20a00000000000000e8030000
ecldata8.ecl	0	83348	7577	1	32	255	2c00000000008043000000c20a00000001000000e8030000
ecldata8.ecl	0	83380	7582	0	32	255	2c00000000000843000000c20a00000001000000e8030000
ecldata8.ecl	0	83412	7587	1	32	255	2c00000000007043000000c20a00000000000000e8030000
ecldata8.ecl	0	83444	7592	0	32	255	2c00000000001843000000c20a00000001000000e8030000
ecldata8.ecl	0	83476	7597	1	32	255	2c00000000006043000000c20a00000001000000e8030000
ecldata8.ecl	0	83508	7602	0	32	255	2c00000000002843000000c20a00000000000000e8030000
ecldata8.ecl	0	83540	7607	1	32	255	2c00000000005043000000c20a00000001000000e8030000
ecldata8.ecl	0	83572	7612	0	32	255	2c00000000003843000000c20a00000001000000e8030000
ecldata8.ecl	0	83604	7617	1	32	255	2c00000000004043000000c20a00000000000000e8030000
ecldata8.ecl	0	83636	7622	0	32	255	2c00000000004843000000c20a00000001000000e8030000
ecldata8.ecl	0	83668	7627	1	32	255	2c00000000003043000000c20a00000001000000e8030000
ecldata8.ecl	0	83700	7632	0	32	255	2c00000000005843000000c20a00000000000000e8030000
ecldata8.ecl	0	83732	7637	1	32	255	2c00000000002043000000c20a00000001000000e8030000
ecldata8.ecl	0	83764	7642	0	32	255	2c00000000006843000000c20a00000001000000e8030000
ecldata8.ecl	0	83796	7647	1	32	255	2c00000000001043000000c20a00000000000000e8030000
ecldata8.ecl	0	83828	7652	0	32	255	2c00000000007843000000c20a00000001000000e8030000
ecldata8.ecl	0	83860	7657	1	32	255	2c00000000000043000000c20a00000001000000e8030000
ecldata8.ecl	0	83892	7662	0	32	255	2c00000000008443000000c20a00000000000000e8030000
ecldata8.ecl	0	83924	7667	1	32	255	2c0000000000e042000000c20a00000001000000e8030000
ecldata8.ecl	0	83956	7672	0	32	255	2c00000000008c43000000c20a00000001000000e8030000
ecldata8.ecl	0	83988	7677	1	32	255	2c0000000000c042000000c20a00000000000000e8030000
ecldata8.ecl	0	84020	7682	0	32	255	2c00000000009443000000c20a00000001000000e8030000
ecldata8.ecl	0	84052	7687	1	32	255	2c0000000000a042000000c20a00000001000000e8030000
ecldata8.ecl	0	84084	7692	0	32	255	2c00000000009c43000000c20a00000000000000e8030000
ecldata8.ecl	0	84116	7697	1	32	255	2c00000000008042000000c20a00000002000000e8030000
ecldata8.ecl	0	84148	7797	0	32	255	2900000000000042000000c20a00000000000000e8030000
ecldata8.ecl	0	84180	7802	0	32	255	2900000000002042000000c20a00000001000000e8030000
ecldata8.ecl	0	84212	7807	0	32	255	2900000000004042000000c20a00000001000000e8030000
ecldata8.ecl	0	84244	7812	0	32	255	2900000000006042000000c20a00000000000000e8030000
ecldata8.ecl	0	84276	7817	0	32	255	2900000000008042000000c20a00000001000000e8030000
ecldata8.ecl	0	84308	7822	0	32	255	2900000000009042000000c20a00000001000000e8030000
ecldata8.ecl	0	84340	7827	0	32	255	290000000000a042000000c20a00000000000000e8030000
ecldata8.ecl	0	84372	7832	0	32	255	290000000000b042000000c20a00000001000000e8030000
ecldata8.ecl	0	84404	7837	0	32	255	290000000000c042000000c20a00000001000000e8030000
ecldata8.ecl	0	84436	7842	0	32	255	290000000000d042000000c20a00000000000000e8030000
ecldata8.ecl	0	84468	7847	0	32	255	290000000000e042000000c20a00000001000000e8030000
ecldata8.ecl	0	84500	7852	0	32	255	290000000000f042000000c20a00000001000000e8030000
ecldata8.ecl	0	84532	7857	0	32	255	2900000000000043000000c20a00000000000000e8030000
ecldata8.ecl	0	84564	7862	0	32	255	2900000000000843000000c20a00000001000000e8030000
ecldata8.ecl	0	84596	7867	0	32	255	2900000000001043000000c20a00000001000000e8030000
ecldata8.ecl	0	84628	7872	0	32	255	2900000000001843000000c20a00000000000000e8030000
ecldata8.ecl	0	84660	7877	0	32	255	2900000000002043000000c20a00000001000000e8030000
ecldata8.ecl	0	84692	7882	0	32	255	2900000000002843000000c20a00000001000000e8030000
ecldata8.ecl	0	84724	7887	0	32	255	2900000000003043000000c20a00000000000000e8030000
ecldata8.ecl	0	84756	7892	0	32	255	2900000000003843000000c20a00000001000000e8030000
ecldata8.ecl	0	84788	7897	0	32	255	2900000000004043000000c20a00000001000000e8030000
ecldata8.ecl	0	84820	7902	0	32	255	2900000000004843000000c20a00000000000000e8030000
ecldata8.ecl	0	84852	7907	0	32	255	2900000000005043000000c20a00000001000000e8030000
ecldata8.ecl	0	84884	7912	0	32	255	2900000000005843000000c20a00000001000000e8030000
ecldata8.ecl	0	84916	7917	0	32	255	2900000000006043000000c20a00000000000000e8030000
ecldata8.ecl	0	84948	7922	0	32	255	2900000000006843000000c20a00000001000000e8030000
ecldata8.ecl	0	84980	7927	0	32	255	2900000000007043000000c20a00000001000000e8030000
ecldata8.ecl	0	85012	7932	0	32	255	2900000000007843000000c20a00000000000000e8030000
ecldata8.ecl	0	85044	7937	0	32	255	2900000000008043000000c20a00000001000000e8030000
ecldata8.ecl	0	85076	7942	0	32	255	2900000000008443000000c20a00000001000000e8030000
ecldata8.ecl	0	85108	7947	0	32	255	2900000000008843000000c20a00000000000000e8030000
ecldata8.ecl	0	85140	7952	0	32	255	2900000000008c43000000c20a00000001000000e8030000
ecldata8.ecl	0	85172	7957	0	32	255	2900000000009043000000c20a00000001000000e8030000
ecldata8.ecl	0	85204	7962	0	32	255	2900000000009443000000c20a00000000000000e8030000
ecldata8.ecl	0	85236	7967	0	32	255	2900000000009843000000c20a00000001000000e8030000
ecldata8.ecl	0	85268	7972	0	32	255	2900000000009c43000000c20a00000001000000e8030000
ecldata8.ecl	0	85300	7977	0	32	255	290000000000a043000000c20a00000000000000e8030000
ecldata8.ecl	0	85332	8037	1	32	255	2a0000000000b043000000c20a00000001000000e8030000
ecldata8.ecl	0	85364	8042	1	32	255	2a0000000000ac43000000c20a00000001000000e8030000
ecldata8.ecl	0	85396	8047	1	32	255	2a0000000000a843000000c20a00000000000000e8030000
ecldata8.ecl	0	85428	8052	1	32	255	2a0000000000a443000000c20a00000001000000e8030000
ecldata8.ecl	0	85460	8057	1	32	255	2a0000000000a043000000c20a00000001000000e8030000
ecldata8.ecl	0	85492	8062	1	32	255	2a00000000009c43000000c20a00000000000000e8030000
ecldata8.ecl	0	85524	8067	1	32	255	2a00000000009843000000c20a00000001000000e8030000
ecldata8.ecl	0	85556	8072	1	32	255	2a00000000009443000000c20a00000001000000e8030000
ecldata8.ecl	0	85588	8077	1	32	255	2a00000000009043000000c20a00000000000000e8030000
ecldata8.ecl	0	85620	8082	1	32	255	2a00000000008c43000000c20a00000001000000e8030000
ecldata8.ecl	0	85652	8087	1	32	255	2a00000000008843000000c20a00000001000000e8030000
ecldata8.ecl	0	85684	8092	1	32	255	2a00000000008443000000c20a00000000000000e8030000
ecldata8.ecl	0	85716	8097	1	32	255	2a00000000008043000000c20a00000001000000e8030000
ecldata8.ecl	0	85748	8102	1	32	255	2a00000000007843000000c20a00000001000000e8030000
ecldata8.ecl	0	85780	8107	1	32	255	2a00000000007043000000c20a00000000000000e8030000
ecldata8.ecl	0	85812	8112	1	32	255	2a00000000006843000000c20a00000001000000e8030000
ecldata8.ecl	0	85844	8117	1	32	255	2a00000000006043000000c20a00000001000000e8030000
ecldata8.ecl	0	85876	8122	1	32	255	2a00000000005843000000c20a00000000000000e8030000
ecldata8.ecl	0	85908	8127	1	32	255	2a00000000005043000000c20a00000001000000e8030000
ecldata8.ecl	0	85940	8132	1	32	255	2a00000000004843000000c20a00000001000000e8030000
ecldata8.ecl	0	85972	8137	1	32	255	2a00000000004043000000c20a00000000000000e8030000
ecldata8.ecl	0	86004	8142	1	32	255	2a00000000003843000000c20a00000001000000e8030000
ecldata8.ecl	0	86036	8147	1	32	255	2a00000000003043000000c20a00000001000000e8030000
ecldata8.ecl	0	86068	8152	1	32	255	2a00000000002843000000c20a00000000000000e8030000
ecldata8.ecl	0	86100	8157	1	32	255	2a00000000002043000000c20a00000001000000e8030000
ecldata8.ecl	0	86132	8162	1	32	255	2a00000000001843000000c20a00000001000000e8030000
ecldata8.ecl	0	86164	8167	1	32	255	2a00000000001043000000c20a00000000000000e8030000
ecldata8.ecl	0	86196	8172	1	32	255	2a00000000000843000000c20a00000001000000e8030000
ecldata8.ecl	0	86228	8177	1	32	255	2a00000000000043000000c20a00000001000000e8030000
ecldata8.ecl	0	86260	8182	1	32	255	2a0000000000f042000000c20a00000000000000e8030000
ecldata8.ecl	0	86292	8187	1	32	255	2a0000000000e042000000c20a00000001000000e8030000
ecldata8.ecl	0	86324	8192	1	32	255	2a0000000000d042000000c20a00000001000000e8030000
ecldata8.ecl	0	86356	8197	1	32	255	2a0000000000c042000000c20a00000000000000e8030000
ecldata8.ecl	0	86388	8202	1	32	255	2a0000000000b042000000c20a00000001000000e8030000
ecldata8.ecl	0	86420	8207	1	32	255	2a0000000000a042000000c20a00000001000000e8030000
ecldata8.ecl	0	86452	8212	1	32	255	2a00000000009042000000c20a00000000000000e8030000
ecldata8.ecl	0	86484	8217	1	32	255	2a00000000008042000000c20a00000002000000e8030000
ecldata8.ecl	0	86516	8397	0	32	255	0a00000000008042000080c12c01000002000000e8030000
ecldata8.ecl	0	86548	8397	0	32	255	0b00000000000043000080c12c01000002000000e8030000
ecldata8.ecl	0	86580	8397	0	32	255	0a00000000004043000080c12c01000002000000e8030000
ecldata8.ecl	0	86612	8397	0	32	255	0b00000000008043000080c12c01000002000000e8030000
ecldata8.ecl	0	86644	8397	0	32	255	0a0000000000a043000080c12c01000002000000e8030000
ecldata8.ecl	0	86676	8497	0	32	255	1d00000000004043000000c2a00f0000feffffffa0860100
ecldata8.ecl	0	86708	9497	6	12	255	00000000
ecldata8.ecl	0	86720	9497	7	8	255	
ecldata8.ecl	0	86728	9497	0	32	255	4100000000004043000080c160ea0000feffffffa0860100
ecldata8.ecl	0	86760	9498	7	8	255	
ecldata8.ecl	0	86768	9498	8	16	255	0000000001000000
ecldata8.ecl	0	86784	9498	10	12	255	00000000
ecldata8.ecl	0	86796	9678	0	32	255	54000000000040430000404360ea0000feffffffa0860100
ecldata8.ecl	0	86828	9678	10	12	255	00000000
ecldata8.ecl	0	86840	9678	6	12	255	01000000
ecldata8.ecl	0	86852	9679	7	8	255	
ecldata8.ecl	1	86876	20	13	12	255	01000000
ecldata8.ecl	1	86888	20	1	32	255	020000000000b0430000e8430a00000001000000e8030000
ecldata8.ecl	1	86920	30	1	32	255	020000000000b0430000e8430a00000001000000e8030000
ecldata8.ecl	1	86952	40	1	32	255	020000000000b0430000e8430a00000001000000e8030000
ecldata8.ecl	1	86984	50	1	32	255	020000000000b0430000e8430a00000001000000e8030000
ecldata8.ecl	1	87016	60	1	32	255	020000000000b0430000e8430a00000001000000e8030000
ecldata8.ecl	1	87048	70	1	32	255	020000000000b0430000e8430a00000001000000e8030000
ecldata8.ecl	1	87080	80	13	12	255	01000000
ecldata8.ecl	1	87092	80	1	32	255	020000000000b0430000e8430a00000000000000e8030000
ecldata8.ecl	1	87124	90	1	32	255	020000000000b0430000e8430a00000000000000e8030000
ecldata8.ecl	1	87156	100	1	32	255	020000000000b0430000e8430a00000000000000e8030000
ecldata8.ecl	1	87188	110	1	32	255	020000000000b0430000e8430a00000000000000e8030000
ecldata8.ecl	1	87220	120	1	32	255	020000000000b0430000e8430a00000000000000e8030000
ecldata8.ecl	1	87252	130	1	32	255	020000000000b0430000e8430a00000000000000e8030000
ecldata8.ecl	1	87284	140	13	12	255	01000000
ecldata8.ecl	1	87296	140	1	32	255	020000000000b0430000e8430a00000001000000e8030000
ecldata8.ecl	1	87328	150	1	32	255	020000000000b0430000e8430a00000001000000e8030000
ecldata8.ecl	1	87360	160	1	32	255	020000000000b0430000e8430a00000001000000e8030000
ecldata8.ecl	1	87392	170	1	32	255	020000000000b0430000e8430a00000002000000e8030000
ecldata8.ecl	1	87424	180	1	32	255	020000000000b0430000e8430a00000002000000e8030000
ecldata8.ecl	1	87456	190	1	32	255	020000000000b0430000e8430a00000002000000e8030000
ecldata8.ecl	1	87488	210	13	12	255	01000000
ecldata8.ecl	1	87500	210	1	32	255	040000000000b0430000e8430a00000001000000e8030000
ecldata8.ecl	1	87532	220	1	32	255	040000000000b0430000e8430a00000001000000e8030000
ecldata8.ecl	1	87564	230	1	32	255	040000000000b0430000e8430a00000001000000e8030000
ecldata8.ecl	1	87596	240	1	32	255	040000000000b0430000e8430a00000001000000e8030000
ecldata8.ecl	1	87628	250	1	32	255	040000000000b0430000e8430a00000001000000e8030000
ecldata8.ecl	1	87660	260	1	32	255	040000000000b0430000e8430a00000001000000e8030000
ecldata8.ecl	1	87692	270	13	12	255	01000000
ecldata8.ecl	1	87704	270	1	32	255	040000000000b0430000e8430a00000000000000e8030000
ecldata8.ecl	1	87736	280	1	32	255	040000000000b0430000e8430a00000000000000e8030000
ecldata8.ecl	1	87768	290	1	32	255	040000000000b0430000e8430a00000000000000e8030000
ecldata8.ecl	1	87800	300	1	32	255	040000000000b0430000e8430a00000000000000e8030000
ecldata8.ecl	1	87832	310	1	32	255	040000000000b0430000e8430a00000000000000e8030000
ecldata8.ecl	1	87864	320	1	32	255	040000000000b0430000e8430a00000000000000e8030000
ecldata8.ecl	1	87896	330	13	12	255	01000000
ecldata8.ecl	1	87908	330	1	32	255	040000000000b0430000e8430a00000001000000e8030000
ecldata8.ecl	1	87940	340	1	32	255	040000000000b0430000e8430a00000001000000e8030000
ecldata8.ecl	1	87972	350	1	32	255	040000000000b0430000e8430a00000001000000e8030000
ecldata8.ecl	1	88004	360	1	32	255	040000000000b0430000e8430a00000002000000e8030000
ecldata8.ecl	1	88036	370	1	32	255	040000000000b0430000e8430a00000002000000e8030000
ecldata8.ecl	1	88068	380	1	32	255	040000000000b0430000e8430a00000002000000e8030000
ecldata8.ecl	1	88100	390	13	12	255	01000000
ecldata8.ecl	1	88112	390	1	32	255	060000000000b0430000e8430a00000001000000e8030000
ecldata8.ecl	1	88144	400	1	32	255	060000000000b0430000e8430a00000001000000e8030000
ecldata8.ecl	1	88176	410	1	32	255	060000000000b0430000e8430a00000000000000e8030000
ecldata8.ecl	1	88208	420	1	32	255	060000000000b0430000e8430a00000000000000e8030000
ecldata8.ecl	1	88240	430	1	32	255	060000000000b0430000e8430a00000000000000e8030000
ecldata8.ecl	1	88272	440	1	32	255	060000000000b0430000e8430a00000001000000e8030000
ecldata8.ecl	1	88304	450	1	32	255	060000000000b0430000e8430a00000001000000e8030000
ecldata8.ecl	1	88336	460	1	32	255	060000000000b0430000e8430a00000000000000e8030000
ecldata8.ecl	1	88368	470	1	32	255	060000000000b0430000e8430a00000000000000e8030000
ecldata8.ecl	1	88400	480	1	32	255	060000000000b0430000e8430a00000001000000e8030000
ecldata8.ecl	1	88432	490	1	32	255	060000000000b0430000e8430a00000001000000e8030000
ecldata8.ecl	1	88464	500	13	12	255	01000000
ecldata8.ecl	1	88476	500	1	32	255	060000000000b0430000e8430a00000001000000e8030000
ecldata8.ecl	1	88508	510	1	32	255	060000000000b0430000e8430a00000001000000e8030000
ecldata8.ecl	1	88540	520	1	32	255	060000000000b0430000e8430a00000000000000e8030000
ecldata8.ecl	1	88572	530	1	32	255	060000000000b0430000e8430a00000000000000e8030000
ecldata8.ecl	1	88604	540	1	32	255	060000000000b0430000e8430a00000000000000e8030000
ecldata8.ecl	1	88636	550	1	32	255	060000000000b0430000e8430a00000001000000e8030000
ecldata8.ecl	1	88668	560	1	32	255	060000000000b0430000e8430a00000001000000e8030000
ecldata8.ecl	1	88700	570	1	32	255	060000000000b0430000e8430a00000000000000e8030000
ecldata8.ecl	1	88732	580	1	32	255	060000000000b0430000e8430a00000000000000e8030000
ecldata8.ecl	1	88764	590	1	32	255	060000000000b0430000e8430a00000001000000e8030000
ecldata8.ecl	1	88796	600	1	32	255	060000000000b0430000e8430a00000001000000e8030000
ecldata8.ecl	1	88828	620	13	12	255	01000000
ecldata8.ecl	1	88840	620	1	32	255	000000000000b043000000c20a00000001000000e8030000
ecldata8.ecl	1	88872	630	1	32	255	000000000000b043000000c20a00000001000000e8030000
ecldata8.ecl	1	88904	640	1	32	255	000000000000b043000000c20a00000001000000e8030000
ecldata8.ecl	1	88936	650	1	32	255	000000000000b043000000c20a00000001000000e8030000
ecldata8.ecl	1	88968	660	1	32	255	000000000000b043000000c20a00000001000000e8030000
ecldata8.ecl	1	89000	670	1	32	255	000000000000b043000000c20a00000001000000e8030000
ecldata8.ecl	1	89032	680	13	12	255	01000000
ecldata8.ecl	1	89044	680	1	32	255	000000000000b043000000c20a00000000000000e8030000
ecldata8.ecl	1	89076	690	1	32	255	000000000000b043000000c20a00000000000000e8030000
ecldata8.ecl	1	89108	700	1	32	255	000000000000b043000000c20a00000000000000e8030000
ecldata8.ecl	1	89140	710	1	32	255	000000000000b043000000c20a00000000000000e8030000
ecldata8.ecl	1	89172	720	1	32	255	000000000000b043000000c20a00000000000000e8030000
ecldata8.ecl	1	89204	730	1	32	255	000000000000b043000000c20a00000000000000e8030000
ecldata8.ecl	1	89236	740	13	12	255	01000000
ecldata8.ecl	1	89248	740	1	32	255	000000000000b043000000c20a00000001000000e8030000
ecldata8.ecl	1	89280	750	1	32	255	000000000000b043000000c20a00000001000000e8030000
ecldata8.ecl	1	89312	760	1	32	255	000000000000b043000000c20a00000001000000e8030000
ecldata8.ecl	1	89344	770	1	32	255	000000000000b043000000c20a00000002000000e8030000
ecldata8.ecl	1	89376	780	1	32	255	000000000000b043000000c20a00000002000000e8030000
ecldata8.ecl	1	89408	790	1	32	255	000000000000b043000000c20a00000002000000e8030000
ecldata8.ecl	1	89440	810	13	12	255	01000000
ecldata8.ecl	1	89452	810	1	32	255	080000000000b043000000c20a00000001000000e8030000
ecldata8.ecl	1	89484	820	1	32	255	080000000000b043000000c20a00000001000000e8030000
ecldata8.ecl	1	89516	830	1	32	255	080000000000b043000000c20a00000001000000e8030000
ecldata8.ecl	1	89548	840	1	32	255	080000000000b043000000c20a00000001000000e8030000
ecldata8.ecl	1	89580	850	1	32	255	080000000000b043000000c20a00000001000000e8030000
ecldata8.ecl	1	89612	860	1	32	255	080000000000b043000000c20a00000001000000e8030000
ecldata8.ecl	1	89644	870	13	12	255	01000000
ecldata8.ecl	1	89656	870	1	32	255	080000000000b043000000c20a00000000000000e8030000
ecldata8.ecl	1	89688	880	1	32	255	080000000000b043000000c20a00000000000000e8030000
ecldata8.ecl	1	89720	890	1	32	255	080000000000b043000000c20a00000000000000e8030000
ecldata8.ecl	1	89752	900	1	32	255	080000000000b043000000c20a00000000000000e8030000
ecldata8.ecl	1	89784	910	1	32	255	080000000000b043000000c20a00000000000000e8030000
ecldata8.ecl	1	89816	920	1	32	255	080000000000b043000000c20a00000000000000e8030000
ecldata8.ecl	1	89848	930	13	12	255	01000000
ecldata8.ecl	1	89860	930	1	32	255	060000000000b0430000f0430a00000001000000e8030000
ecldata8.ecl	1	89892	940	1	32	255	060000000000b0430000f0430a00000001000000e8030000
ecldata8.ecl	1	89924	950	1	32	255	060000000000b0430000f0430a00000001000000e8030000
ecldata8.ecl	1	89956	960	1	32	255	060000000000b0430000f0430a00000002000000e8030000
ecldata8.ecl	1	89988	970	1	32	255	060000000000b0430000f0430a00000002000000e8030000
ecldata8.ecl	1	90020	980	1	32	255	060000000000b0430000f0430a00000002000000e8030000
ecldata8.ecl	1	90052	990	13	12	255	01000000
ecldata8.ecl	1	90064	990	1	32	255	080000000000b043000000c20a00000000000000e8030000
ecldata8.ecl	1	90096	1000	1	32	255	080000000000b043000000c20a00000000000000e8030000
ecldata8.ecl	1	90128	1010	1	32	255	080000000000b043000000c20a00000000000000e8030000
ecldata8.ecl	1	90160	1020	1	32	255	080000000000b043000000c20a00000000000000e8030000
ecldata8.ecl	1	90192	1030	1	32	255	080000000000b043000000c20a00000000000000e8030000
ecldata8.ecl	1	90224	1040	1	32	255	080000000000b043000000c20a00000000000000e8030000
ecldata8.ecl	1	90256	1050	13	12	255	01000000
ecldata8.ecl	1	90268	1050	1	32	255	060000000000b0430000f0430a00000001000000e8030000
ecldata8.ecl	1	90300	1060	1	32	255	060000000000b0430000f0430a00000001000000e8030000
ecldata8.ecl	1	90332	1070	1	32	255	060000000000b0430000f0430a00000001000000e8030000
ecldata8.ecl	1	90364	1080	1	32	255	060000000000b0430000f0430a00000002000000e8030000
ecldata8.ecl	1	90396	1090	1	32	255	060000000000b0430000f0430a00000002000000e8030000
ecldata8.ecl	1	90428	1100	1	32	255	060000000000b0430000f0430a00000002000000e8030000
ecldata8sp.ecl	0	74332	1	0	32	255	030000000000f041000080c114000000feffffffe8030000
ecldata8sp.ecl	0	74364	30	0	32	255	740000000000f041000080c114000000feffffffe8030000
ecldata8sp.ecl	0	74396	30	10	12	255	00000000
ecldata8sp.ecl	0	74408	70	16	8	255	
ecldata_al.ecl	0	6740	1	0	32	255	000000000000f041000080c114000000feffffffe8030000
ecldata_al.ecl	0	6772	30	0	32	255	080000000000f041000080c114000000feffffffe8030000
ecldata_al.ecl	0	6804	30	10	12	255	00000000
ecldata_al.ecl	0	6816	70	16	8	255	
ecldata_rm.ecl	0	5800	1	0	32	255	000000000000f041000080c114000000feffffffe8030000
ecldata_rm.ecl	0	5832	30	0	32	255	080000000000f041000080c114000000feffffffe8030000
ecldata_rm.ecl	0	5864	30	10	12	255	00000000
ecldata_rm.ecl	0	5876	70	16	8	255	
ecldata_sk.ecl	0	6088	1	0	32	255	000000000000f041000080c114000000feffffffe8030000
ecldata_sk.ecl	0	6120	30	0	32	255	090000000000f041000080c114000000feffffffe8030000
ecldata_sk.ecl	0	6152	30	10	12	255	00000000
ecldata_sk.ecl	0	6164	70	16	8	255	
ecldata_yk.ecl	0	24288	1	0	32	255	000000000000f041000080c114000000feffffffe8030000
ecldata_yk.ecl	0	24320	30	0	32	255	120000000000f041000080c114000000feffffffe8030000
ecldata_yk.ecl	0	24352	30	10	12	255	00000000
ecldata_yk.ecl	0	24364	30	0	32	255	130000000000f041000080c114000000feffffffe8030000
ecldata_yk.ecl	0	24396	30	10	12	255	03000000
ecldata_yk.ecl	0	24408	70	16	8	255	
ecldata_ym.ecl	0	7368	1	0	32	255	000000000000f041000080c114000000feffffffe8030000
ecldata_ym.ecl	0	7400	30	0	32	255	0a0000000000f041000080c114000000feffffffe8030000
ecldata_ym.ecl	0	7432	30	10	12	255	00000000
ecldata_ym.ecl	0	7444	70	16	8	255	
ecldata_yy.ecl	0	9476	1	0	32	255	000000000000f041000080c114000000feffffffe8030000
ecldata_yy.ecl	0	9508	30	0	32	255	0b0000000000f041000080c114000000feffffffe8030000
ecldata_yy.ecl	0	9540	30	10	12	255	00000000
ecldata_yy.ecl	0	9552	70	16	8	255	
